--------- beginning of system
06-17 11:05:39.733 31070 31070 V Configuration: Updating configuration, locales updated from [] to [en_US]
06-17 11:05:40.441 31070 31070 I Quality : Odex status:io-error-no-oat filter:run-from-apk reason:unknown location:/data/app/~~HUiOBORIBvu8CLQcdhSCrg==/app.kanade.tachiyomi.at.debug-10ZXX9KsYhiIDZYFbXFh9g==/base.apk cost:691
06-17 11:05:40.457 31070 31070 D ResourcesManagerExtImpl: applyConfigurationToAppResourcesLocked app.getDisplayId() return callback.displayId:-1
06-17 11:05:40.734 31070 31314 I DisplayManager: Choreographer implicitly registered for the refresh rate.
06-17 11:05:40.735 31070 31070 D ResourcesManagerExtImpl: applyConfigurationToAppResourcesLocked app.getDisplayId() return callback.displayId:0
06-17 11:05:40.795 31070 31070 D OplusPredictiveBackController: should not HookOnBackInvokedCallbackEnabled for application eu.kanade.tachiyomi.ui.main.MainActivity@f50d63 hasOnBackInvokedCallBackEnabled
06-17 11:05:40.795 31070 31070 D OplusPredictiveBackController: should not HookOnBackInvokedCallbackEnabled for application eu.kanade.tachiyomi.ui.main.MainActivity@f50d63 hasOnBackInvokedCallBackEnabled
06-17 11:05:40.818 31070 31070 D ActivityThread: ComponentInfo{app.kanade.tachiyomi.at.debug/eu.kanade.tachiyomi.ui.main.MainActivity} checkFinished=false 2
06-17 11:05:40.818 31070 31070 D ResourcesManagerExtImpl: applyConfigurationToAppResourcesLocked app.getDisplayId() return callback.displayId:0
06-17 11:05:40.829 31070 31070 D OplusInputMethodUtil: init sDebug to false, init sDebugIme to false, init sAlwaysOn to false
06-17 11:05:40.829 31070 31070 D OplusInputMethodUtil: updateDebugToClass InputMethodManager.DEBUG = false
06-17 11:05:40.829 31070 31070 D OplusInputMethodUtil: updateDebugToClass ImeFocusController.DEBUG = false
06-17 11:05:40.829 31070 31070 D OplusInputMethodUtil: updateDebugToClass OnBackInvokedDispatcher.DEBUG = false
06-17 11:05:40.829 31070 31070 D OplusInputMethodUtil: updateDebugToClass InsetsController.DEBUG = false
06-17 11:05:40.829 31070 31070 D OplusInputMethodUtil: updateDebugToClass BaseInputConnection.DEBUG = false
06-17 11:05:40.903 31070 31070 I ViewRootImplExtImpl: not create nav bar bg layer surface is invalid title = app.kanade.tachiyomi.at.debug/eu.kanade.tachiyomi.ui.main.MainActivity
06-17 11:05:40.904 31070 31070 D ResourcesManagerExtImpl: applyConfigurationToAppResourcesLocked app.getDisplayId() return callback.displayId:0
06-17 11:05:41.984 31070 31070 D OplusPredictiveBackController: should not HookOnBackInvokedCallbackEnabled for application eu.kanade.tachiyomi.ui.main.MainActivity@f50d63 hasOnBackInvokedCallBackEnabled
06-17 11:05:41.992 31070 31070 D VRI[MainActivity]: relayoutWindow result, sizeChanged:true, surfaceControlChanged:true, transformHintChanged:false, mSurfaceSize:Point(1080, 2376), mLastSurfaceSize:Point(0, 0), mWidth:-1, mHeight:-1, requestedWidth:1080, requestedHeight:2376, transformHint:0, installOrientation:0, displayRotation:0, isSurfaceValid:true, attr.flag:-2122252032, tmpFrames:ClientWindowFrames{frame=[0,0][1080,2376] display=[0,0][1080,2376] parentFrame=[0,0][0,0]}, relayoutAsync:false, mSyncSeqId:0
06-17 11:05:41.993 31070 31070 W VRI[MainActivity]: updateBlastSurfaceIfNeeded, surfaceSize:Point(1080, 2376), lastSurfaceSize:Point(0, 0), format:-1, blastBufferQueue:null
06-17 11:05:48.301 31070 31070 D OplusInputMethodManagerInternal: get inputMethodManager extension: com.android.internal.view.IInputMethodManager$Stub$Proxy@28b1e57
06-17 11:05:48.366 31070 31070 D OplusPredictiveBackController: should not HookOnBackInvokedCallbackEnabled for application eu.kanade.tachiyomi.ui.main.MainActivity@f50d63 hasOnBackInvokedCallBackEnabled
06-17 11:05:48.366 31070 31070 D OplusPredictiveBackController: should not HookOnBackInvokedCallbackEnabled for application eu.kanade.tachiyomi.ui.main.MainActivity@f50d63 hasOnBackInvokedCallBackEnabled
06-17 11:05:52.959 31070 31070 D ResourcesManagerExtImpl: applyConfigurationToAppResourcesLocked app.getDisplayId() return callback.displayId:0
06-17 11:05:52.965 31070 31070 D OplusPredictiveBackController: should not HookOnBackInvokedCallbackEnabled for application eu.kanade.tachiyomi.ui.reader.ReaderActivity@343546a hasOnBackInvokedCallBackEnabled
06-17 11:05:52.965 31070 31070 D OplusPredictiveBackController: should not HookOnBackInvokedCallbackEnabled for application eu.kanade.tachiyomi.ui.reader.ReaderActivity@343546a hasOnBackInvokedCallBackEnabled
06-17 11:05:53.030 31070 31070 D ActivityThread: ComponentInfo{app.kanade.tachiyomi.at.debug/eu.kanade.tachiyomi.ui.reader.ReaderActivity} checkFinished=false 2
06-17 11:05:53.030 31070 31070 D ResourcesManagerExtImpl: applyConfigurationToAppResourcesLocked app.getDisplayId() return callback.displayId:0
06-17 11:05:53.034 31070 31070 D InsetsController: Setting requestedVisibleTypes to -16 (was -9)
06-17 11:05:53.038 31070 31070 D ResourcesManagerExtImpl: applyConfigurationToAppResourcesLocked app.getDisplayId() return callback.displayId:0
06-17 11:05:53.064 31070 31070 D OplusPredictiveBackController: should not HookOnBackInvokedCallbackEnabled for application eu.kanade.tachiyomi.ui.reader.ReaderActivity@343546a hasOnBackInvokedCallBackEnabled
06-17 11:05:53.071 31070 31070 D VRI[ReaderActivity]: relayoutWindow result, sizeChanged:true, surfaceControlChanged:true, transformHintChanged:false, mSurfaceSize:Point(1080, 2376), mLastSurfaceSize:Point(0, 0), mWidth:-1, mHeight:-1, requestedWidth:1080, requestedHeight:2376, transformHint:0, installOrientation:0, displayRotation:0, isSurfaceValid:true, attr.flag:-2122251904, tmpFrames:ClientWindowFrames{frame=[0,0][1080,2376] display=[0,0][1080,2376] parentFrame=[0,0][0,0]}, relayoutAsync:false, mSyncSeqId:0
06-17 11:05:53.071 31070 31070 W VRI[ReaderActivity]: updateBlastSurfaceIfNeeded, surfaceSize:Point(1080, 2376), lastSurfaceSize:Point(0, 0), format:-1, blastBufferQueue:null
06-17 11:05:53.107 31070 31070 W VRI[ReaderActivity]: handleResized abandoned!
06-17 11:05:53.416 31070 31070 D VRI[MainActivity]: relayoutWindow result, sizeChanged:false, surfaceControlChanged:true, transformHintChanged:false, mSurfaceSize:Point(1080, 2376), mLastSurfaceSize:Point(1080, 2376), mWidth:1080, mHeight:2376, requestedWidth:1080, requestedHeight:2376, transformHint:0, installOrientation:0, displayRotation:0, isSurfaceValid:false, attr.flag:-2122252032, tmpFrames:ClientWindowFrames{frame=[0,0][1080,2376] display=[0,0][1080,2376] parentFrame=[0,0][0,0]}, relayoutAsync:false, mSyncSeqId:0
06-17 11:05:54.216 31070 31070 D VRI[ReaderActivity]: relayoutWindow result, sizeChanged:false, surfaceControlChanged:false, transformHintChanged:false, mSurfaceSize:Point(1080, 2376), mLastSurfaceSize:Point(1080, 2376), mWidth:1080, mHeight:2376, requestedWidth:1080, requestedHeight:2376, transformHint:0, installOrientation:0, displayRotation:0, isSurfaceValid:true, attr.flag:-2122251904, tmpFrames:ClientWindowFrames{frame=[0,0][1080,2376] display=[0,0][1080,2376] parentFrame=[0,0][1080,2376]}, relayoutAsync:true, mSyncSeqId:0
06-17 11:05:54.216 31070 31070 W VRI[ReaderActivity]: updateBlastSurfaceIfNeeded, surfaceSize:Point(1080, 2376), lastSurfaceSize:Point(1080, 2376), format:-1, blastBufferQueue:android.graphics.BLASTBufferQueue@3f73363
06-17 11:05:54.224 31070 31070 E OplusCustomizeRestrictionManager: sInstance is null, start a new sInstance
06-17 11:05:54.256 31070 31070 I Quality : UISlowBinder:157736663
--------- beginning of main
06-17 11:06:22.817 31070 32599 I native  : I0617 11:06:22.817299   32599 mergeddicttrans.cc:1828] 
06-17 11:06:22.817 31070 32599 I native  : Source language: ja, target language: en
06-17 11:06:22.817 31070 32599 I native  : 
06-17 11:06:22.817 31070 32599 I native  : Has period trick: 0
06-17 11:06:22.817 31070 32599 I native  : 
06-17 11:06:22.817 31070 32599 I native  : Full translation: Even in the middle
06-17 11:06:22.817 31070 32599 I native  : Translate Instance: 
06-17 11:06:22.817 31070 32599 I native  : Query (raw): 中でも劣るほうよ
06-17 11:06:22.817 31070 32599 I native  : Query (after preprocess): 中 で も 劣る ほうよ
06-17 11:06:22.817 31070 32599 I native  : Query ids (after tokenizer): 134 16 54 3 1996 84 898 368 1356 2
06-17 11:06:22.817 31070 32599 I native  : Translation ids: 2697 12 3 2944 2
06-17 11:06:22.817 31070 32599 I native  : Translation (after detokenizer): Even in the middle
06-17 11:06:22.817 31070 32599 I native  : Alignment probability:
06-17 11:06:22.817 31070 32599 I native  : 	Even	in	the	middle
06-17 11:06:22.817 31070 32599 I native  : 中	0.282353	0.435294	0.415686	0.45098
06-17 11:06:22.817 31070 32599 I native  : で	0.0431373	0.0823529	0.0392157	0.0235294
06-17 11:06:22.817 31070 32599 I native  : も	0.121569	0.0980392	0.0509804	0.0156863
06-17 11:06:22.817 31070 32599 I native  : 劣る	0.203922	0.290196	0.352941	0.203922
06-17 11:06:22.817 31070 32599 I native  : ほうよ	0.317647	0.0784314	0.0235294	0.0117647
06-17 11:06:22.817 31070 32599 I native  : Translation (before postprocess): Even in the middle
06-17 11:06:22.819 31070 32649 D native  : I0617 11:06:22.819240   32649 mergeddicttrans.cc:1860] The current system has NMT.
06-17 11:06:22.819 31070 32649 D native  : I0617 11:06:22.819269   32649 mergeddicttrans.cc:1866] Sentence #0: 部したの
06-17 11:06:22.819 31070 32649 D native  : I0617 11:06:22.819296   32649 mergeddicttrans.cc:1918] To be translated by NMT.
06-17 11:06:22.827 31070 32649 I native  : I0617 11:06:22.827350   32649 mergeddicttrans.cc:1827] Sentence #0: 部したの
06-17 11:06:22.827 31070 32649 I native  : I0617 11:06:22.827455   32649 mergeddicttrans.cc:1828] 
06-17 11:06:22.827 31070 32649 I native  : Source language: ja, target language: en
06-17 11:06:22.827 31070 32649 I native  : 
06-17 11:06:22.827 31070 32649 I native  : Has period trick: 0
06-17 11:06:22.827 31070 32649 I native  : 
06-17 11:06:22.827 31070 32649 I native  : Full translation: Part of
06-17 11:06:22.827 31070 32649 I native  : Translate Instance: 
06-17 11:06:22.827 31070 32649 I native  : Query (raw): 部したの
06-17 11:06:22.827 31070 32649 I native  : Query (after preprocess): 部 し た の
06-17 11:06:22.827 31070 32649 I native  : Query ids (after tokenizer): 140 11 15 4 2
06-17 11:06:22.827 31070 32649 I native  : Translation ids: 345 6 2
06-17 11:06:22.827 31070 32649 I native  : Translation (after detokenizer): part of
06-17 11:06:22.827 31070 32649 I native  : Alignment probability:
06-17 11:06:22.827 31070 32649 I native  : 	part	of
06-17 11:06:22.827 31070 32649 I native  : 部	0.290196	0.105882
06-17 11:06:22.827 31070 32649 I native  : し	0.12549	0.0862745
06-17 11:06:22.827 31070 32649 I native  : た	0.12549	0.0588235
06-17 11:06:22.827 31070 32649 I native  : の	0.101961	0.0313726
06-17 11:06:22.827 31070 32649 I native  : Translation (before postprocess): part of
06-17 11:06:22.829 31070 32651 D native  : I0617 11:06:22.829442   32651 mergeddicttrans.cc:1860] The current system has NMT.
06-17 11:06:22.829 31070 32651 D native  : I0617 11:06:22.829520   32651 mergeddicttrans.cc:1866] Sentence #0: ラインフォルドの
06-17 11:06:22.829 31070 32651 D native  : I0617 11:06:22.829580   32651 mergeddicttrans.cc:1918] To be translated by NMT.
06-17 11:06:22.840 31070 32651 I native  : I0617 11:06:22.840304   32651 mergeddicttrans.cc:1827] Sentence #0: ラインフォルドの
06-17 11:06:22.840 31070 32651 I native  : I0617 11:06:22.840389   32651 mergeddicttrans.cc:1828] 
06-17 11:06:22.840 31070 32651 I native  : Source language: ja, target language: en
06-17 11:06:22.840 31070 32651 I native  : 
06-17 11:06:22.840 31070 32651 I native  : Has period trick: 0
06-17 11:06:22.840 31070 32651 I native  : 
06-17 11:06:22.840 31070 32651 I native  : Full translation: Line film
06-17 11:06:22.840 31070 32651 I native  : Translate Instance: 
06-17 11:06:22.840 31070 32651 I native  : Query (raw): ラインフォルドの
06-17 11:06:22.840 31070 32651 I native  : Query (after preprocess): ラインフォルド の
06-17 11:06:22.840 31070 32651 I native  : Query ids (after tokenizer): 260 164 610 23 298 4 2
06-17 11:06:22.840 31070 32651 I native  : Translation ids: 423 381 2
06-17 11:06:22.840 31070 32651 I native  : Translation (after detokenizer): line film
06-17 11:06:22.840 31070 32651 I native  : Alignment probability:
06-17 11:06:22.840 31070 32651 I native  : 	line	film
06-17 11:06:22.840 31070 32651 I native  : ラインフォルド	0.729412	0.976471
06-17 11:06:22.840 31070 32651 I native  : の	0.0705882	0.00784314
06-17 11:06:22.840 31070 32651 I native  : Translation (before postprocess): line film
06-17 11:06:22.841 31070 32652 D native  : I0617 11:06:22.841343   32652 mergeddicttrans.cc:1860] The current system has NMT.
06-17 11:06:22.841 31070 32652 D native  : I0617 11:06:22.841400   32652 mergeddicttrans.cc:1866] Sentence #0: 魔法レベルは
06-17 11:06:22.841 31070 32652 D native  : I0617 11:06:22.841426   32652 mergeddicttrans.cc:1918] To be translated by NMT.
06-17 11:06:22.853 31070 32652 I native  : I0617 11:06:22.853594   32652 mergeddicttrans.cc:1827] Sentence #0: 魔法レベルは
06-17 11:06:22.853 31070 32652 I native  : I0617 11:06:22.853686   32652 mergeddicttrans.cc:1828] 
06-17 11:06:22.853 31070 32652 I native  : Source language: ja, target language: en
06-17 11:06:22.853 31070 32652 I native  : 
06-17 11:06:22.853 31070 32652 I native  : Has period trick: 0
06-17 11:06:22.853 31070 32652 I native  : 
06-17 11:06:22.853 31070 32652 I native  : Full translation: Magic level
06-17 11:06:22.853 31070 32652 I native  : Translate Instance: 
06-17 11:06:22.853 31070 32652 I native  : Query (raw): 魔法レベルは
06-17 11:06:22.853 31070 32652 I native  : Query (after preprocess): 魔法 レベル は
06-17 11:06:22.853 31070 32652 I native  : Query ids (after tokenizer): 3 2247 996 113 664 9 2
06-17 11:06:22.853 31070 32652 I native  : Translation ids: 33 431 42 476 2
06-17 11:06:22.853 31070 32652 I native  : Translation (after detokenizer): Magic level
06-17 11:06:22.853 31070 32652 I native  : Alignment probability:
06-17 11:06:22.853 31070 32652 I native  : 	Magic	level
06-17 11:06:22.853 31070 32652 I native  : 魔法	0.875817	0.027451
06-17 11:06:22.853 31070 32652 I native  : レベル	0.0196078	0.905882
06-17 11:06:22.853 31070 32652 I native  : は	0.0562092	0.0235294
06-17 11:06:22.853 31070 32652 I native  : Translation (before postprocess): Magic level
06-17 11:06:22.855 31070 32654 D native  : I0617 11:06:22.855438   32654 mergeddicttrans.cc:1860] The current system has NMT.
06-17 11:06:22.855 31070 32654 D native  : I0617 11:06:22.855643   32654 mergeddicttrans.cc:1866] Sentence #0: 対決を
06-17 11:06:22.855 31070 32654 D native  : I0617 11:06:22.855672   32654 mergeddicttrans.cc:1918] To be translated by NMT.
06-17 11:06:22.864 31070 32654 I native  : I0617 11:06:22.864527   32654 mergeddicttrans.cc:1827] Sentence #0: 対決を
06-17 11:06:22.864 31070 32654 I native  : I0617 11:06:22.864613   32654 mergeddicttrans.cc:1828] 
06-17 11:06:22.864 31070 32654 I native  : Source language: ja, target language: en
06-17 11:06:22.864 31070 32654 I native  : 
06-17 11:06:22.864 31070 32654 I native  : Has period trick: 0
06-17 11:06:22.864 31070 32654 I native  : 
06-17 11:06:22.864 31070 32654 I native  : Full translation: Confrontation
06-17 11:06:22.864 31070 32654 I native  : Translate Instance: 
06-17 11:06:22.864 31070 32654 I native  : Query (raw): 対決を
06-17 11:06:22.864 31070 32654 I native  : Query (after preprocess): 対決 を
06-17 11:06:22.864 31070 32654 I native  : Query ids (after tokenizer): 548 1370 7 2
06-17 11:06:22.864 31070 32654 I native  : Translation ids: 1364 74 897 86 2
06-17 11:06:22.864 31070 32654 I native  : Translation (after detokenizer): Confrontation
06-17 11:06:22.864 31070 32654 I native  : Alignment probability:
06-17 11:06:22.864 31070 32654 I native  : 	Confrontation
06-17 11:06:22.864 31070 32654 I native  : 対決	0.634314
06-17 11:06:22.864 31070 32654 I native  : を	0.0901961
06-17 11:06:22.864 31070 32654 I native  : Translation (before postprocess): Confrontation
06-17 11:06:22.865 31070 32657 D native  : I0617 11:06:22.865670   32657 mergeddicttrans.cc:1860] The current system has NMT.
06-17 11:06:22.865 31070 32657 D native  : I0617 11:06:22.865742   32657 mergeddicttrans.cc:1866] Sentence #0: 使えるな芝て
06-17 11:06:22.865 31070 32657 D native  : I0617 11:06:22.865770   32657 mergeddicttrans.cc:1918] To be translated by NMT.
06-17 11:06:22.882 31070 32657 I native  : I0617 11:06:22.882215   32657 mergeddicttrans.cc:1827] Sentence #0: 使えるな芝て
06-17 11:06:22.882 31070 32657 I native  : I0617 11:06:22.882290   32657 mergeddicttrans.cc:1828] 
06-17 11:06:22.882 31070 32657 I native  : Source language: ja, target language: en
06-17 11:06:22.882 31070 32657 I native  : 
06-17 11:06:22.882 31070 32657 I native  : Has period trick: 0
06-17 11:06:22.882 31070 32657 I native  : 
06-17 11:06:22.882 31070 32657 I native  : Full translation: I can not use it
06-17 11:06:22.882 31070 32657 I native  : Translate Instance: 
06-17 11:06:22.882 31070 32657 I native  : Query (raw): 使えるな芝て
06-17 11:06:22.882 31070 32657 I native  : Query (after preprocess): 使える な 芝 て
06-17 11:06:22.882 31070 32657 I native  : Query ids (after tokenizer): 823 547 26 3 2597 12 2
06-17 11:06:22.882 31070 32657 I native  : Translation ids: 63 31 53 206 70 2
06-17 11:06:22.882 31070 32657 I native  : Translation (after detokenizer): I can not use it
06-17 11:06:22.882 31070 32657 I native  : Alignment probability:
06-17 11:06:22.882 31070 32657 I native  : 	I	can	not	use	it
06-17 11:06:22.882 31070 32657 I native  : 使える	0.321569	0.423529	0.529412	0.866667	0.0666667
06-17 11:06:22.882 31070 32657 I native  : な	0.301961	0.184314	0.0941176	0.00784314	0.0941176
06-17 11:06:22.882 31070 32657 I native  : 芝	0.133333	0.12549	0.12549	0.0235294	0.639216
06-17 11:06:22.882 31070 32657 I native  : て	0.196078	0.121569	0.0392157	0.00392157	0.0235294
06-17 11:06:22.882 31070 32657 I native  : Translation (before postprocess): I can not use it
06-17 11:06:22.883 31070 32659 D native  : I0617 11:06:22.883668   32659 mergeddicttrans.cc:1860] The current system has NMT.
06-17 11:06:22.883 31070 32659 D native  : I0617 11:06:22.883718   32659 mergeddicttrans.cc:1866] Sentence #0: テッサーとの
06-17 11:06:22.883 31070 32659 D native  : I0617 11:06:22.883745   32659 mergeddicttrans.cc:1918] To be translated by NMT.
06-17 11:06:22.895 31070 32659 I native  : I0617 11:06:22.895243   32659 mergeddicttrans.cc:1827] Sentence #0: テッサーとの
06-17 11:06:22.895 31070 32659 I native  : I0617 11:06:22.895321   32659 mergeddicttrans.cc:1828] 
06-17 11:06:22.895 31070 32659 I native  : Source language: ja, target language: en
06-17 11:06:22.895 31070 32659 I native  : 
06-17 11:06:22.895 31070 32659 I native  : Has period trick: 0
06-17 11:06:22.895 31070 32659 I native  : 
06-17 11:06:22.895 31070 32659 I native  : Full translation: With a tessa
06-17 11:06:22.895 31070 32659 I native  : Translate Instance: 
06-17 11:06:22.895 31070 32659 I native  : Query (raw): テッサーとの
06-17 11:06:22.895 31070 32659 I native  : Query (after preprocess): テッサー と の
06-17 11:06:22.895 31070 32659 I native  : Query ids (after tokenizer): 251 120 305 25 14 4 2
06-17 11:06:22.895 31070 32659 I native  : Translation ids: 25 9 110 388 45 2
06-17 11:06:22.895 31070 32659 I native  : Translation (after detokenizer): with a tessa
06-17 11:06:22.895 31070 32659 I native  : Alignment probability:
06-17 11:06:22.895 31070 32659 I native  : 	with	a	tessa
06-17 11:06:22.895 31070 32659 I native  : テッサー	0.305882	0.776471	0.911111
06-17 11:06:22.895 31070 32659 I native  : と	0.376471	0.00784314	0.00130719
06-17 11:06:22.895 31070 32659 I native  : の	0.0705882	0.00784314	0
06-17 11:06:22.895 31070 32659 I native  : Translation (before postprocess): with a tessa
06-17 11:06:22.896 31070 32598 D native  : I0617 11:06:22.896299   32598 mergeddicttrans.cc:1860] The current system has NMT.
06-17 11:06:22.896 31070 32598 D native  : I0617 11:06:22.896365   32598 mergeddicttrans.cc:1866] Sentence #0: R0寧術を
06-17 11:06:22.896 31070 32598 D native  : I0617 11:06:22.896391   32598 mergeddicttrans.cc:1918] To be translated by NMT.
06-17 11:06:22.907 31070 32598 I native  : I0617 11:06:22.907268   32598 mergeddicttrans.cc:1827] Sentence #0: R0寧術を
06-17 11:06:22.907 31070 32598 I native  : I0617 11:06:22.907353   32598 mergeddicttrans.cc:1828] 
06-17 11:06:22.907 31070 32598 I native  : Source language: ja, target language: en
06-17 11:06:22.907 31070 32598 I native  : 
06-17 11:06:22.907 31070 32598 I native  : Has period trick: 0
06-17 11:06:22.907 31070 32598 I native  : 
06-17 11:06:22.907 31070 32598 I native  : Full translation: R0 Ning
06-17 11:06:22.907 31070 32598 I native  : Translate Instance: 
06-17 11:06:22.907 31070 32598 I native  : Query (raw): R0寧術を
06-17 11:06:22.907 31070 32598 I native  : Query (after preprocess): r0 寧術 を
06-17 11:06:22.907 31070 32598 I native  : Query ids (after tokenizer): 179 37 3 2965 1501 7 2
06-17 11:06:22.907 31070 32598 I native  : Translation ids: 57 68 92 13 2
06-17 11:06:22.907 31070 32598 I native  : Translation (after detokenizer): R0 Ning
06-17 11:06:22.907 31070 32598 I native  : Alignment probability:
06-17 11:06:22.907 31070 32598 I native  : 	R0	Ning
06-17 11:06:22.907 31070 32598 I native  : r0	0.768627	0.0294118
06-17 11:06:22.907 31070 32598 I native  : 寧術	0.0803922	0.860784
06-17 11:06:22.907 31070 32598 I native  : を	0.0529412	0.0529412
06-17 11:06:22.907 31070 32598 I native  : Translation (before postprocess): R0 Ning
06-17 11:06:22.908 31070 32599 D native  : I0617 11:06:22.908539   32599 mergeddicttrans.cc:1860] The current system has NMT.
06-17 11:06:22.908 31070 32599 D native  : I0617 11:06:22.908597   32599 mergeddicttrans.cc:1866] Sentence #0: あれほどの
06-17 11:06:22.908 31070 32599 D native  : I0617 11:06:22.908623   32599 mergeddicttrans.cc:1918] To be translated by NMT.
06-17 11:06:22.918 31070 32599 I native  : I0617 11:06:22.918718   32599 mergeddicttrans.cc:1827] Sentence #0: あれほどの
06-17 11:06:22.918 31070 32599 I native  : I0617 11:06:22.918842   32599 mergeddicttrans.cc:1828] 
06-17 11:06:22.918 31070 32599 I native  : Source language: ja, target language: en
06-17 11:06:22.918 31070 32599 I native  : 
06-17 11:06:22.918 31070 32599 I native  : Has period trick: 0
06-17 11:06:22.918 31070 32599 I native  : 
06-17 11:06:22.918 31070 32599 I native  : Full translation: As much
06-17 11:06:22.918 31070 32599 I native  : Translate Instance: 
06-17 11:06:22.918 31070 32599 I native  : Query (raw): あれほどの
06-17 11:06:22.918 31070 32599 I native  : Query (after preprocess): あれ ほど の
06-17 11:06:22.918 31070 32599 I native  : Query ids (after tokenizer): 838 126 898 1010 4 2
06-17 11:06:22.918 31070 32599 I native  : Translation ids: 27 2181 2
06-17 11:06:22.918 31070 32599 I native  : Translation (after detokenizer): as much
06-17 11:06:22.918 31070 32599 I native  : Alignment probability:
06-17 11:06:22.918 31070 32599 I native  : 	as	much
06-17 11:06:22.918 31070 32599 I native  : あれ	0.376471	0.223529
06-17 11:06:22.918 31070 32599 I native  : ほど	0.105882	0.152941
06-17 11:06:22.918 31070 32599 I native  : の	0.0392157	0.0392157
06-17 11:06:22.918 31070 32599 I native  : Translation (before postprocess): as much
06-17 11:06:22.921 31070 32649 D native  : I0617 11:06:22.921338   32649 mergeddicttrans.cc:1860] The current system has NMT.
06-17 11:06:22.921 31070 32649 D native  : I0617 11:06:22.921409   32649 mergeddicttrans.cc:1866] Sentence #0: 見たいがため
06-17 11:06:22.921 31070 32649 D native  : I0617 11:06:22.921442   32649 mergeddicttrans.cc:1918] To be translated by NMT.
06-17 11:06:22.933 31070 32649 I native  : I0617 11:06:22.932968   32649 mergeddicttrans.cc:1827] Sentence #0: 見たいがため
06-17 11:06:22.933 31070 32649 I native  : I0617 11:06:22.933061   32649 mergeddicttrans.cc:1828] 
06-17 11:06:22.933 31070 32649 I native  : Source language: ja, target language: en
06-17 11:06:22.933 31070 32649 I native  : 
06-17 11:06:22.933 31070 32649 I native  : Has period trick: 0
06-17 11:06:22.933 31070 32649 I native  : 
06-17 11:06:22.933 31070 32649 I native  : Full translation: I want to see
06-17 11:06:22.933 31070 32649 I native  : Translate Instance: 
06-17 11:06:22.933 31070 32649 I native  : Query (raw): 見たいがため
06-17 11:06:22.933 31070 32649 I native  : Query (after preprocess): 見たい が ため
06-17 11:06:22.933 31070 32649 I native  : Query ids (after tokenizer): 459 398 44 10 94 2
06-17 11:06:22.933 31070 32649 I native  : Translation ids: 63 799 7 631 2
06-17 11:06:22.933 31070 32649 I native  : Translation (after detokenizer): I want to see
06-17 11:06:22.933 31070 32649 I native  : Alignment probability:
06-17 11:06:22.933 31070 32649 I native  : 	I	want	to	see
06-17 11:06:22.933 31070 32649 I native  : 見たい	0.396078	0.682353	0.470588	0.847059
06-17 11:06:22.933 31070 32649 I native  : が	0.0509804	0.00392157	0.101961	0.0156863
06-17 11:06:22.933 31070 32649 I native  : ため	0.435294	0.0705882	0.054902	0.00392157
06-17 11:06:22.933 31070 32649 I native  : Translation (before postprocess): I want to see
06-17 11:06:22.934 31070 32651 D native  : I0617 11:06:22.934095   32651 mergeddicttrans.cc:1860] The current system has NMT.
06-17 11:06:22.934 31070 32651 D native  : I0617 11:06:22.934156   32651 mergeddicttrans.cc:1866] Sentence #0: あの人が……
06-17 11:06:22.934 31070 32651 D native  : I0617 11:06:22.934181   32651 mergeddicttrans.cc:1918] To be translated by NMT.
06-17 11:06:22.947 31070 32651 I native  : I0617 11:06:22.947936   32651 mergeddicttrans.cc:1827] Sentence #0: あの人が……
06-17 11:06:22.948 31070 32651 I native  : I0617 11:06:22.948120   32651 mergeddicttrans.cc:1828] 
06-17 11:06:22.948 31070 32651 I native  : Source language: ja, target language: en
06-17 11:06:22.948 31070 32651 I native  : 
06-17 11:06:22.948 31070 32651 I native  : Has period trick: 0
06-17 11:06:22.948 31070 32651 I native  : 
06-17 11:06:22.948 31070 32651 I native  : Full translation: That person ......
06-17 11:06:22.948 31070 32651 I native  : Translate Instance: 
06-17 11:06:22.948 31070 32651 I native  : Query (raw): あの人が……
06-17 11:06:22.948 31070 32651 I native  : Query (after preprocess): あの 人 が ......
06-17 11:06:22.948 31070 32651 I native  : Query ids (after tokenizer): 838 440 413 10 1198 2311 62 2
06-17 11:06:22.948 31070 32651 I native  : Translation ids: 1189 1804 983 3371 64 2
06-17 11:06:22.948 31070 32651 I native  : Translation (after detokenizer): That person ......
06-17 11:06:22.948 31070 32651 I native  : Alignment probability:
06-17 11:06:22.948 31070 32651 I native  : 	That	person	......
06-17 11:06:22.948 31070 32651 I native  : あの	0.686275	0.0470588	0.00653595
06-17 11:06:22.948 31070 32651 I native  : 人	0.0784314	0.905882	0.00261438
06-17 11:06:22.948 31070 32651 I native  : が	0.152941	0.0196078	0.163399
06-17 11:06:22.948 31070 32651 I native  : ......	0.0431373	0.0156863	0.411765
06-17 11:06:22.948 31070 32651 I native  : Translation (before postprocess): That person ......
06-17 11:06:22.949 31070 32652 D native  : I0617 11:06:22.949127   32652 mergeddicttrans.cc:1860] The current system has NMT.
06-17 11:06:22.949 31070 32652 D native  : I0617 11:06:22.949179   32652 mergeddicttrans.cc:1866] Sentence #0: 格闘技を学んだ
06-17 11:06:22.949 31070 32652 D native  : I0617 11:06:22.949207   32652 mergeddicttrans.cc:1918] To be translated by NMT.
06-17 11:06:22.965 31070 32652 I native  : I0617 11:06:22.965487   32652 mergeddicttrans.cc:1827] Sentence #0: 格闘技を学んだ
06-17 11:06:22.965 31070 32652 I native  : I0617 11:06:22.965581   32652 mergeddicttrans.cc:1828] 
06-17 11:06:22.965 31070 32652 I native  : Source language: ja, target language: en
06-17 11:06:22.965 31070 32652 I native  : 
06-17 11:06:22.965 31070 32652 I native  : Has period trick: 0
06-17 11:06:22.965 31070 32652 I native  : 
06-17 11:06:22.965 31070 32652 I native  : Full translation: I learned the martial arts
06-17 11:06:22.965 31070 32652 I native  : Translate Instance: 
06-17 11:06:22.965 31070 32652 I native  : Query (raw): 格闘技を学んだ
06-17 11:06:22.965 31070 32652 I native  : Query (after preprocess): 格闘 技 を 学ん だ
06-17 11:06:22.965 31070 32652 I native  : Query ids (after tokenizer): 979 2377 2116 7 914 354 804 2
06-17 11:06:22.965 31070 32652 I native  : Translation ids: 63 2384 2669 3 105 464 286 622 587 2
06-17 11:06:22.965 31070 32652 I native  : Translation (after detokenizer): I learned the martial arts
06-17 11:06:22.965 31070 32652 I native  : Alignment probability:
06-17 11:06:22.965 31070 32652 I native  : 	I	learned	the	martial	arts
06-17 11:06:22.965 31070 32652 I native  : 格闘	0.0705882	0.0137255	0.831373	0.682353	0.111765
06-17 11:06:22.965 31070 32652 I native  : 技	0	0.00392157	0.0156863	0.101961	0.539216
06-17 11:06:22.965 31070 32652 I native  : を	0.0235294	0.0254902	0.0784314	0.00392157	0.0176471
06-17 11:06:22.965 31070 32652 I native  : 学ん	0.596078	0.77451	0.00784314	0.00130719	0.00196078
06-17 11:06:22.965 31070 32652 I native  : だ	0.25098	0.072549	0.00392157	0	0
06-17 11:06:22.965 31070 32652 I native  : Translation (before postprocess): I learned the martial arts
06-17 11:06:22.973 31070 32654 D native  : I0617 11:06:22.973668   32654 mergeddicttrans.cc:1860] The current system has NMT.
06-17 11:06:22.973 31070 32654 D native  : I0617 11:06:22.973742   32654 mergeddicttrans.cc:1866] Sentence #0: 同じ郎のもと、
06-17 11:06:22.973 31070 32654 D native  : I0617 11:06:22.973773   32654 mergeddicttrans.cc:1918] To be translated by NMT.
06-17 11:06:22.993 31070 32654 I native  : I0617 11:06:22.993133   32654 mergeddicttrans.cc:1827] Sentence #0: 同じ郎のもと、
06-17 11:06:22.993 31070 32654 I native  : I0617 11:06:22.993226   32654 mergeddicttrans.cc:1828] 
06-17 11:06:22.993 31070 32654 I native  : Source language: ja, target language: en
06-17 11:06:22.993 31070 32654 I native  : 
06-17 11:06:22.993 31070 32654 I native  : Has period trick: 0
06-17 11:06:22.993 31070 32654 I native  : 
06-17 11:06:22.993 31070 32654 I native  : Full translation: Under the same
06-17 11:06:22.993 31070 32654 I native  : Translate Instance: 
06-17 11:06:22.993 31070 32654 I native  : Query (raw): 同じ郎のもと、
06-17 11:06:22.993 31070 32654 I native  : Query (after preprocess): 同じ郎 の もと ,
06-17 11:06:22.993 31070 32654 I native  : Query ids (after tokenizer): 768 2491 4 54 291 5 2
06-17 11:06:22.993 31070 32654 I native  : Translation ids: 318 2847 3 300 2
06-17 11:06:22.993 31070 32654 I native  : Translation (after detokenizer): Under the same
06-17 11:06:22.993 31070 32654 I native  : Alignment probability:
06-17 11:06:22.993 31070 32654 I native  : 	Under	the	same
06-17 11:06:22.993 31070 32654 I native  : 同じ郎	0.123529	0.94902	0.509804
06-17 11:06:22.993 31070 32654 I native  : の	0.027451	0.00392157	0.121569
06-17 11:06:22.993 31070 32654 I native  : もと	0.707843	0.0156863	0.133333
06-17 11:06:22.993 31070 32654 I native  : ,	0.045098	0.00392157	0.0156863
06-17 11:06:22.993 31070 32654 I native  : Translation (before postprocess): Under the same
06-17 11:06:22.996 31070 32657 D native  : I0617 11:06:22.996718   32657 mergeddicttrans.cc:1860] The current system has NMT.
06-17 11:06:22.996 31070 32657 D native  : I0617 11:06:22.996816   32657 mergeddicttrans.cc:1866] Sentence #0: テッサーは
06-17 11:06:22.996 31070 32657 D native  : I0617 11:06:22.996883   32657 mergeddicttrans.cc:1918] To be translated by NMT.
06-17 11:06:23.006 31070 32657 I native  : I0617 11:06:23.006720   32657 mergeddicttrans.cc:1827] Sentence #0: テッサーは
06-17 11:06:23.006 31070 32657 I native  : I0617 11:06:23.006808   32657 mergeddicttrans.cc:1828] 
06-17 11:06:23.006 31070 32657 I native  : Source language: ja, target language: en
06-17 11:06:23.006 31070 32657 I native  : 
06-17 11:06:23.006 31070 32657 I native  : Has period trick: 0
06-17 11:06:23.006 31070 32657 I native  : 
06-17 11:06:23.006 31070 32657 I native  : Full translation: Tesser
06-17 11:06:23.006 31070 32657 I native  : Translate Instance: 
06-17 11:06:23.006 31070 32657 I native  : Query (raw): テッサーは
06-17 11:06:23.006 31070 32657 I native  : Query (after preprocess): テッサー は
06-17 11:06:23.006 31070 32657 I native  : Query ids (after tokenizer): 251 120 305 25 9 2
06-17 11:06:23.006 31070 32657 I native  : Translation ids: 43 388 22 2
06-17 11:06:23.006 31070 32657 I native  : Translation (after detokenizer): Tesser
06-17 11:06:23.006 31070 32657 I native  : Alignment probability:
06-17 11:06:23.006 31070 32657 I native  : 	Tesser
06-17 11:06:23.006 31070 32657 I native  : テッサー	0.882353
06-17 11:06:23.006 31070 32657 I native  : は	0.0379085
06-17 11:06:23.006 31070 32657 I native  : Translation (before postprocess): Tesser
06-17 11:06:23.010 31070 32659 D native  : I0617 11:06:23.010751   32659 mergeddicttrans.cc:1860] The current system has NMT.
06-17 11:06:23.010 31070 32659 D native  : I0617 11:06:23.010785   32659 mergeddicttrans.cc:1866] Sentence #0: アキラの実力を
06-17 11:06:23.010 31070 32659 D native  : I0617 11:06:23.010811   32659 mergeddicttrans.cc:1918] To be translated by NMT.
06-17 11:06:23.020 31070 31070 E IJankManager: slideSceneEnd unknown scene 1000 mScene:-1
06-17 11:06:23.024 31070 32659 I native  : I0617 11:06:23.024930   32659 mergeddicttrans.cc:1827] Sentence #0: アキラの実力を
06-17 11:06:23.025 31070 32659 I native  : I0617 11:06:23.025043   32659 mergeddicttrans.cc:1828] 
06-17 11:06:23.025 31070 32659 I native  : Source language: ja, target language: en
06-17 11:06:23.025 31070 32659 I native  : 
06-17 11:06:23.025 31070 32659 I native  : Has period trick: 0
06-17 11:06:23.025 31070 32659 I native  : 
06-17 11:06:23.025 31070 32659 I native  : Full translation: Akira's ability
06-17 11:06:23.025 31070 32659 I native  : Translate Instance: 
06-17 11:06:23.025 31070 32659 I native  : Query (raw): アキラの実力を
06-17 11:06:23.025 31070 32659 I native  : Query (after preprocess): アキラ の 実力 を
06-17 11:06:23.025 31070 32659 I native  : Query ids (after tokenizer): 77 142 43 4 395 426 7 2
06-17 11:06:23.025 31070 32659 I native  : Translation ids: 3212 269 45 158 2482 2
06-17 11:06:23.025 31070 32659 I native  : Translation (after detokenizer): Akira 's ability
06-17 11:06:23.025 31070 32659 I native  : Alignment probability:
06-17 11:06:23.025 31070 32659 I native  : 	Akira	's	ability
06-17 11:06:23.025 31070 32659 I native  : アキラ	0.615686	0.101961	0.0196078
06-17 11:06:23.025 31070 32659 I native  : の	0.0379085	0.286275	0.0156863
06-17 11:06:23.025 31070 32659 I native  : 実力	0.156863	0.462745	0.94902
06-17 11:06:23.025 31070 32659 I native  : を	0.0522876	0.0980392	0.00784314
06-17 11:06:23.025 31070 32659 I native  : Translation (before postprocess): Akira 's ability
06-17 11:06:23.025 31070 32598 D native  : I0617 11:06:23.025822   32598 mergeddicttrans.cc:1860] The current system has NMT.
06-17 11:06:23.025 31070 32598 D native  : I0617 11:06:23.025927   32598 mergeddicttrans.cc:1866] Sentence #0: 候爵は粋に
06-17 11:06:23.025 31070 32598 D native  : I0617 11:06:23.025962   32598 mergeddicttrans.cc:1918] To be translated by NMT.
06-17 11:06:23.041 31070 32598 I native  : I0617 11:06:23.041657   32598 mergeddicttrans.cc:1827] Sentence #0: 候爵は粋に
06-17 11:06:23.041 31070 32598 I native  : I0617 11:06:23.041758   32598 mergeddicttrans.cc:1828] 
06-17 11:06:23.041 31070 32598 I native  : Source language: ja, target language: en
06-17 11:06:23.041 31070 32598 I native  : 
06-17 11:06:23.041 31070 32598 I native  : Has period trick: 0
06-17 11:06:23.041 31070 32598 I native  : 
06-17 11:06:23.041 31070 32598 I native  : Full translation: The candid is stylish
06-17 11:06:23.041 31070 32598 I native  : Translate Instance: 
06-17 11:06:23.041 31070 32598 I native  : Query (raw): 候爵は粋に
06-17 11:06:23.041 31070 32598 I native  : Query (after preprocess): 候爵 は 粋 に
06-17 11:06:23.041 31070 32598 I native  : Query ids (after tokenizer): 3 1679 3603 9 3 2393 8 2
06-17 11:06:23.041 31070 32598 I native  : Translation ids: 16 31 152 138 11 213 268 820 2
06-17 11:06:23.041 31070 32598 I native  : Translation (after detokenizer): The candid is stylish
06-17 11:06:23.041 31070 32598 I native  : Alignment probability:
06-17 11:06:23.041 31070 32598 I native  : 	The	candid	is	stylish
06-17 11:06:23.041 31070 32598 I native  : 候爵	0.858824	0.720262	0.337255	0.0169935
06-17 11:06:23.041 31070 32598 I native  : は	0.0470588	0.0496732	0.207843	0.0248366
06-17 11:06:23.041 31070 32598 I native  : 粋	0.0588235	0.0705882	0.141176	0.772549
06-17 11:06:23.041 31070 32598 I native  : に	0.0117647	0.027451	0.109804	0.0379085
06-17 11:06:23.041 31070 32598 I native  : Translation (before postprocess): The candid is stylish
06-17 11:06:23.043 31070 32599 D native  : I0617 11:06:23.043463   32599 mergeddicttrans.cc:1860] The current system has NMT.
06-17 11:06:23.043 31070 32599 D native  : I0617 11:06:23.043510   32599 mergeddicttrans.cc:1866] Sentence #0: 格闘家が
06-17 11:06:23.043 31070 32599 D native  : I0617 11:06:23.043536   32599 mergeddicttrans.cc:1918] To be translated by NMT.
06-17 11:06:23.052 31070 32599 I native  : I0617 11:06:23.052188   32599 mergeddicttrans.cc:1827] Sentence #0: 格闘家が
06-17 11:06:23.052 31070 32599 I native  : I0617 11:06:23.052296   32599 mergeddicttrans.cc:1828] 
06-17 11:06:23.052 31070 32599 I native  : Source language: ja, target language: en
06-17 11:06:23.052 31070 32599 I native  : 
06-17 11:06:23.052 31070 32599 I native  : Has period trick: 0
06-17 11:06:23.052 31070 32599 I native  : 
06-17 11:06:23.052 31070 32599 I native  : Full translation: Fighter
06-17 11:06:23.052 31070 32599 I native  : Translate Instance: 
06-17 11:06:23.052 31070 32599 I native  : Query (raw): 格闘家が
06-17 11:06:23.052 31070 32599 I native  : Query (after preprocess): 格闘 家 が
06-17 11:06:23.052 31070 32599 I native  : Query ids (after tokenizer): 979 2377 1052 10 2
06-17 11:06:23.052 31070 32599 I native  : Translation ids: 120 2734 257 2
06-17 11:06:23.052 31070 32599 I native  : Translation (after detokenizer): fighter
06-17 11:06:23.052 31070 32599 I native  : Alignment probability:
06-17 11:06:23.052 31070 32599 I native  : 	fighter
06-17 11:06:23.052 31070 32599 I native  : 格闘	0.475817
06-17 11:06:23.052 31070 32599 I native  : 家	0.24183
06-17 11:06:23.052 31070 32599 I native  : が	0.109804
06-17 11:06:23.052 31070 32599 I native  : Translation (before postprocess): fighter
06-17 11:06:23.054 31070 32649 D native  : I0617 11:06:23.054295   32649 mergeddicttrans.cc:1860] The current system has NMT.
06-17 11:06:23.054 31070 32649 D native  : I0617 11:06:23.054367   32649 mergeddicttrans.cc:1866] Sentence #0: 将岡学なの
06-17 11:06:23.054 31070 32649 D native  : I0617 11:06:23.054399   32649 mergeddicttrans.cc:1918] To be translated by NMT.
06-17 11:06:23.069 31070 32649 I native  : I0617 11:06:23.069559   32649 mergeddicttrans.cc:1827] Sentence #0: 将岡学なの
06-17 11:06:23.069 31070 32649 I native  : I0617 11:06:23.069689   32649 mergeddicttrans.cc:1828] 
06-17 11:06:23.069 31070 32649 I native  : Source language: ja, target language: en
06-17 11:06:23.069 31070 32649 I native  : 
06-17 11:06:23.069 31070 32649 I native  : Has period trick: 0
06-17 11:06:23.069 31070 32649 I native  : 
06-17 11:06:23.069 31070 32649 I native  : Full translation: Shogunoka
06-17 11:06:23.069 31070 32649 I native  : Translate Instance: 
06-17 11:06:23.069 31070 32649 I native  : Query (raw): 将岡学なの
06-17 11:06:23.069 31070 32649 I native  : Query (after preprocess): 将 岡学 な の
06-17 11:06:23.069 31070 32649 I native  : Query ids (after tokenizer): 3 1987 3 2417 312 26 4 2
06-17 11:06:23.069 31070 32649 I native  : Translation ids: 452 295 277 3410 2
06-17 11:06:23.069 31070 32649 I native  : Translation (after detokenizer): Shogunoka
06-17 11:06:23.069 31070 32649 I native  : Alignment probability:
06-17 11:06:23.069 31070 32649 I native  : 	Shogunoka
06-17 11:06:23.069 31070 32649 I native  : 将	0.382353
06-17 11:06:23.069 31070 32649 I native  : 岡学	0.298039
06-17 11:06:23.069 31070 32649 I native  : な	0.128431
06-17 11:06:23.069 31070 32649 I native  : の	0.1
06-17 11:06:23.069 31070 32649 I native  : Translation (before postprocess): Shogunoka
06-17 11:06:23.072 31070 32651 D native  : I0617 11:06:23.072528   32651 mergeddicttrans.cc:1860] The current system has NMT.
06-17 11:06:23.072 31070 32651 D native  : I0617 11:06:23.072584   32651 mergeddicttrans.cc:1866] Sentence #0: なくて
06-17 11:06:23.072 31070 32651 D native  : I0617 11:06:23.072613   32651 mergeddicttrans.cc:1918] To be translated by NMT.
06-17 11:06:23.080 31070 32651 I native  : I0617 11:06:23.079998   32651 mergeddicttrans.cc:1827] Sentence #0: なくて
06-17 11:06:23.080 31070 32651 I native  : I0617 11:06:23.080081   32651 mergeddicttrans.cc:1828] 
06-17 11:06:23.080 31070 32651 I native  : Source language: ja, target language: en
06-17 11:06:23.080 31070 32651 I native  : 
06-17 11:06:23.080 31070 32651 I native  : Has period trick: 0
06-17 11:06:23.080 31070 32651 I native  : 
06-17 11:06:23.080 31070 32651 I native  : Full translation: Without
06-17 11:06:23.080 31070 32651 I native  : Translate Instance: 
06-17 11:06:23.080 31070 32651 I native  : Query (raw): なくて
06-17 11:06:23.080 31070 32651 I native  : Query (after preprocess): なく て
06-17 11:06:23.080 31070 32651 I native  : Query ids (after tokenizer): 1051 12 2
06-17 11:06:23.080 31070 32651 I native  : Translation ids: 748 2
06-17 11:06:23.080 31070 32651 I native  : Translation (after detokenizer): without
06-17 11:06:23.080 31070 32651 I native  : Alignment probability:
06-17 11:06:23.080 31070 32651 I native  : 	without
06-17 11:06:23.080 31070 32651 I native  : なく	0.32549
06-17 11:06:23.080 31070 32651 I native  : て	0.0588235
06-17 11:06:23.080 31070 32651 I native  : Translation (before postprocess): without
06-17 11:06:23.082 31070 32652 D native  : I0617 11:06:23.082466   32652 mergeddicttrans.cc:1860] The current system has NMT.
06-17 11:06:23.082 31070 32652 D native  : I0617 11:06:23.082540   32652 mergeddicttrans.cc:1866] Sentence #0: 召喚術十じゃ
06-17 11:06:23.082 31070 32652 D native  : I0617 11:06:23.082583   32652 mergeddicttrans.cc:1918] To be translated by NMT.
06-17 11:06:23.095 31070 32652 I native  : I0617 11:06:23.095870   32652 mergeddicttrans.cc:1827] Sentence #0: 召喚術十じゃ
06-17 11:06:23.095 31070 32652 I native  : I0617 11:06:23.095962   32652 mergeddicttrans.cc:1828] 
06-17 11:06:23.095 31070 32652 I native  : Source language: ja, target language: en
06-17 11:06:23.095 31070 32652 I native  : 
06-17 11:06:23.095 31070 32652 I native  : Has period trick: 0
06-17 11:06:23.095 31070 32652 I native  : 
06-17 11:06:23.095 31070 32652 I native  : Full translation: Summoning Technology
06-17 11:06:23.095 31070 32652 I native  : Translate Instance: 
06-17 11:06:23.095 31070 32652 I native  : Query (raw): 召喚術十じゃ
06-17 11:06:23.095 31070 32652 I native  : Query (after preprocess): 召喚 術 十じゃ
06-17 11:06:23.095 31070 32652 I native  : Query ids (after tokenizer): 3 2920 3140 3 1501 1300 529 1958 2
06-17 11:06:23.095 31070 32652 I native  : Translation ids: 2745 2494 13 43 2218 1688 2
06-17 11:06:23.095 31070 32652 I native  : Translation (after detokenizer): Summoning Technology
06-17 11:06:23.095 31070 32652 I native  : Alignment probability:
06-17 11:06:23.095 31070 32652 I native  : 	Summoning	Technology
06-17 11:06:23.095 31070 32652 I native  : 召喚	0.572549	0.020915
06-17 11:06:23.095 31070 32652 I native  : 術	0.177778	0.424837
06-17 11:06:23.095 31070 32652 I native  : 十じゃ	0.176471	0.312418
06-17 11:06:23.095 31070 32652 I native  : Translation (before postprocess): Summoning Technology
06-17 11:06:23.119 31070 32654 D PipelineManager: Start process bitmap
06-17 11:06:23.130 31070   886 I tflite  : Replacing 44 out of 46 node(s) with delegate (TfLiteXNNPackDelegate) node, yielding 3 partitions for the whole graph.
06-17 11:06:23.146 31070 31070 D OplusViewDragTouchViewHelper: dispatchTouchView action = 1
06-17 11:06:23.147 31070 31070 D ViewRootImplExtImpl: the up motion event handled by client, just return
06-17 11:06:23.205 31070 32654 D PipelineManager: OCR process succeeded via visionkit pipeline.
06-17 11:06:23.270 31070 31070 E Surface : IGraphicBufferProducer::setMaxDequeuedBufferCount(2) returned Invalid argument
06-17 11:06:23.479 31070 31070 D OplusViewDragTouchViewHelper: dispatchTouchView action = 1
06-17 11:06:23.479 31070 31070 D ViewRootImplExtImpl: the up motion event handled by client, just return
06-17 11:06:24.127 31070 31945 W onnxruntime:  [W:onnxruntime:, nnapi_execution_provider.cc:229 GetCapability] NnapiExecutionProvider::GetCapability, number of partitions supported by NNAPI: 145 number of nodes in the graph: 1537 number of nodes supported by NNAPI: 997
06-17 11:06:24.133 31070 31945 W onnxruntime:  [W:onnxruntime:, nnapi_execution_provider.cc:229 GetCapability] NnapiExecutionProvider::GetCapability, number of partitions supported by NNAPI: 145 number of nodes in the graph: 1553 number of nodes supported by NNAPI: 1011
06-17 11:06:24.290 31070 31945 I ExecutionPlan: ExecutionPlan::SimpleBody::finish: compilation finished successfully on nnapi-reference
06-17 11:06:24.290 31070 31945 I ExecutionPlan: ExecutionPlan::SimpleBody::finish: compilation finished successfully on nnapi-reference
06-17 11:06:24.290 31070 31945 I ExecutionPlan: ExecutionPlan::SimpleBody::finish: compilation finished successfully on nnapi-reference
06-17 11:06:24.290 31070 31945 I ExecutionPlan: ExecutionPlan::SimpleBody::finish: compilation finished successfully on nnapi-reference
06-17 11:06:24.291 31070 31945 I ExecutionPlan: ExecutionPlan::SimpleBody::finish: compilation finished successfully on nnapi-reference
06-17 11:06:24.291 31070 31945 I ExecutionPlan: ExecutionPlan::SimpleBody::finish: compilation finished successfully on nnapi-reference
06-17 11:06:24.291 31070 31945 I ExecutionPlan: ExecutionPlan::SimpleBody::finish: compilation finished successfully on nnapi-reference
06-17 11:06:24.291 31070 31945 I ExecutionPlan: ExecutionPlan::SimpleBody::finish: compilation finished successfully on nnapi-reference
06-17 11:06:24.292 31070 31945 I ExecutionPlan: ExecutionPlan::SimpleBody::finish: compilation finished successfully on nnapi-reference
06-17 11:06:24.292 31070 31945 I ExecutionPlan: ExecutionPlan::SimpleBody::finish: compilation finished successfully on nnapi-reference
06-17 11:06:24.292 31070 31945 I ExecutionPlan: ExecutionPlan::SimpleBody::finish: compilation finished successfully on nnapi-reference
06-17 11:06:24.292 31070 31945 I ExecutionPlan: ExecutionPlan::SimpleBody::finish: compilation finished successfully on nnapi-reference
06-17 11:06:24.292 31070 31945 I ExecutionPlan: ExecutionPlan::SimpleBody::finish: compilation finished successfully on nnapi-reference
06-17 11:06:24.293 31070 31945 I ExecutionPlan: ExecutionPlan::SimpleBody::finish: compilation finished successfully on nnapi-reference
06-17 11:06:24.293 31070 31945 I ExecutionPlan: ExecutionPlan::SimpleBody::finish: compilation finished successfully on nnapi-reference
06-17 11:06:24.293 31070 31945 I ExecutionPlan: ExecutionPlan::SimpleBody::finish: compilation finished successfully on nnapi-reference
06-17 11:06:24.294 31070 31945 I ExecutionPlan: ExecutionPlan::SimpleBody::finish: compilation finished successfully on nnapi-reference
06-17 11:06:24.294 31070 31945 I ExecutionPlan: ExecutionPlan::SimpleBody::finish: compilation finished successfully on nnapi-reference
06-17 11:06:24.294 31070 31945 I ExecutionPlan: ExecutionPlan::SimpleBody::finish: compilation finished successfully on nnapi-reference
06-17 11:06:24.295 31070 31945 I ExecutionPlan: ExecutionPlan::SimpleBody::finish: compilation finished successfully on nnapi-reference
06-17 11:06:24.295 31070 31945 I ExecutionPlan: ExecutionPlan::SimpleBody::finish: compilation finished successfully on nnapi-reference
06-17 11:06:24.295 31070 31945 I ExecutionPlan: ExecutionPlan::SimpleBody::finish: compilation finished successfully on nnapi-reference
06-17 11:06:24.295 31070 31945 I ExecutionPlan: ExecutionPlan::SimpleBody::finish: compilation finished successfully on nnapi-reference
06-17 11:06:24.296 31070 31945 I ExecutionPlan: ExecutionPlan::SimpleBody::finish: compilation finished successfully on nnapi-reference
06-17 11:06:24.296 31070 31945 I ExecutionPlan: ExecutionPlan::SimpleBody::finish: compilation finished successfully on nnapi-reference
06-17 11:06:24.296 31070 31945 I ExecutionPlan: ExecutionPlan::SimpleBody::finish: compilation finished successfully on nnapi-reference
06-17 11:06:24.296 31070 31945 I ExecutionPlan: ExecutionPlan::SimpleBody::finish: compilation finished successfully on nnapi-reference
06-17 11:06:24.297 31070 31945 I ExecutionPlan: ExecutionPlan::SimpleBody::finish: compilation finished successfully on nnapi-reference
06-17 11:06:24.297 31070 31945 I ExecutionPlan: ExecutionPlan::SimpleBody::finish: compilation finished successfully on nnapi-reference
06-17 11:06:24.297 31070 31945 I ExecutionPlan: ExecutionPlan::SimpleBody::finish: compilation finished successfully on nnapi-reference
06-17 11:06:24.297 31070 31945 I ExecutionPlan: ExecutionPlan::SimpleBody::finish: compilation finished successfully on nnapi-reference
06-17 11:06:24.298 31070 31945 I ExecutionPlan: ExecutionPlan::SimpleBody::finish: compilation finished successfully on nnapi-reference
06-17 11:06:24.298 31070 31945 I ExecutionPlan: ExecutionPlan::SimpleBody::finish: compilation finished successfully on nnapi-reference
06-17 11:06:24.298 31070 31945 I ExecutionPlan: ExecutionPlan::SimpleBody::finish: compilation finished successfully on nnapi-reference
06-17 11:06:24.299 31070 31945 I ExecutionPlan: ExecutionPlan::SimpleBody::finish: compilation finished successfully on nnapi-reference
06-17 11:06:24.299 31070 31945 I ExecutionPlan: ExecutionPlan::SimpleBody::finish: compilation finished successfully on nnapi-reference
06-17 11:06:24.299 31070 31945 I ExecutionPlan: ExecutionPlan::SimpleBody::finish: compilation finished successfully on nnapi-reference
06-17 11:06:24.299 31070 31945 I ExecutionPlan: ExecutionPlan::SimpleBody::finish: compilation finished successfully on nnapi-reference
06-17 11:06:24.299 31070 31945 I ExecutionPlan: ExecutionPlan::SimpleBody::finish: compilation finished successfully on nnapi-reference
06-17 11:06:24.300 31070 31945 I ExecutionPlan: ExecutionPlan::SimpleBody::finish: compilation finished successfully on nnapi-reference
06-17 11:06:24.300 31070 31945 I ExecutionPlan: ExecutionPlan::SimpleBody::finish: compilation finished successfully on nnapi-reference
06-17 11:06:24.300 31070 31945 I ExecutionPlan: ExecutionPlan::SimpleBody::finish: compilation finished successfully on nnapi-reference
06-17 11:06:24.301 31070 31945 I ExecutionPlan: ExecutionPlan::SimpleBody::finish: compilation finished successfully on nnapi-reference
06-17 11:06:24.301 31070 31945 I ExecutionPlan: ExecutionPlan::SimpleBody::finish: compilation finished successfully on nnapi-reference
06-17 11:06:24.303 31070 31945 I ExecutionPlan: ExecutionPlan::SimpleBody::finish: compilation finished successfully on nnapi-reference
06-17 11:06:24.303 31070 31945 I ExecutionPlan: ExecutionPlan::SimpleBody::finish: compilation finished successfully on nnapi-reference
06-17 11:06:24.303 31070 31945 I ExecutionPlan: ExecutionPlan::SimpleBody::finish: compilation finished successfully on nnapi-reference
06-17 11:06:24.303 31070 31945 I ExecutionPlan: ExecutionPlan::SimpleBody::finish: compilation finished successfully on nnapi-reference
06-17 11:06:24.304 31070 31945 I ExecutionPlan: ExecutionPlan::SimpleBody::finish: compilation finished successfully on nnapi-reference
06-17 11:06:24.304 31070 31945 I ExecutionPlan: ExecutionPlan::SimpleBody::finish: compilation finished successfully on nnapi-reference
06-17 11:06:24.304 31070 31945 I ExecutionPlan: ExecutionPlan::SimpleBody::finish: compilation finished successfully on nnapi-reference
06-17 11:06:24.313 31070 32659 D DecoupledTextDelegate: Start loading thick OCR module.
06-17 11:06:24.313 31070 32659 I DynamiteModule: Considering local module com.google.mlkit.dynamite.text.japanese:10000 and remote module com.google.mlkit.dynamite.text.japanese:0
06-17 11:06:24.313 31070 32659 I DynamiteModule: Selected local version of com.google.mlkit.dynamite.text.japanese
06-17 11:06:24.314 31070 32659 I native  : I0000 00:00:1781669184.314484   32659 asset_manager_util.cc:61] Created global reference to asset manager.
06-17 11:06:24.323 31070   949 I native  : I0000 00:00:1781669184.322983     949 resource_manager.cc:23] Number of optimal threads: 6
06-17 11:06:24.323 31070   949 I native  : I0000 00:00:1781669184.323427     949 text_detector_thread_pool_context.cc:38] Compute manager max in flight region detector overwrite: 1
06-17 11:06:24.323 31070   948 I native  : I0000 00:00:1781669184.323469     948 text_classifier.cc:32] Creating classifier TfliteTextClassifier
06-17 11:06:24.323 31070   949 I native  : I0000 00:00:1781669184.323751     949 common_util.h:41] Resizing Thread Pool: ocr_det_0 to 3
06-17 11:06:24.323 31070   948 I native  : I0000 00:00:1781669184.323760     948 common_util.h:41] Resizing Thread Pool: ocr_segm to 3
06-17 11:06:24.324 31070   949 I native  : I0000 00:00:1781669184.324293     949 tflite_detector_client_with_shape_cache.cc:76] Interpreter threads: 6
06-17 11:06:24.325 31070   948 I native  : I0000 00:00:1781669184.325459     948 tflite_lstm_client_base.cc:371] Resizing interpreter pool to 4
06-17 11:06:24.325 31070   949 I tflite  : Replacing 44 out of 46 node(s) with delegate (TfLiteXNNPackDelegate) node, yielding 3 partitions for the whole graph.
06-17 11:06:24.326 31070   949 I native  : I0000 00:00:1781669184.326588     949 tflite_detector_client_with_shape_cache.cc:105] Caching size: 10
06-17 11:06:24.326 31070   948 I native  : I0000 00:00:1781669184.326661     948 multi_pass_line_recognition_mutator.cc:342] Preloading recognizers.
06-17 11:06:24.326 31070 32646 I native  : I0000 00:00:1781669184.326873   32646 tflite_model_pooled_runner.cc:625] Loading mlkit-google-ocr-models/gocr/gocr_models/line_recognition_legacy_mobile/Hani_ctc/optical/conv_model.fb
06-17 11:06:24.326 31070 32645 I native  : I0000 00:00:1781669184.326935   32645 tflite_model_pooled_runner.cc:625] Loading mlkit-google-ocr-models/gocr/gocr_models/line_recognition_legacy_mobile/Jpan_ctc/optical/conv_model.fb
06-17 11:06:24.327 31070   949 I native  : I0000 00:00:1781669184.327109     949 tflite_model_pooled_runner.cc:625] Loading mlkit-google-ocr-models/gocr/layout/line_splitting_custom_ops/model.tflite
06-17 11:06:24.327 31070 32646 I native  : I0000 00:00:1781669184.327214   32646 tflite_model_pooled_runner.cc:636] Loading mlkit-google-ocr-models/gocr/gocr_models/line_recognition_legacy_mobile/Hani_ctc/optical/lstm_model.fb
06-17 11:06:24.327 31070 32645 I native  : I0000 00:00:1781669184.327301   32645 tflite_model_pooled_runner.cc:636] Loading mlkit-google-ocr-models/gocr/gocr_models/line_recognition_legacy_mobile/Jpan_ctc/optical/lstm_model.fb
06-17 11:06:24.327 31070   949 I native  : I0000 00:00:1781669184.327431     949 tflite_model_pooled_runner.cc:836] Resizing interpreter pool to 1
06-17 11:06:24.327 31070   949 I native  : I0000 00:00:1781669184.327639     949 tflite_model_pooled_runner.cc:625] Loading mlkit-google-ocr-models/gocr/layout/line_clustering_custom_ops/model.tflite
06-17 11:06:24.327 31070 32618 I native  : I0000 00:00:1781669184.327690   32618 tflite_model_pooled_runner.cc:625] Loading mlkit-google-ocr-models/gocr/gocr_models/line_recognition_legacy_mobile/Latn_ctc/optical/conv_model.fb
06-17 11:06:24.327 31070   949 I native  : I0000 00:00:1781669184.327877     949 tflite_model_pooled_runner.cc:836] Resizing interpreter pool to 1
06-17 11:06:24.328 31070 32618 I native  : I0000 00:00:1781669184.328484   32618 tflite_model_pooled_runner.cc:636] Loading mlkit-google-ocr-models/gocr/gocr_models/line_recognition_legacy_mobile/Latn_ctc/optical/lstm_model.fb
06-17 11:06:24.332 31070 32646 I native  : I0000 00:00:1781669184.332383   32646 tflite_model_pooled_runner.cc:836] Resizing interpreter pool to 4
06-17 11:06:24.332 31070 32645 I native  : I0000 00:00:1781669184.332969   32645 tflite_model_pooled_runner.cc:836] Resizing interpreter pool to 4
06-17 11:06:24.335 31070 32618 I native  : I0000 00:00:1781669184.335310   32618 tflite_model_pooled_runner.cc:836] Resizing interpreter pool to 4
06-17 11:06:24.336 31070 32645 I native  : I0000 00:00:1781669184.336477   32645 mobile_langid_v2.cc:58] MobileLangID V2 initialized.
06-17 11:06:24.336 31070 32645 I native  : I0000 00:00:1781669184.336558   32645 multi_pass_line_recognition_mutator.cc:364] Finished preloading a recognizer for "Jpan"
06-17 11:06:24.336 31070 32646 I native  : I0000 00:00:1781669184.336775   32646 mobile_langid_v2.cc:58] MobileLangID V2 initialized.
06-17 11:06:24.336 31070 32646 I native  : I0000 00:00:1781669184.336856   32646 multi_pass_line_recognition_mutator.cc:364] Finished preloading a recognizer for "Hani"
06-17 11:06:24.338 31070 32618 I native  : I0000 00:00:1781669184.338424   32618 mobile_langid_v2.cc:58] MobileLangID V2 initialized.
06-17 11:06:24.338 31070 32618 I native  : I0000 00:00:1781669184.338493   32618 multi_pass_line_recognition_mutator.cc:364] Finished preloading a recognizer for "Latn"
06-17 11:06:24.338 31070   948 I native  : I0000 00:00:1781669184.338561     948 multi_pass_line_recognition_mutator.cc:398] Finished preloading recognizers.
06-17 11:06:24.339 31070 32659 D PipelineManager: Start process bitmap
06-17 11:06:24.349 31070   949 I tflite  : Replacing 44 out of 46 node(s) with delegate (TfLiteXNNPackDelegate) node, yielding 3 partitions for the whole graph.
06-17 11:06:24.359 31070 31070 E IJankManager: slideSceneEnd unknown scene 1000 mScene:-1
06-17 11:06:24.363 31070   949 I tflite  : Replacing 44 out of 46 node(s) with delegate (TfLiteXNNPackDelegate) node, yielding 3 partitions for the whole graph.
06-17 11:06:24.380 31070   949 I tflite  : Replacing 44 out of 46 node(s) with delegate (TfLiteXNNPackDelegate) node, yielding 3 partitions for the whole graph.
06-17 11:06:24.411 31070   949 I tflite  : Replacing 44 out of 46 node(s) with delegate (TfLiteXNNPackDelegate) node, yielding 3 partitions for the whole graph.
06-17 11:06:24.428 31070   949 I tflite  : Replacing 44 out of 46 node(s) with delegate (TfLiteXNNPackDelegate) node, yielding 3 partitions for the whole graph.
06-17 11:06:24.455 31070 31070 D OplusViewDragTouchViewHelper: dispatchTouchView action = 1
06-17 11:06:24.455 31070 31070 D ViewRootImplExtImpl: the up motion event handled by client, just return
06-17 11:06:24.491 31070 32659 D PipelineManager: OCR process succeeded via visionkit pipeline.
06-17 11:06:24.559 31070 31070 E Surface : IGraphicBufferProducer::setMaxDequeuedBufferCount(2) returned Invalid argument
06-17 11:06:24.602 31070 32598 D native  : I0617 11:06:24.602570   32598 mergeddicttrans.cc:1860] The current system has NMT.
06-17 11:06:24.602 31070 32598 D native  : I0617 11:06:24.602776   32598 mergeddicttrans.cc:1866] Sentence #0: ないって.?
06-17 11:06:24.602 31070 32598 D native  : I0617 11:06:24.602811   32598 mergeddicttrans.cc:1918] To be translated by NMT.
06-17 11:06:24.613 31070 32598 I native  : I0617 11:06:24.613088   32598 mergeddicttrans.cc:1827] Sentence #0: ないって.?
06-17 11:06:24.613 31070 32598 I native  : I0617 11:06:24.613179   32598 mergeddicttrans.cc:1828] 
06-17 11:06:24.613 31070 32598 I native  : Source language: ja, target language: en
06-17 11:06:24.613 31070 32598 I native  : 
06-17 11:06:24.613 31070 32598 I native  : Has period trick: 0
06-17 11:06:24.613 31070 32598 I native  : 
06-17 11:06:24.613 31070 32598 I native  : Full translation: No.?
06-17 11:06:24.613 31070 32598 I native  : Translate Instance: 
06-17 11:06:24.613 31070 32598 I native  : Query (raw): ないって.?
06-17 11:06:24.613 31070 32598 I native  : Query (after preprocess): ない っ て . ?
06-17 11:06:24.613 31070 32598 I native  : Query ids (after tokenizer): 137 3 88 12 6 882 2
06-17 11:06:24.613 31070 32598 I native  : Translation ids: 1916 4 417 2
06-17 11:06:24.613 31070 32598 I native  : Translation (after detokenizer): No . ?
06-17 11:06:24.613 31070 32598 I native  : Alignment probability:
06-17 11:06:24.613 31070 32598 I native  : 	No	.	?
06-17 11:06:24.613 31070 32598 I native  : ない	0.435294	0.0627451	0.0666667
06-17 11:06:24.613 31070 32598 I native  : っ	0.0862745	0.0470588	0.0470588
06-17 11:06:24.613 31070 32598 I native  : て	0.0509804	0.0392157	0.0431373
06-17 11:06:24.613 31070 32598 I native  : .	0.121569	0.411765	0.121569
06-17 11:06:24.613 31070 32598 I native  : ?	0.188235	0.0313726	0.439216
06-17 11:06:24.613 31070 32598 I native  : Translation (before postprocess): No . ?
06-17 11:06:24.617 31070 32599 D native  : I0617 11:06:24.617960   32599 mergeddicttrans.cc:1860] The current system has NMT.
06-17 11:06:24.618 31070 32599 D native  : I0617 11:06:24.618020   32599 mergeddicttrans.cc:1866] Sentence #0: RO愛術士じゃ
06-17 11:06:24.618 31070 32599 D native  : I0617 11:06:24.618052   32599 mergeddicttrans.cc:1918] To be translated by NMT.
06-17 11:06:24.630 31070 32599 I native  : I0617 11:06:24.630586   32599 mergeddicttrans.cc:1827] Sentence #0: RO愛術士じゃ
06-17 11:06:24.630 31070 32599 I native  : I0617 11:06:24.630667   32599 mergeddicttrans.cc:1828] 
06-17 11:06:24.630 31070 32599 I native  : Source language: ja, target language: en
06-17 11:06:24.630 31070 32599 I native  : 
06-17 11:06:24.630 31070 32599 I native  : Has period trick: 0
06-17 11:06:24.630 31070 32599 I native  : 
06-17 11:06:24.630 31070 32599 I native  : Full translation: RO lovers
06-17 11:06:24.630 31070 32599 I native  : Translate Instance: 
06-17 11:06:24.630 31070 32599 I native  : Query (raw): RO愛術士じゃ
06-17 11:06:24.630 31070 32599 I native  : Query (after preprocess): ro 愛術 士 じゃ
06-17 11:06:24.630 31070 32599 I native  : Query ids (after tokenizer): 179 29 1740 1501 3 1676 2133 1958 2
06-17 11:06:24.630 31070 32599 I native  : Translation ids: 57 128 190 377 88 2
06-17 11:06:24.630 31070 32599 I native  : Translation (after detokenizer): RO lovers
06-17 11:06:24.630 31070 32599 I native  : Alignment probability:
06-17 11:06:24.630 31070 32599 I native  : 	RO	lovers
06-17 11:06:24.630 31070 32599 I native  : ro	0.696078	0.00653595
06-17 11:06:24.630 31070 32599 I native  : 愛術	0.0666667	0.631373
06-17 11:06:24.630 31070 32599 I native  : 士	0.00588235	0.15817
06-17 11:06:24.630 31070 32599 I native  : じゃ	0.164706	0.0666667
06-17 11:06:24.630 31070 32599 I native  : Translation (before postprocess): RO lovers
06-17 11:06:24.631 31070 32649 D native  : I0617 11:06:24.631453   32649 mergeddicttrans.cc:1860] The current system has NMT.
06-17 11:06:24.631 31070 32649 D native  : I0617 11:06:24.631503   32649 mergeddicttrans.cc:1866] Sentence #0: 中でも劣るほうよ
06-17 11:06:24.631 31070 32649 D native  : I0617 11:06:24.631583   32649 mergeddicttrans.cc:1918] To be translated by NMT.
06-17 11:06:24.647 31070 32649 I native  : I0617 11:06:24.647581   32649 mergeddicttrans.cc:1827] Sentence #0: 中でも劣るほうよ
06-17 11:06:24.647 31070 32649 I native  : I0617 11:06:24.647786   32649 mergeddicttrans.cc:1828] 
06-17 11:06:24.647 31070 32649 I native  : Source language: ja, target language: en
06-17 11:06:24.647 31070 32649 I native  : 
06-17 11:06:24.647 31070 32649 I native  : Has period trick: 0
06-17 11:06:24.647 31070 32649 I native  : 
06-17 11:06:24.647 31070 32649 I native  : Full translation: Even in the middle
06-17 11:06:24.647 31070 32649 I native  : Translate Instance: 
06-17 11:06:24.647 31070 32649 I native  : Query (raw): 中でも劣るほうよ
06-17 11:06:24.647 31070 32649 I native  : Query (after preprocess): 中 で も 劣る ほうよ
06-17 11:06:24.647 31070 32649 I native  : Query ids (after tokenizer): 134 16 54 3 1996 84 898 368 1356 2
06-17 11:06:24.647 31070 32649 I native  : Translation ids: 2697 12 3 2944 2
06-17 11:06:24.647 31070 32649 I native  : Translation (after detokenizer): Even in the middle
06-17 11:06:24.647 31070 32649 I native  : Alignment probability:
06-17 11:06:24.647 31070 32649 I native  : 	Even	in	the	middle
06-17 11:06:24.647 31070 32649 I native  : 中	0.282353	0.435294	0.415686	0.45098
06-17 11:06:24.647 31070 32649 I native  : で	0.0431373	0.0823529	0.0392157	0.0235294
06-17 11:06:24.647 31070 32649 I native  : も	0.121569	0.0980392	0.0509804	0.0156863
06-17 11:06:24.647 31070 32649 I native  : 劣る	0.203922	0.290196	0.352941	0.203922
06-17 11:06:24.647 31070 32649 I native  : ほうよ	0.317647	0.0784314	0.0235294	0.0117647
06-17 11:06:24.647 31070 32649 I native  : Translation (before postprocess): Even in the middle
06-17 11:06:24.652 31070 32651 D native  : I0617 11:06:24.652015   32651 mergeddicttrans.cc:1860] The current system has NMT.
06-17 11:06:24.652 31070 32651 D native  : I0617 11:06:24.652079   32651 mergeddicttrans.cc:1866] Sentence #0: 部したの
06-17 11:06:24.652 31070 32651 D native  : I0617 11:06:24.652110   32651 mergeddicttrans.cc:1918] To be translated by NMT.
06-17 11:06:24.662 31070 32651 I native  : I0617 11:06:24.662602   32651 mergeddicttrans.cc:1827] Sentence #0: 部したの
06-17 11:06:24.662 31070 32651 I native  : I0617 11:06:24.662755   32651 mergeddicttrans.cc:1828] 
06-17 11:06:24.662 31070 32651 I native  : Source language: ja, target language: en
06-17 11:06:24.662 31070 32651 I native  : 
06-17 11:06:24.662 31070 32651 I native  : Has period trick: 0
06-17 11:06:24.662 31070 32651 I native  : 
06-17 11:06:24.662 31070 32651 I native  : Full translation: Part of
06-17 11:06:24.662 31070 32651 I native  : Translate Instance: 
06-17 11:06:24.662 31070 32651 I native  : Query (raw): 部したの
06-17 11:06:24.662 31070 32651 I native  : Query (after preprocess): 部 し た の
06-17 11:06:24.662 31070 32651 I native  : Query ids (after tokenizer): 140 11 15 4 2
06-17 11:06:24.662 31070 32651 I native  : Translation ids: 345 6 2
06-17 11:06:24.662 31070 32651 I native  : Translation (after detokenizer): part of
06-17 11:06:24.662 31070 32651 I native  : Alignment probability:
06-17 11:06:24.662 31070 32651 I native  : 	part	of
06-17 11:06:24.662 31070 32651 I native  : 部	0.290196	0.105882
06-17 11:06:24.662 31070 32651 I native  : し	0.12549	0.0862745
06-17 11:06:24.662 31070 32651 I native  : た	0.12549	0.0588235
06-17 11:06:24.662 31070 32651 I native  : の	0.101961	0.0313726
06-17 11:06:24.662 31070 32651 I native  : Translation (before postprocess): part of
06-17 11:06:24.664 31070 32652 D native  : I0617 11:06:24.664187   32652 mergeddicttrans.cc:1860] The current system has NMT.
06-17 11:06:24.664 31070 32652 D native  : I0617 11:06:24.664240   32652 mergeddicttrans.cc:1866] Sentence #0: ラインフォルドの
06-17 11:06:24.664 31070 32652 D native  : I0617 11:06:24.664270   32652 mergeddicttrans.cc:1918] To be translated by NMT.
06-17 11:06:24.675 31070 32652 I native  : I0617 11:06:24.675590   32652 mergeddicttrans.cc:1827] Sentence #0: ラインフォルドの
06-17 11:06:24.675 31070 32652 I native  : I0617 11:06:24.675671   32652 mergeddicttrans.cc:1828] 
06-17 11:06:24.675 31070 32652 I native  : Source language: ja, target language: en
06-17 11:06:24.675 31070 32652 I native  : 
06-17 11:06:24.675 31070 32652 I native  : Has period trick: 0
06-17 11:06:24.675 31070 32652 I native  : 
06-17 11:06:24.675 31070 32652 I native  : Full translation: Line film
06-17 11:06:24.675 31070 32652 I native  : Translate Instance: 
06-17 11:06:24.675 31070 32652 I native  : Query (raw): ラインフォルドの
06-17 11:06:24.675 31070 32652 I native  : Query (after preprocess): ラインフォルド の
06-17 11:06:24.675 31070 32652 I native  : Query ids (after tokenizer): 260 164 610 23 298 4 2
06-17 11:06:24.675 31070 32652 I native  : Translation ids: 423 381 2
06-17 11:06:24.675 31070 32652 I native  : Translation (after detokenizer): line film
06-17 11:06:24.675 31070 32652 I native  : Alignment probability:
06-17 11:06:24.675 31070 32652 I native  : 	line	film
06-17 11:06:24.675 31070 32652 I native  : ラインフォルド	0.729412	0.976471
06-17 11:06:24.675 31070 32652 I native  : の	0.0705882	0.00784314
06-17 11:06:24.675 31070 32652 I native  : Translation (before postprocess): line film
06-17 11:06:24.677 31070 32654 D native  : I0617 11:06:24.677313   32654 mergeddicttrans.cc:1860] The current system has NMT.
06-17 11:06:24.677 31070 32654 D native  : I0617 11:06:24.677349   32654 mergeddicttrans.cc:1866] Sentence #0: 魔法レベルは
06-17 11:06:24.677 31070 32654 D native  : I0617 11:06:24.677376   32654 mergeddicttrans.cc:1918] To be translated by NMT.
06-17 11:06:24.692 31070 32654 I native  : I0617 11:06:24.692730   32654 mergeddicttrans.cc:1827] Sentence #0: 魔法レベルは
06-17 11:06:24.692 31070 32654 I native  : I0617 11:06:24.692969   32654 mergeddicttrans.cc:1828] 
06-17 11:06:24.692 31070 32654 I native  : Source language: ja, target language: en
06-17 11:06:24.692 31070 32654 I native  : 
06-17 11:06:24.692 31070 32654 I native  : Has period trick: 0
06-17 11:06:24.692 31070 32654 I native  : 
06-17 11:06:24.692 31070 32654 I native  : Full translation: Magic level
06-17 11:06:24.692 31070 32654 I native  : Translate Instance: 
06-17 11:06:24.692 31070 32654 I native  : Query (raw): 魔法レベルは
06-17 11:06:24.692 31070 32654 I native  : Query (after preprocess): 魔法 レベル は
06-17 11:06:24.692 31070 32654 I native  : Query ids (after tokenizer): 3 2247 996 113 664 9 2
06-17 11:06:24.692 31070 32654 I native  : Translation ids: 33 431 42 476 2
06-17 11:06:24.692 31070 32654 I native  : Translation (after detokenizer): Magic level
06-17 11:06:24.692 31070 32654 I native  : Alignment probability:
06-17 11:06:24.692 31070 32654 I native  : 	Magic	level
06-17 11:06:24.692 31070 32654 I native  : 魔法	0.875817	0.027451
06-17 11:06:24.692 31070 32654 I native  : レベル	0.0196078	0.905882
06-17 11:06:24.692 31070 32654 I native  : は	0.0562092	0.0235294
06-17 11:06:24.692 31070 32654 I native  : Translation (before postprocess): Magic level
06-17 11:06:24.694 31070 32657 D native  : I0617 11:06:24.694454   32657 mergeddicttrans.cc:1860] The current system has NMT.
06-17 11:06:24.694 31070 32657 D native  : I0617 11:06:24.694567   32657 mergeddicttrans.cc:1866] Sentence #0: 対決を
06-17 11:06:24.694 31070 32657 D native  : I0617 11:06:24.694603   32657 mergeddicttrans.cc:1918] To be translated by NMT.
06-17 11:06:24.703 31070 32657 I native  : I0617 11:06:24.703428   32657 mergeddicttrans.cc:1827] Sentence #0: 対決を
06-17 11:06:24.703 31070 32657 I native  : I0617 11:06:24.703556   32657 mergeddicttrans.cc:1828] 
06-17 11:06:24.703 31070 32657 I native  : Source language: ja, target language: en
06-17 11:06:24.703 31070 32657 I native  : 
06-17 11:06:24.703 31070 32657 I native  : Has period trick: 0
06-17 11:06:24.703 31070 32657 I native  : 
06-17 11:06:24.703 31070 32657 I native  : Full translation: Confrontation
06-17 11:06:24.703 31070 32657 I native  : Translate Instance: 
06-17 11:06:24.703 31070 32657 I native  : Query (raw): 対決を
06-17 11:06:24.703 31070 32657 I native  : Query (after preprocess): 対決 を
06-17 11:06:24.703 31070 32657 I native  : Query ids (after tokenizer): 548 1370 7 2
06-17 11:06:24.703 31070 32657 I native  : Translation ids: 1364 74 897 86 2
06-17 11:06:24.703 31070 32657 I native  : Translation (after detokenizer): Confrontation
06-17 11:06:24.703 31070 32657 I native  : Alignment probability:
06-17 11:06:24.703 31070 32657 I native  : 	Confrontation
06-17 11:06:24.703 31070 32657 I native  : 対決	0.634314
06-17 11:06:24.703 31070 32657 I native  : を	0.0901961
06-17 11:06:24.703 31070 32657 I native  : Translation (before postprocess): Confrontation
06-17 11:06:24.705 31070 32659 D native  : I0617 11:06:24.705245   32659 mergeddicttrans.cc:1860] The current system has NMT.
06-17 11:06:24.705 31070 32659 D native  : I0617 11:06:24.705324   32659 mergeddicttrans.cc:1866] Sentence #0: 使えるな芝て
06-17 11:06:24.705 31070 32659 D native  : I0617 11:06:24.705356   32659 mergeddicttrans.cc:1918] To be translated by NMT.
06-17 11:06:24.721 31070 32659 I native  : I0617 11:06:24.721279   32659 mergeddicttrans.cc:1827] Sentence #0: 使えるな芝て
06-17 11:06:24.721 31070 32659 I native  : I0617 11:06:24.721390   32659 mergeddicttrans.cc:1828] 
06-17 11:06:24.721 31070 32659 I native  : Source language: ja, target language: en
06-17 11:06:24.721 31070 32659 I native  : 
06-17 11:06:24.721 31070 32659 I native  : Has period trick: 0
06-17 11:06:24.721 31070 32659 I native  : 
06-17 11:06:24.721 31070 32659 I native  : Full translation: I can not use it
06-17 11:06:24.721 31070 32659 I native  : Translate Instance: 
06-17 11:06:24.721 31070 32659 I native  : Query (raw): 使えるな芝て
06-17 11:06:24.721 31070 32659 I native  : Query (after preprocess): 使える な 芝 て
06-17 11:06:24.721 31070 32659 I native  : Query ids (after tokenizer): 823 547 26 3 2597 12 2
06-17 11:06:24.721 31070 32659 I native  : Translation ids: 63 31 53 206 70 2
06-17 11:06:24.721 31070 32659 I native  : Translation (after detokenizer): I can not use it
06-17 11:06:24.721 31070 32659 I native  : Alignment probability:
06-17 11:06:24.721 31070 32659 I native  : 	I	can	not	use	it
06-17 11:06:24.721 31070 32659 I native  : 使える	0.321569	0.423529	0.529412	0.866667	0.0666667
06-17 11:06:24.721 31070 32659 I native  : な	0.301961	0.184314	0.0941176	0.00784314	0.0941176
06-17 11:06:24.721 31070 32659 I native  : 芝	0.133333	0.12549	0.12549	0.0235294	0.639216
06-17 11:06:24.721 31070 32659 I native  : て	0.196078	0.121569	0.0392157	0.00392157	0.0235294
06-17 11:06:24.721 31070 32659 I native  : Translation (before postprocess): I can not use it
06-17 11:06:24.723 31070 32598 D native  : I0617 11:06:24.723206   32598 mergeddicttrans.cc:1860] The current system has NMT.
06-17 11:06:24.723 31070 32598 D native  : I0617 11:06:24.723254   32598 mergeddicttrans.cc:1866] Sentence #0: テッサーとの
06-17 11:06:24.723 31070 32598 D native  : I0617 11:06:24.723279   32598 mergeddicttrans.cc:1918] To be translated by NMT.
06-17 11:06:24.734 31070 32598 I native  : I0617 11:06:24.734746   32598 mergeddicttrans.cc:1827] Sentence #0: テッサーとの
06-17 11:06:24.734 31070 32598 I native  : I0617 11:06:24.734842   32598 mergeddicttrans.cc:1828] 
06-17 11:06:24.734 31070 32598 I native  : Source language: ja, target language: en
06-17 11:06:24.734 31070 32598 I native  : 
06-17 11:06:24.734 31070 32598 I native  : Has period trick: 0
06-17 11:06:24.734 31070 32598 I native  : 
06-17 11:06:24.734 31070 32598 I native  : Full translation: With a tessa
06-17 11:06:24.734 31070 32598 I native  : Translate Instance: 
06-17 11:06:24.734 31070 32598 I native  : Query (raw): テッサーとの
06-17 11:06:24.734 31070 32598 I native  : Query (after preprocess): テッサー と の
06-17 11:06:24.734 31070 32598 I native  : Query ids (after tokenizer): 251 120 305 25 14 4 2
06-17 11:06:24.734 31070 32598 I native  : Translation ids: 25 9 110 388 45 2
06-17 11:06:24.734 31070 32598 I native  : Translation (after detokenizer): with a tessa
06-17 11:06:24.734 31070 32598 I native  : Alignment probability:
06-17 11:06:24.734 31070 32598 I native  : 	with	a	tessa
06-17 11:06:24.734 31070 32598 I native  : テッサー	0.305882	0.776471	0.911111
06-17 11:06:24.734 31070 32598 I native  : と	0.376471	0.00784314	0.00130719
06-17 11:06:24.734 31070 32598 I native  : の	0.0705882	0.00784314	0
06-17 11:06:24.734 31070 32598 I native  : Translation (before postprocess): with a tessa
06-17 11:06:24.737 31070 32599 D native  : I0617 11:06:24.737367   32599 mergeddicttrans.cc:1860] The current system has NMT.
06-17 11:06:24.737 31070 32599 D native  : I0617 11:06:24.737433   32599 mergeddicttrans.cc:1866] Sentence #0: R0寧術を
06-17 11:06:24.737 31070 32599 D native  : I0617 11:06:24.737468   32599 mergeddicttrans.cc:1918] To be translated by NMT.
06-17 11:06:24.748 31070 32599 I native  : I0617 11:06:24.748763   32599 mergeddicttrans.cc:1827] Sentence #0: R0寧術を
06-17 11:06:24.748 31070 32599 I native  : I0617 11:06:24.748847   32599 mergeddicttrans.cc:1828] 
06-17 11:06:24.748 31070 32599 I native  : Source language: ja, target language: en
06-17 11:06:24.748 31070 32599 I native  : 
06-17 11:06:24.748 31070 32599 I native  : Has period trick: 0
06-17 11:06:24.748 31070 32599 I native  : 
06-17 11:06:24.748 31070 32599 I native  : Full translation: R0 Ning
06-17 11:06:24.748 31070 32599 I native  : Translate Instance: 
06-17 11:06:24.748 31070 32599 I native  : Query (raw): R0寧術を
06-17 11:06:24.748 31070 32599 I native  : Query (after preprocess): r0 寧術 を
06-17 11:06:24.748 31070 32599 I native  : Query ids (after tokenizer): 179 37 3 2965 1501 7 2
06-17 11:06:24.748 31070 32599 I native  : Translation ids: 57 68 92 13 2
06-17 11:06:24.748 31070 32599 I native  : Translation (after detokenizer): R0 Ning
06-17 11:06:24.748 31070 32599 I native  : Alignment probability:
06-17 11:06:24.748 31070 32599 I native  : 	R0	Ning
06-17 11:06:24.748 31070 32599 I native  : r0	0.768627	0.0294118
06-17 11:06:24.748 31070 32599 I native  : 寧術	0.0803922	0.860784
06-17 11:06:24.748 31070 32599 I native  : を	0.0529412	0.0529412
06-17 11:06:24.748 31070 32599 I native  : Translation (before postprocess): R0 Ning
06-17 11:06:24.751 31070 32649 D native  : I0617 11:06:24.751426   32649 mergeddicttrans.cc:1860] The current system has NMT.
06-17 11:06:24.751 31070 32649 D native  : I0617 11:06:24.751694   32649 mergeddicttrans.cc:1866] Sentence #0: あれほどの
06-17 11:06:24.751 31070 32649 D native  : I0617 11:06:24.751787   32649 mergeddicttrans.cc:1918] To be translated by NMT.
06-17 11:06:24.761 31070 32649 I native  : I0617 11:06:24.761648   32649 mergeddicttrans.cc:1827] Sentence #0: あれほどの
06-17 11:06:24.761 31070 32649 I native  : I0617 11:06:24.761686   32649 mergeddicttrans.cc:1828] 
06-17 11:06:24.761 31070 32649 I native  : Source language: ja, target language: en
06-17 11:06:24.761 31070 32649 I native  : 
06-17 11:06:24.761 31070 32649 I native  : Has period trick: 0
06-17 11:06:24.761 31070 32649 I native  : 
06-17 11:06:24.761 31070 32649 I native  : Full translation: As much
06-17 11:06:24.761 31070 32649 I native  : Translate Instance: 
06-17 11:06:24.761 31070 32649 I native  : Query (raw): あれほどの
06-17 11:06:24.761 31070 32649 I native  : Query (after preprocess): あれ ほど の
06-17 11:06:24.761 31070 32649 I native  : Query ids (after tokenizer): 838 126 898 1010 4 2
06-17 11:06:24.761 31070 32649 I native  : Translation ids: 27 2181 2
06-17 11:06:24.761 31070 32649 I native  : Translation (after detokenizer): as much
06-17 11:06:24.761 31070 32649 I native  : Alignment probability:
06-17 11:06:24.761 31070 32649 I native  : 	as	much
06-17 11:06:24.761 31070 32649 I native  : あれ	0.376471	0.223529
06-17 11:06:24.761 31070 32649 I native  : ほど	0.105882	0.152941
06-17 11:06:24.761 31070 32649 I native  : の	0.0392157	0.0392157
06-17 11:06:24.761 31070 32649 I native  : Translation (before postprocess): as much
06-17 11:06:24.762 31070 31070 D OplusViewDragTouchViewHelper: dispatchTouchView action = 1
06-17 11:06:24.762 31070 31070 D ViewRootImplExtImpl: the up motion event handled by client, just return
06-17 11:06:24.767 31070 32651 D native  : I0617 11:06:24.767013   32651 mergeddicttrans.cc:1860] The current system has NMT.
06-17 11:06:24.767 31070 32651 D native  : I0617 11:06:24.767078   32651 mergeddicttrans.cc:1866] Sentence #0: 見たいがため
06-17 11:06:24.767 31070 32651 D native  : I0617 11:06:24.767108   32651 mergeddicttrans.cc:1918] To be translated by NMT.
06-17 11:06:24.781 31070 32651 I native  : I0617 11:06:24.781694   32651 mergeddicttrans.cc:1827] Sentence #0: 見たいがため
06-17 11:06:24.781 31070 32651 I native  : I0617 11:06:24.781785   32651 mergeddicttrans.cc:1828] 
06-17 11:06:24.781 31070 32651 I native  : Source language: ja, target language: en
06-17 11:06:24.781 31070 32651 I native  : 
06-17 11:06:24.781 31070 32651 I native  : Has period trick: 0
06-17 11:06:24.781 31070 32651 I native  : 
06-17 11:06:24.781 31070 32651 I native  : Full translation: I want to see
06-17 11:06:24.781 31070 32651 I native  : Translate Instance: 
06-17 11:06:24.781 31070 32651 I native  : Query (raw): 見たいがため
06-17 11:06:24.781 31070 32651 I native  : Query (after preprocess): 見たい が ため
06-17 11:06:24.781 31070 32651 I native  : Query ids (after tokenizer): 459 398 44 10 94 2
06-17 11:06:24.781 31070 32651 I native  : Translation ids: 63 799 7 631 2
06-17 11:06:24.781 31070 32651 I native  : Translation (after detokenizer): I want to see
06-17 11:06:24.781 31070 32651 I native  : Alignment probability:
06-17 11:06:24.781 31070 32651 I native  : 	I	want	to	see
06-17 11:06:24.781 31070 32651 I native  : 見たい	0.396078	0.682353	0.470588	0.847059
06-17 11:06:24.781 31070 32651 I native  : が	0.0509804	0.00392157	0.101961	0.0156863
06-17 11:06:24.781 31070 32651 I native  : ため	0.435294	0.0705882	0.054902	0.00392157
06-17 11:06:24.781 31070 32651 I native  : Translation (before postprocess): I want to see
06-17 11:06:24.787 31070 32652 D native  : I0617 11:06:24.787651   32652 mergeddicttrans.cc:1860] The current system has NMT.
06-17 11:06:24.787 31070 32652 D native  : I0617 11:06:24.787711   32652 mergeddicttrans.cc:1866] Sentence #0: あの人が……
06-17 11:06:24.787 31070 32652 D native  : I0617 11:06:24.787743   32652 mergeddicttrans.cc:1918] To be translated by NMT.
06-17 11:06:24.805 31070 32652 I native  : I0617 11:06:24.805105   32652 mergeddicttrans.cc:1827] Sentence #0: あの人が……
06-17 11:06:24.805 31070 32652 I native  : I0617 11:06:24.805211   32652 mergeddicttrans.cc:1828] 
06-17 11:06:24.805 31070 32652 I native  : Source language: ja, target language: en
06-17 11:06:24.805 31070 32652 I native  : 
06-17 11:06:24.805 31070 32652 I native  : Has period trick: 0
06-17 11:06:24.805 31070 32652 I native  : 
06-17 11:06:24.805 31070 32652 I native  : Full translation: That person ......
06-17 11:06:24.805 31070 32652 I native  : Translate Instance: 
06-17 11:06:24.805 31070 32652 I native  : Query (raw): あの人が……
06-17 11:06:24.805 31070 32652 I native  : Query (after preprocess): あの 人 が ......
06-17 11:06:24.805 31070 32652 I native  : Query ids (after tokenizer): 838 440 413 10 1198 2311 62 2
06-17 11:06:24.805 31070 32652 I native  : Translation ids: 1189 1804 983 3371 64 2
06-17 11:06:24.805 31070 32652 I native  : Translation (after detokenizer): That person ......
06-17 11:06:24.805 31070 32652 I native  : Alignment probability:
06-17 11:06:24.805 31070 32652 I native  : 	That	person	......
06-17 11:06:24.805 31070 32652 I native  : あの	0.686275	0.0470588	0.00653595
06-17 11:06:24.805 31070 32652 I native  : 人	0.0784314	0.905882	0.00261438
06-17 11:06:24.805 31070 32652 I native  : が	0.152941	0.0196078	0.163399
06-17 11:06:24.805 31070 32652 I native  : ......	0.0431373	0.0156863	0.411765
06-17 11:06:24.805 31070 32652 I native  : Translation (before postprocess): That person ......
06-17 11:06:24.806 31070 32654 D native  : I0617 11:06:24.806656   32654 mergeddicttrans.cc:1860] The current system has NMT.
06-17 11:06:24.806 31070 32654 D native  : I0617 11:06:24.806720   32654 mergeddicttrans.cc:1866] Sentence #0: 格闘技を学んだ
06-17 11:06:24.806 31070 32654 D native  : I0617 11:06:24.806749   32654 mergeddicttrans.cc:1918] To be translated by NMT.
06-17 11:06:24.825 31070 32654 I native  : I0617 11:06:24.825207   32654 mergeddicttrans.cc:1827] Sentence #0: 格闘技を学んだ
06-17 11:06:24.825 31070 32654 I native  : I0617 11:06:24.825303   32654 mergeddicttrans.cc:1828] 
06-17 11:06:24.825 31070 32654 I native  : Source language: ja, target language: en
06-17 11:06:24.825 31070 32654 I native  : 
06-17 11:06:24.825 31070 32654 I native  : Has period trick: 0
06-17 11:06:24.825 31070 32654 I native  : 
06-17 11:06:24.825 31070 32654 I native  : Full translation: I learned the martial arts
06-17 11:06:24.825 31070 32654 I native  : Translate Instance: 
06-17 11:06:24.825 31070 32654 I native  : Query (raw): 格闘技を学んだ
06-17 11:06:24.825 31070 32654 I native  : Query (after preprocess): 格闘 技 を 学ん だ
06-17 11:06:24.825 31070 32654 I native  : Query ids (after tokenizer): 979 2377 2116 7 914 354 804 2
06-17 11:06:24.825 31070 32654 I native  : Translation ids: 63 2384 2669 3 105 464 286 622 587 2
06-17 11:06:24.825 31070 32654 I native  : Translation (after detokenizer): I learned the martial arts
06-17 11:06:24.825 31070 32654 I native  : Alignment probability:
06-17 11:06:24.825 31070 32654 I native  : 	I	learned	the	martial	arts
06-17 11:06:24.825 31070 32654 I native  : 格闘	0.0705882	0.0137255	0.831373	0.682353	0.111765
06-17 11:06:24.825 31070 32654 I native  : 技	0	0.00392157	0.0156863	0.101961	0.539216
06-17 11:06:24.825 31070 32654 I native  : を	0.0235294	0.0254902	0.0784314	0.00392157	0.0176471
06-17 11:06:24.825 31070 32654 I native  : 学ん	0.596078	0.77451	0.00784314	0.00130719	0.00196078
06-17 11:06:24.825 31070 32654 I native  : だ	0.25098	0.072549	0.00392157	0	0
06-17 11:06:24.825 31070 32654 I native  : Translation (before postprocess): I learned the martial arts
06-17 11:06:24.826 31070 32657 D native  : I0617 11:06:24.826853   32657 mergeddicttrans.cc:1860] The current system has NMT.
06-17 11:06:24.826 31070 32657 D native  : I0617 11:06:24.826907   32657 mergeddicttrans.cc:1866] Sentence #0: 同じ郎のもと、
06-17 11:06:24.826 31070 32657 D native  : I0617 11:06:24.826935   32657 mergeddicttrans.cc:1918] To be translated by NMT.
06-17 11:06:24.841 31070 32657 I native  : I0617 11:06:24.841174   32657 mergeddicttrans.cc:1827] Sentence #0: 同じ郎のもと、
06-17 11:06:24.841 31070 32657 I native  : I0617 11:06:24.841257   32657 mergeddicttrans.cc:1828] 
06-17 11:06:24.841 31070 32657 I native  : Source language: ja, target language: en
06-17 11:06:24.841 31070 32657 I native  : 
06-17 11:06:24.841 31070 32657 I native  : Has period trick: 0
06-17 11:06:24.841 31070 32657 I native  : 
06-17 11:06:24.841 31070 32657 I native  : Full translation: Under the same
06-17 11:06:24.841 31070 32657 I native  : Translate Instance: 
06-17 11:06:24.841 31070 32657 I native  : Query (raw): 同じ郎のもと、
06-17 11:06:24.841 31070 32657 I native  : Query (after preprocess): 同じ郎 の もと ,
06-17 11:06:24.841 31070 32657 I native  : Query ids (after tokenizer): 768 2491 4 54 291 5 2
06-17 11:06:24.841 31070 32657 I native  : Translation ids: 318 2847 3 300 2
06-17 11:06:24.841 31070 32657 I native  : Translation (after detokenizer): Under the same
06-17 11:06:24.841 31070 32657 I native  : Alignment probability:
06-17 11:06:24.841 31070 32657 I native  : 	Under	the	same
06-17 11:06:24.841 31070 32657 I native  : 同じ郎	0.123529	0.94902	0.509804
06-17 11:06:24.841 31070 32657 I native  : の	0.027451	0.00392157	0.121569
06-17 11:06:24.841 31070 32657 I native  : もと	0.707843	0.0156863	0.133333
06-17 11:06:24.841 31070 32657 I native  : ,	0.045098	0.00392157	0.0156863
06-17 11:06:24.841 31070 32657 I native  : Translation (before postprocess): Under the same
06-17 11:06:24.845 31070 32659 D native  : I0617 11:06:24.845230   32659 mergeddicttrans.cc:1860] The current system has NMT.
06-17 11:06:24.845 31070 32659 D native  : I0617 11:06:24.845316   32659 mergeddicttrans.cc:1866] Sentence #0: テッサーは
06-17 11:06:24.845 31070 32659 D native  : I0617 11:06:24.845347   32659 mergeddicttrans.cc:1918] To be translated by NMT.
06-17 11:06:24.858 31070 32659 I native  : I0617 11:06:24.858113   32659 mergeddicttrans.cc:1827] Sentence #0: テッサーは
06-17 11:06:24.858 31070 32659 I native  : I0617 11:06:24.858246   32659 mergeddicttrans.cc:1828] 
06-17 11:06:24.858 31070 32659 I native  : Source language: ja, target language: en
06-17 11:06:24.858 31070 32659 I native  : 
06-17 11:06:24.858 31070 32659 I native  : Has period trick: 0
06-17 11:06:24.858 31070 32659 I native  : 
06-17 11:06:24.858 31070 32659 I native  : Full translation: Tesser
06-17 11:06:24.858 31070 32659 I native  : Translate Instance: 
06-17 11:06:24.858 31070 32659 I native  : Query (raw): テッサーは
06-17 11:06:24.858 31070 32659 I native  : Query (after preprocess): テッサー は
06-17 11:06:24.858 31070 32659 I native  : Query ids (after tokenizer): 251 120 305 25 9 2
06-17 11:06:24.858 31070 32659 I native  : Translation ids: 43 388 22 2
06-17 11:06:24.858 31070 32659 I native  : Translation (after detokenizer): Tesser
06-17 11:06:24.858 31070 32659 I native  : Alignment probability:
06-17 11:06:24.858 31070 32659 I native  : 	Tesser
06-17 11:06:24.858 31070 32659 I native  : テッサー	0.882353
06-17 11:06:24.858 31070 32659 I native  : は	0.0379085
06-17 11:06:24.858 31070 32659 I native  : Translation (before postprocess): Tesser
06-17 11:06:24.859 31070 32598 D native  : I0617 11:06:24.859296   32598 mergeddicttrans.cc:1860] The current system has NMT.
06-17 11:06:24.859 31070 32598 D native  : I0617 11:06:24.859350   32598 mergeddicttrans.cc:1866] Sentence #0: アキラの実力を
06-17 11:06:24.859 31070 32598 D native  : I0617 11:06:24.859375   32598 mergeddicttrans.cc:1918] To be translated by NMT.
06-17 11:06:24.874 31070 32598 I native  : I0617 11:06:24.874399   32598 mergeddicttrans.cc:1827] Sentence #0: アキラの実力を
06-17 11:06:24.874 31070 32598 I native  : I0617 11:06:24.874479   32598 mergeddicttrans.cc:1828] 
06-17 11:06:24.874 31070 32598 I native  : Source language: ja, target language: en
06-17 11:06:24.874 31070 32598 I native  : 
06-17 11:06:24.874 31070 32598 I native  : Has period trick: 0
06-17 11:06:24.874 31070 32598 I native  : 
06-17 11:06:24.874 31070 32598 I native  : Full translation: Akira's ability
06-17 11:06:24.874 31070 32598 I native  : Translate Instance: 
06-17 11:06:24.874 31070 32598 I native  : Query (raw): アキラの実力を
06-17 11:06:24.874 31070 32598 I native  : Query (after preprocess): アキラ の 実力 を
06-17 11:06:24.874 31070 32598 I native  : Query ids (after tokenizer): 77 142 43 4 395 426 7 2
06-17 11:06:24.874 31070 32598 I native  : Translation ids: 3212 269 45 158 2482 2
06-17 11:06:24.874 31070 32598 I native  : Translation (after detokenizer): Akira 's ability
06-17 11:06:24.874 31070 32598 I native  : Alignment probability:
06-17 11:06:24.874 31070 32598 I native  : 	Akira	's	ability
06-17 11:06:24.874 31070 32598 I native  : アキラ	0.615686	0.101961	0.0196078
06-17 11:06:24.874 31070 32598 I native  : の	0.0379085	0.286275	0.0156863
06-17 11:06:24.874 31070 32598 I native  : 実力	0.156863	0.462745	0.94902
06-17 11:06:24.874 31070 32598 I native  : を	0.0522876	0.0980392	0.00784314
06-17 11:06:24.874 31070 32598 I native  : Translation (before postprocess): Akira 's ability
06-17 11:06:24.875 31070 32599 D native  : I0617 11:06:24.875804   32599 mergeddicttrans.cc:1860] The current system has NMT.
06-17 11:06:24.875 31070 32599 D native  : I0617 11:06:24.875854   32599 mergeddicttrans.cc:1866] Sentence #0: 候爵は粋に
06-17 11:06:24.875 31070 32599 D native  : I0617 11:06:24.875879   32599 mergeddicttrans.cc:1918] To be translated by NMT.
06-17 11:06:24.890 31070 32599 I native  : I0617 11:06:24.890495   32599 mergeddicttrans.cc:1827] Sentence #0: 候爵は粋に
06-17 11:06:24.890 31070 32599 I native  : I0617 11:06:24.890570   32599 mergeddicttrans.cc:1828] 
06-17 11:06:24.890 31070 32599 I native  : Source language: ja, target language: en
06-17 11:06:24.890 31070 32599 I native  : 
06-17 11:06:24.890 31070 32599 I native  : Has period trick: 0
06-17 11:06:24.890 31070 32599 I native  : 
06-17 11:06:24.890 31070 32599 I native  : Full translation: The candid is stylish
06-17 11:06:24.890 31070 32599 I native  : Translate Instance: 
06-17 11:06:24.890 31070 32599 I native  : Query (raw): 候爵は粋に
06-17 11:06:24.890 31070 32599 I native  : Query (after preprocess): 候爵 は 粋 に
06-17 11:06:24.890 31070 32599 I native  : Query ids (after tokenizer): 3 1679 3603 9 3 2393 8 2
06-17 11:06:24.890 31070 32599 I native  : Translation ids: 16 31 152 138 11 213 268 820 2
06-17 11:06:24.890 31070 32599 I native  : Translation (after detokenizer): The candid is stylish
06-17 11:06:24.890 31070 32599 I native  : Alignment probability:
06-17 11:06:24.890 31070 32599 I native  : 	The	candid	is	stylish
06-17 11:06:24.890 31070 32599 I native  : 候爵	0.858824	0.720262	0.337255	0.0169935
06-17 11:06:24.890 31070 32599 I native  : は	0.0470588	0.0496732	0.207843	0.0248366
06-17 11:06:24.890 31070 32599 I native  : 粋	0.0588235	0.0705882	0.141176	0.772549
06-17 11:06:24.890 31070 32599 I native  : に	0.0117647	0.027451	0.109804	0.0379085
06-17 11:06:24.890 31070 32599 I native  : Translation (before postprocess): The candid is stylish
06-17 11:06:24.893 31070 32649 D native  : I0617 11:06:24.893395   32649 mergeddicttrans.cc:1860] The current system has NMT.
06-17 11:06:24.893 31070 32649 D native  : I0617 11:06:24.893545   32649 mergeddicttrans.cc:1866] Sentence #0: 格闘家が
06-17 11:06:24.893 31070 32649 D native  : I0617 11:06:24.893634   32649 mergeddicttrans.cc:1918] To be translated by NMT.
06-17 11:06:24.905 31070 32649 I native  : I0617 11:06:24.905484   32649 mergeddicttrans.cc:1827] Sentence #0: 格闘家が
06-17 11:06:24.905 31070 32649 I native  : I0617 11:06:24.905666   32649 mergeddicttrans.cc:1828] 
06-17 11:06:24.905 31070 32649 I native  : Source language: ja, target language: en
06-17 11:06:24.905 31070 32649 I native  : 
06-17 11:06:24.905 31070 32649 I native  : Has period trick: 0
06-17 11:06:24.905 31070 32649 I native  : 
06-17 11:06:24.905 31070 32649 I native  : Full translation: Fighter
06-17 11:06:24.905 31070 32649 I native  : Translate Instance: 
06-17 11:06:24.905 31070 32649 I native  : Query (raw): 格闘家が
06-17 11:06:24.905 31070 32649 I native  : Query (after preprocess): 格闘 家 が
06-17 11:06:24.905 31070 32649 I native  : Query ids (after tokenizer): 979 2377 1052 10 2
06-17 11:06:24.905 31070 32649 I native  : Translation ids: 120 2734 257 2
06-17 11:06:24.905 31070 32649 I native  : Translation (after detokenizer): fighter
06-17 11:06:24.905 31070 32649 I native  : Alignment probability:
06-17 11:06:24.905 31070 32649 I native  : 	fighter
06-17 11:06:24.905 31070 32649 I native  : 格闘	0.475817
06-17 11:06:24.905 31070 32649 I native  : 家	0.24183
06-17 11:06:24.905 31070 32649 I native  : が	0.109804
06-17 11:06:24.905 31070 32649 I native  : Translation (before postprocess): fighter
06-17 11:06:24.906 31070 32651 D native  : I0617 11:06:24.906784   32651 mergeddicttrans.cc:1860] The current system has NMT.
06-17 11:06:24.906 31070 32651 D native  : I0617 11:06:24.906846   32651 mergeddicttrans.cc:1866] Sentence #0: 将岡学なの
06-17 11:06:24.906 31070 32651 D native  : I0617 11:06:24.906875   32651 mergeddicttrans.cc:1918] To be translated by NMT.
06-17 11:06:24.921 31070 32651 I native  : I0617 11:06:24.921501   32651 mergeddicttrans.cc:1827] Sentence #0: 将岡学なの
06-17 11:06:24.921 31070 32651 I native  : I0617 11:06:24.921599   32651 mergeddicttrans.cc:1828] 
06-17 11:06:24.921 31070 32651 I native  : Source language: ja, target language: en
06-17 11:06:24.921 31070 32651 I native  : 
06-17 11:06:24.921 31070 32651 I native  : Has period trick: 0
06-17 11:06:24.921 31070 32651 I native  : 
06-17 11:06:24.921 31070 32651 I native  : Full translation: Shogunoka
06-17 11:06:24.921 31070 32651 I native  : Translate Instance: 
06-17 11:06:24.921 31070 32651 I native  : Query (raw): 将岡学なの
06-17 11:06:24.921 31070 32651 I native  : Query (after preprocess): 将 岡学 な の
06-17 11:06:24.921 31070 32651 I native  : Query ids (after tokenizer): 3 1987 3 2417 312 26 4 2
06-17 11:06:24.921 31070 32651 I native  : Translation ids: 452 295 277 3410 2
06-17 11:06:24.921 31070 32651 I native  : Translation (after detokenizer): Shogunoka
06-17 11:06:24.921 31070 32651 I native  : Alignment probability:
06-17 11:06:24.921 31070 32651 I native  : 	Shogunoka
06-17 11:06:24.921 31070 32651 I native  : 将	0.382353
06-17 11:06:24.921 31070 32651 I native  : 岡学	0.298039
06-17 11:06:24.921 31070 32651 I native  : な	0.128431
06-17 11:06:24.921 31070 32651 I native  : の	0.1
06-17 11:06:24.921 31070 32651 I native  : Translation (before postprocess): Shogunoka
06-17 11:06:24.923 31070 32652 D native  : I0617 11:06:24.923320   32652 mergeddicttrans.cc:1860] The current system has NMT.
06-17 11:06:24.923 31070 32652 D native  : I0617 11:06:24.923374   32652 mergeddicttrans.cc:1866] Sentence #0: なくて
06-17 11:06:24.923 31070 32652 D native  : I0617 11:06:24.923399   32652 mergeddicttrans.cc:1918] To be translated by NMT.
06-17 11:06:24.930 31070 32652 I native  : I0617 11:06:24.930789   32652 mergeddicttrans.cc:1827] Sentence #0: なくて
06-17 11:06:24.930 31070 32652 I native  : I0617 11:06:24.930870   32652 mergeddicttrans.cc:1828] 
06-17 11:06:24.930 31070 32652 I native  : Source language: ja, target language: en
06-17 11:06:24.930 31070 32652 I native  : 
06-17 11:06:24.930 31070 32652 I native  : Has period trick: 0
06-17 11:06:24.930 31070 32652 I native  : 
06-17 11:06:24.930 31070 32652 I native  : Full translation: Without
06-17 11:06:24.930 31070 32652 I native  : Translate Instance: 
06-17 11:06:24.930 31070 32652 I native  : Query (raw): なくて
06-17 11:06:24.930 31070 32652 I native  : Query (after preprocess): なく て
06-17 11:06:24.930 31070 32652 I native  : Query ids (after tokenizer): 1051 12 2
06-17 11:06:24.930 31070 32652 I native  : Translation ids: 748 2
06-17 11:06:24.930 31070 32652 I native  : Translation (after detokenizer): without
06-17 11:06:24.930 31070 32652 I native  : Alignment probability:
06-17 11:06:24.930 31070 32652 I native  : 	without
06-17 11:06:24.930 31070 32652 I native  : なく	0.32549
06-17 11:06:24.930 31070 32652 I native  : て	0.0588235
06-17 11:06:24.930 31070 32652 I native  : Translation (before postprocess): without
06-17 11:06:24.933 31070 32654 D native  : I0617 11:06:24.933386   32654 mergeddicttrans.cc:1860] The current system has NMT.
06-17 11:06:24.933 31070 32654 D native  : I0617 11:06:24.933454   32654 mergeddicttrans.cc:1866] Sentence #0: 召喚術十じゃ
06-17 11:06:24.933 31070 32654 D native  : I0617 11:06:24.933484   32654 mergeddicttrans.cc:1918] To be translated by NMT.
06-17 11:06:24.952 31070 32654 I native  : I0617 11:06:24.952416   32654 mergeddicttrans.cc:1827] Sentence #0: 召喚術十じゃ
06-17 11:06:24.952 31070 32654 I native  : I0617 11:06:24.952519   32654 mergeddicttrans.cc:1828] 
06-17 11:06:24.952 31070 32654 I native  : Source language: ja, target language: en
06-17 11:06:24.952 31070 32654 I native  : 
06-17 11:06:24.952 31070 32654 I native  : Has period trick: 0
06-17 11:06:24.952 31070 32654 I native  : 
06-17 11:06:24.952 31070 32654 I native  : Full translation: Summoning Technology
06-17 11:06:24.952 31070 32654 I native  : Translate Instance: 
06-17 11:06:24.952 31070 32654 I native  : Query (raw): 召喚術十じゃ
06-17 11:06:24.952 31070 32654 I native  : Query (after preprocess): 召喚 術 十じゃ
06-17 11:06:24.952 31070 32654 I native  : Query ids (after tokenizer): 3 2920 3140 3 1501 1300 529 1958 2
06-17 11:06:24.952 31070 32654 I native  : Translation ids: 2745 2494 13 43 2218 1688 2
06-17 11:06:24.952 31070 32654 I native  : Translation (after detokenizer): Summoning Technology
06-17 11:06:24.952 31070 32654 I native  : Alignment probability:
06-17 11:06:24.952 31070 32654 I native  : 	Summoning	Technology
06-17 11:06:24.952 31070 32654 I native  : 召喚	0.572549	0.020915
06-17 11:06:24.952 31070 32654 I native  : 術	0.177778	0.424837
06-17 11:06:24.952 31070 32654 I native  : 十じゃ	0.176471	0.312418
06-17 11:06:24.952 31070 32654 I native  : Translation (before postprocess): Summoning Technology
06-17 11:06:24.991 31070 32657 D PipelineManager: Start process bitmap
06-17 11:06:25.009 31070   949 I tflite  : Replacing 44 out of 46 node(s) with delegate (TfLiteXNNPackDelegate) node, yielding 3 partitions for the whole graph.
06-17 11:06:25.072 31070 32657 D PipelineManager: OCR process succeeded via visionkit pipeline.
06-17 11:06:25.973 31070 31841 W onnxruntime:  [W:onnxruntime:, nnapi_execution_provider.cc:229 GetCapability] NnapiExecutionProvider::GetCapability, number of partitions supported by NNAPI: 145 number of nodes in the graph: 1537 number of nodes supported by NNAPI: 997
06-17 11:06:25.980 31070 31841 W onnxruntime:  [W:onnxruntime:, nnapi_execution_provider.cc:229 GetCapability] NnapiExecutionProvider::GetCapability, number of partitions supported by NNAPI: 145 number of nodes in the graph: 1553 number of nodes supported by NNAPI: 1011
06-17 11:06:26.138 31070 31841 I ExecutionPlan: ExecutionPlan::SimpleBody::finish: compilation finished successfully on nnapi-reference
06-17 11:06:26.138 31070 31841 I ExecutionPlan: ExecutionPlan::SimpleBody::finish: compilation finished successfully on nnapi-reference
06-17 11:06:26.139 31070 31841 I ExecutionPlan: ExecutionPlan::SimpleBody::finish: compilation finished successfully on nnapi-reference
06-17 11:06:26.139 31070 31841 I ExecutionPlan: ExecutionPlan::SimpleBody::finish: compilation finished successfully on nnapi-reference
06-17 11:06:26.139 31070 31841 I ExecutionPlan: ExecutionPlan::SimpleBody::finish: compilation finished successfully on nnapi-reference
06-17 11:06:26.139 31070 31841 I ExecutionPlan: ExecutionPlan::SimpleBody::finish: compilation finished successfully on nnapi-reference
06-17 11:06:26.139 31070 31841 I ExecutionPlan: ExecutionPlan::SimpleBody::finish: compilation finished successfully on nnapi-reference
06-17 11:06:26.139 31070 31841 I ExecutionPlan: ExecutionPlan::SimpleBody::finish: compilation finished successfully on nnapi-reference
06-17 11:06:26.140 31070 31841 I ExecutionPlan: ExecutionPlan::SimpleBody::finish: compilation finished successfully on nnapi-reference
06-17 11:06:26.140 31070 31841 I ExecutionPlan: ExecutionPlan::SimpleBody::finish: compilation finished successfully on nnapi-reference
06-17 11:06:26.140 31070 31841 I ExecutionPlan: ExecutionPlan::SimpleBody::finish: compilation finished successfully on nnapi-reference
06-17 11:06:26.140 31070 31841 I ExecutionPlan: ExecutionPlan::SimpleBody::finish: compilation finished successfully on nnapi-reference
06-17 11:06:26.140 31070 31841 I ExecutionPlan: ExecutionPlan::SimpleBody::finish: compilation finished successfully on nnapi-reference
06-17 11:06:26.140 31070 31841 I ExecutionPlan: ExecutionPlan::SimpleBody::finish: compilation finished successfully on nnapi-reference
06-17 11:06:26.140 31070 31841 I ExecutionPlan: ExecutionPlan::SimpleBody::finish: compilation finished successfully on nnapi-reference
06-17 11:06:26.141 31070 31841 I ExecutionPlan: ExecutionPlan::SimpleBody::finish: compilation finished successfully on nnapi-reference
06-17 11:06:26.141 31070 31841 I ExecutionPlan: ExecutionPlan::SimpleBody::finish: compilation finished successfully on nnapi-reference
06-17 11:06:26.141 31070 31841 I ExecutionPlan: ExecutionPlan::SimpleBody::finish: compilation finished successfully on nnapi-reference
06-17 11:06:26.141 31070 31841 I ExecutionPlan: ExecutionPlan::SimpleBody::finish: compilation finished successfully on nnapi-reference
06-17 11:06:26.141 31070 31841 I ExecutionPlan: ExecutionPlan::SimpleBody::finish: compilation finished successfully on nnapi-reference
06-17 11:06:26.141 31070 31841 I ExecutionPlan: ExecutionPlan::SimpleBody::finish: compilation finished successfully on nnapi-reference
06-17 11:06:26.142 31070 31841 I ExecutionPlan: ExecutionPlan::SimpleBody::finish: compilation finished successfully on nnapi-reference
06-17 11:06:26.142 31070 31841 I ExecutionPlan: ExecutionPlan::SimpleBody::finish: compilation finished successfully on nnapi-reference
06-17 11:06:26.142 31070 31841 I ExecutionPlan: ExecutionPlan::SimpleBody::finish: compilation finished successfully on nnapi-reference
06-17 11:06:26.142 31070 31841 I ExecutionPlan: ExecutionPlan::SimpleBody::finish: compilation finished successfully on nnapi-reference
06-17 11:06:26.142 31070 31841 I ExecutionPlan: ExecutionPlan::SimpleBody::finish: compilation finished successfully on nnapi-reference
06-17 11:06:26.143 31070 31841 I ExecutionPlan: ExecutionPlan::SimpleBody::finish: compilation finished successfully on nnapi-reference
06-17 11:06:26.143 31070 31841 I ExecutionPlan: ExecutionPlan::SimpleBody::finish: compilation finished successfully on nnapi-reference
06-17 11:06:26.143 31070 31841 I ExecutionPlan: ExecutionPlan::SimpleBody::finish: compilation finished successfully on nnapi-reference
06-17 11:06:26.143 31070 31841 I ExecutionPlan: ExecutionPlan::SimpleBody::finish: compilation finished successfully on nnapi-reference
06-17 11:06:26.143 31070 31841 I ExecutionPlan: ExecutionPlan::SimpleBody::finish: compilation finished successfully on nnapi-reference
06-17 11:06:26.143 31070 31841 I ExecutionPlan: ExecutionPlan::SimpleBody::finish: compilation finished successfully on nnapi-reference
06-17 11:06:26.144 31070 31841 I ExecutionPlan: ExecutionPlan::SimpleBody::finish: compilation finished successfully on nnapi-reference
06-17 11:06:26.144 31070 31841 I ExecutionPlan: ExecutionPlan::SimpleBody::finish: compilation finished successfully on nnapi-reference
06-17 11:06:26.144 31070 31841 I ExecutionPlan: ExecutionPlan::SimpleBody::finish: compilation finished successfully on nnapi-reference
06-17 11:06:26.144 31070 31841 I ExecutionPlan: ExecutionPlan::SimpleBody::finish: compilation finished successfully on nnapi-reference
06-17 11:06:26.144 31070 31841 I ExecutionPlan: ExecutionPlan::SimpleBody::finish: compilation finished successfully on nnapi-reference
06-17 11:06:26.144 31070 31841 I ExecutionPlan: ExecutionPlan::SimpleBody::finish: compilation finished successfully on nnapi-reference
06-17 11:06:26.145 31070 31841 I ExecutionPlan: ExecutionPlan::SimpleBody::finish: compilation finished successfully on nnapi-reference
06-17 11:06:26.145 31070 31841 I ExecutionPlan: ExecutionPlan::SimpleBody::finish: compilation finished successfully on nnapi-reference
06-17 11:06:26.145 31070 31841 I ExecutionPlan: ExecutionPlan::SimpleBody::finish: compilation finished successfully on nnapi-reference
06-17 11:06:26.145 31070 31841 I ExecutionPlan: ExecutionPlan::SimpleBody::finish: compilation finished successfully on nnapi-reference
06-17 11:06:26.145 31070 31841 I ExecutionPlan: ExecutionPlan::SimpleBody::finish: compilation finished successfully on nnapi-reference
06-17 11:06:26.146 31070 31841 I ExecutionPlan: ExecutionPlan::SimpleBody::finish: compilation finished successfully on nnapi-reference
06-17 11:06:26.148 31070 31841 I ExecutionPlan: ExecutionPlan::SimpleBody::finish: compilation finished successfully on nnapi-reference
06-17 11:06:26.148 31070 31841 I ExecutionPlan: ExecutionPlan::SimpleBody::finish: compilation finished successfully on nnapi-reference
06-17 11:06:26.148 31070 31841 I ExecutionPlan: ExecutionPlan::SimpleBody::finish: compilation finished successfully on nnapi-reference
06-17 11:06:26.148 31070 31841 I ExecutionPlan: ExecutionPlan::SimpleBody::finish: compilation finished successfully on nnapi-reference
06-17 11:06:26.148 31070 31841 I ExecutionPlan: ExecutionPlan::SimpleBody::finish: compilation finished successfully on nnapi-reference
06-17 11:06:26.148 31070 31841 I ExecutionPlan: ExecutionPlan::SimpleBody::finish: compilation finished successfully on nnapi-reference
06-17 11:06:26.149 31070 31841 I ExecutionPlan: ExecutionPlan::SimpleBody::finish: compilation finished successfully on nnapi-reference
06-17 11:06:26.160 31070 32598 D DecoupledTextDelegate: Start loading thick OCR module.
06-17 11:06:26.160 31070 32598 I DynamiteModule: Considering local module com.google.mlkit.dynamite.text.japanese:10000 and remote module com.google.mlkit.dynamite.text.japanese:0
06-17 11:06:26.160 31070 32598 I DynamiteModule: Selected local version of com.google.mlkit.dynamite.text.japanese
06-17 11:06:26.161 31070 32598 I native  : I0000 00:00:1781669186.161270   32598 asset_manager_util.cc:61] Created global reference to asset manager.
06-17 11:06:26.165 31070  1079 I native  : I0000 00:00:1781669186.165733    1079 resource_manager.cc:23] Number of optimal threads: 6
06-17 11:06:26.166 31070  1079 I native  : I0000 00:00:1781669186.166055    1079 text_detector_thread_pool_context.cc:38] Compute manager max in flight region detector overwrite: 1
06-17 11:06:26.166 31070  1077 I native  : I0000 00:00:1781669186.166215    1077 text_classifier.cc:32] Creating classifier TfliteTextClassifier
06-17 11:06:26.166 31070  1079 I native  : I0000 00:00:1781669186.166346    1079 common_util.h:41] Resizing Thread Pool: ocr_det_0 to 3
06-17 11:06:26.166 31070  1077 I native  : I0000 00:00:1781669186.166504    1077 common_util.h:41] Resizing Thread Pool: ocr_segm to 3
06-17 11:06:26.166 31070  1079 I native  : I0000 00:00:1781669186.166705    1079 tflite_detector_client_with_shape_cache.cc:76] Interpreter threads: 6
06-17 11:06:26.167 31070  1077 I native  : I0000 00:00:1781669186.167914    1077 tflite_lstm_client_base.cc:371] Resizing interpreter pool to 4
06-17 11:06:26.168 31070  1079 I tflite  : Replacing 44 out of 46 node(s) with delegate (TfLiteXNNPackDelegate) node, yielding 3 partitions for the whole graph.
06-17 11:06:26.168 31070  1077 I native  : I0000 00:00:1781669186.168780    1077 multi_pass_line_recognition_mutator.cc:342] Preloading recognizers.
06-17 11:06:26.168 31070  1079 I native  : I0000 00:00:1781669186.168853    1079 tflite_detector_client_with_shape_cache.cc:105] Caching size: 10
06-17 11:06:26.168 31070 32617 I native  : I0000 00:00:1781669186.168966   32617 tflite_model_pooled_runner.cc:625] Loading mlkit-google-ocr-models/gocr/gocr_models/line_recognition_legacy_mobile/Hani_ctc/optical/conv_model.fb
06-17 11:06:26.169 31070 32618 I native  : I0000 00:00:1781669186.168974   32618 tflite_model_pooled_runner.cc:625] Loading mlkit-google-ocr-models/gocr/gocr_models/line_recognition_legacy_mobile/Jpan_ctc/optical/conv_model.fb
06-17 11:06:26.169 31070 32645 I native  : I0000 00:00:1781669186.168988   32645 tflite_model_pooled_runner.cc:625] Loading mlkit-google-ocr-models/gocr/gocr_models/line_recognition_legacy_mobile/Latn_ctc/optical/conv_model.fb
06-17 11:06:26.169 31070 32617 I native  : I0000 00:00:1781669186.169517   32617 tflite_model_pooled_runner.cc:636] Loading mlkit-google-ocr-models/gocr/gocr_models/line_recognition_legacy_mobile/Hani_ctc/optical/lstm_model.fb
06-17 11:06:26.169 31070  1079 I native  : I0000 00:00:1781669186.169723    1079 tflite_model_pooled_runner.cc:625] Loading mlkit-google-ocr-models/gocr/layout/line_splitting_custom_ops/model.tflite
06-17 11:06:26.169 31070 32645 I native  : I0000 00:00:1781669186.169883   32645 tflite_model_pooled_runner.cc:636] Loading mlkit-google-ocr-models/gocr/gocr_models/line_recognition_legacy_mobile/Latn_ctc/optical/lstm_model.fb
06-17 11:06:26.170 31070  1079 I native  : I0000 00:00:1781669186.170059    1079 tflite_model_pooled_runner.cc:836] Resizing interpreter pool to 1
06-17 11:06:26.170 31070  1079 I native  : I0000 00:00:1781669186.170254    1079 tflite_model_pooled_runner.cc:625] Loading mlkit-google-ocr-models/gocr/layout/line_clustering_custom_ops/model.tflite
06-17 11:06:26.170 31070  1079 I native  : I0000 00:00:1781669186.170462    1079 tflite_model_pooled_runner.cc:836] Resizing interpreter pool to 1
06-17 11:06:26.171 31070 32645 I native  : I0000 00:00:1781669186.171834   32645 tflite_model_pooled_runner.cc:836] Resizing interpreter pool to 4
06-17 11:06:26.172 31070 32645 I native  : I0000 00:00:1781669186.172842   32645 mobile_langid_v2.cc:58] MobileLangID V2 initialized.
06-17 11:06:26.172 31070 32645 I native  : I0000 00:00:1781669186.172906   32645 multi_pass_line_recognition_mutator.cc:364] Finished preloading a recognizer for "Latn"
06-17 11:06:26.174 31070 32618 I native  : I0000 00:00:1781669186.174278   32618 tflite_model_pooled_runner.cc:636] Loading mlkit-google-ocr-models/gocr/gocr_models/line_recognition_legacy_mobile/Jpan_ctc/optical/lstm_model.fb
06-17 11:06:26.176 31070 32617 I native  : I0000 00:00:1781669186.176883   32617 tflite_model_pooled_runner.cc:836] Resizing interpreter pool to 4
06-17 11:06:26.181 31070 32617 I native  : I0000 00:00:1781669186.181026   32617 mobile_langid_v2.cc:58] MobileLangID V2 initialized.
06-17 11:06:26.181 31070 32617 I native  : I0000 00:00:1781669186.181112   32617 multi_pass_line_recognition_mutator.cc:364] Finished preloading a recognizer for "Hani"
06-17 11:06:26.182 31070 32618 I native  : I0000 00:00:1781669186.182593   32618 tflite_model_pooled_runner.cc:836] Resizing interpreter pool to 4
06-17 11:06:26.186 31070 32618 I native  : I0000 00:00:1781669186.186400   32618 mobile_langid_v2.cc:58] MobileLangID V2 initialized.
06-17 11:06:26.186 31070 32618 I native  : I0000 00:00:1781669186.186484   32618 multi_pass_line_recognition_mutator.cc:364] Finished preloading a recognizer for "Jpan"
06-17 11:06:26.186 31070  1077 I native  : I0000 00:00:1781669186.186564    1077 multi_pass_line_recognition_mutator.cc:398] Finished preloading recognizers.
06-17 11:06:26.187 31070 32598 D PipelineManager: Start process bitmap
06-17 11:06:26.196 31070  1077 I tflite  : Replacing 44 out of 46 node(s) with delegate (TfLiteXNNPackDelegate) node, yielding 3 partitions for the whole graph.
06-17 11:06:26.209 31070  1077 I tflite  : Replacing 44 out of 46 node(s) with delegate (TfLiteXNNPackDelegate) node, yielding 3 partitions for the whole graph.
06-17 11:06:26.222 31070  1077 I tflite  : Replacing 44 out of 46 node(s) with delegate (TfLiteXNNPackDelegate) node, yielding 3 partitions for the whole graph.
06-17 11:06:26.254 31070  1077 I tflite  : Replacing 44 out of 46 node(s) with delegate (TfLiteXNNPackDelegate) node, yielding 3 partitions for the whole graph.
06-17 11:06:26.265 31070  1077 I tflite  : Replacing 44 out of 46 node(s) with delegate (TfLiteXNNPackDelegate) node, yielding 3 partitions for the whole graph.
06-17 11:06:26.346 31070 32598 D PipelineManager: OCR process succeeded via visionkit pipeline.
06-17 11:06:26.507 31070 32599 D native  : I0617 11:06:26.507781   32599 mergeddicttrans.cc:1860] The current system has NMT.
06-17 11:06:26.507 31070 32599 D native  : I0617 11:06:26.507864   32599 mergeddicttrans.cc:1866] Sentence #0: あたし..…
06-17 11:06:26.507 31070 32599 D native  : I0617 11:06:26.507897   32599 mergeddicttrans.cc:1918] To be translated by NMT.
06-17 11:06:26.524 31070 32599 I native  : I0617 11:06:26.524263   32599 mergeddicttrans.cc:1827] Sentence #0: あたし..…
06-17 11:06:26.524 31070 32599 I native  : I0617 11:06:26.524427   32599 mergeddicttrans.cc:1828] 
06-17 11:06:26.524 31070 32599 I native  : Source language: ja, target language: en
06-17 11:06:26.524 31070 32599 I native  : 
06-17 11:06:26.524 31070 32599 I native  : Has period trick: 0
06-17 11:06:26.524 31070 32599 I native  : 
06-17 11:06:26.524 31070 32599 I native  : Full translation: Hit. .. ...
06-17 11:06:26.524 31070 32599 I native  : Translate Instance: 
06-17 11:06:26.524 31070 32599 I native  : Query (raw): あたし..…
06-17 11:06:26.524 31070 32599 I native  : Query (after preprocess): あたし .. ...
06-17 11:06:26.524 31070 32599 I native  : Query ids (after tokenizer): 838 398 51 6 62 1198 2
06-17 11:06:26.524 31070 32599 I native  : Translation ids: 82 93 4 4 64 983 2
06-17 11:06:26.524 31070 32599 I native  : Translation (after detokenizer): Hit . .. ...
06-17 11:06:26.524 31070 32599 I native  : Alignment probability:
06-17 11:06:26.524 31070 32599 I native  : 	Hit	.	..	...
06-17 11:06:26.524 31070 32599 I native  : あたし	0.737255	0.243137	0.00392157	0.00392157
06-17 11:06:26.524 31070 32599 I native  : ..	0.0764706	0.176471	0.590196	0.027451
06-17 11:06:26.524 31070 32599 I native  : ...	0.0156863	0.0156863	0.305882	0.635294
06-17 11:06:26.524 31070 32599 I native  : Translation (before postprocess): Hit . .. ...
06-17 11:06:26.525 31070 32649 D native  : I0617 11:06:26.525457   32649 mergeddicttrans.cc:1860] The current system has NMT.
06-17 11:06:26.525 31070 32649 D native  : I0617 11:06:26.525525   32649 mergeddicttrans.cc:1866] Sentence #0: 思ってない
06-17 11:06:26.525 31070 32649 D native  : I0617 11:06:26.525556   32649 mergeddicttrans.cc:1918] To be translated by NMT.
06-17 11:06:26.538 31070 32649 I native  : I0617 11:06:26.537975   32649 mergeddicttrans.cc:1827] Sentence #0: 思ってない
06-17 11:06:26.538 31070 32649 I native  : I0617 11:06:26.538055   32649 mergeddicttrans.cc:1828] 
06-17 11:06:26.538 31070 32649 I native  : Source language: ja, target language: en
06-17 11:06:26.538 31070 32649 I native  : 
06-17 11:06:26.538 31070 32649 I native  : Has period trick: 0
06-17 11:06:26.538 31070 32649 I native  : 
06-17 11:06:26.538 31070 32649 I native  : Full translation: I do not think
06-17 11:06:26.538 31070 32649 I native  : Translate Instance: 
06-17 11:06:26.538 31070 32649 I native  : Query (raw): 思ってない
06-17 11:06:26.538 31070 32649 I native  : Query (after preprocess): 思っ て ない
06-17 11:06:26.538 31070 32649 I native  : Query ids (after tokenizer): 1557 88 12 137 2
06-17 11:06:26.538 31070 32649 I native  : Translation ids: 63 399 53 2108 2
06-17 11:06:26.538 31070 32649 I native  : Translation (after detokenizer): I do not think
06-17 11:06:26.538 31070 32649 I native  : Alignment probability:
06-17 11:06:26.538 31070 32649 I native  : 	I	do	not	think
06-17 11:06:26.538 31070 32649 I native  : 思っ	0.105882	0.192157	0.105882	0.870588
06-17 11:06:26.538 31070 32649 I native  : て	0.0901961	0.0941176	0.027451	0.0431373
06-17 11:06:26.538 31070 32649 I native  : ない	0.207843	0.501961	0.223529	0.00784314
06-17 11:06:26.538 31070 32649 I native  : Translation (before postprocess): I do not think
06-17 11:06:26.538 31070 32651 D native  : I0617 11:06:26.538936   32651 mergeddicttrans.cc:1860] The current system has NMT.
06-17 11:06:26.538 31070 32651 D native  : I0617 11:06:26.538982   32651 mergeddicttrans.cc:1866] Sentence #0: ちっとも
06-17 11:06:26.539 31070 32651 D native  : I0617 11:06:26.539013   32651 mergeddicttrans.cc:1918] To be translated by NMT.
06-17 11:06:26.546 31070 32651 I native  : I0617 11:06:26.546619   32651 mergeddicttrans.cc:1827] Sentence #0: ちっとも
06-17 11:06:26.546 31070 32651 I native  : I0617 11:06:26.546687   32651 mergeddicttrans.cc:1828] 
06-17 11:06:26.546 31070 32651 I native  : Source language: ja, target language: en
06-17 11:06:26.546 31070 32651 I native  : 
06-17 11:06:26.546 31070 32651 I native  : Has period trick: 0
06-17 11:06:26.546 31070 32651 I native  : 
06-17 11:06:26.546 31070 32651 I native  : Full translation: At all
06-17 11:06:26.546 31070 32651 I native  : Translate Instance: 
06-17 11:06:26.546 31070 32651 I native  : Query (raw): ちっとも
06-17 11:06:26.546 31070 32651 I native  : Query (after preprocess): ちっとも
06-17 11:06:26.546 31070 32651 I native  : Query ids (after tokenizer): 1892 1533 300 2
06-17 11:06:26.546 31070 32651 I native  : Translation ids: 69 210 2
06-17 11:06:26.546 31070 32651 I native  : Translation (after detokenizer): at all
06-17 11:06:26.546 31070 32651 I native  : Alignment probability:
06-17 11:06:26.546 31070 32651 I native  : 	at	all
06-17 11:06:26.546 31070 32651 I native  : ちっとも	0.462745	0.403922
06-17 11:06:26.546 31070 32651 I native  : Translation (before postprocess): at all
06-17 11:06:26.547 31070 32652 D native  : I0617 11:06:26.547903   32652 mergeddicttrans.cc:1860] The current system has NMT.
06-17 11:06:26.548 31070 32652 D native  : I0617 11:06:26.548002   32652 mergeddicttrans.cc:1866] Sentence #0: 会のめす
06-17 11:06:26.548 31070 32652 D native  : I0617 11:06:26.548031   32652 mergeddicttrans.cc:1918] To be translated by NMT.
06-17 11:06:26.557 31070 32652 I native  : I0617 11:06:26.557457   32652 mergeddicttrans.cc:1827] Sentence #0: 会のめす
06-17 11:06:26.557 31070 32652 I native  : I0617 11:06:26.557559   32652 mergeddicttrans.cc:1828] 
06-17 11:06:26.557 31070 32652 I native  : Source language: ja, target language: en
06-17 11:06:26.557 31070 32652 I native  : 
06-17 11:06:26.557 31070 32652 I native  : Has period trick: 0
06-17 11:06:26.557 31070 32652 I native  : 
06-17 11:06:26.557 31070 32652 I native  : Full translation: Meet
06-17 11:06:26.557 31070 32652 I native  : Translate Instance: 
06-17 11:06:26.557 31070 32652 I native  : Query (raw): 会のめす
06-17 11:06:26.557 31070 32652 I native  : Query (after preprocess): 会 の めす
06-17 11:06:26.557 31070 32652 I native  : Query ids (after tokenizer): 999 4 3 299 352 2
06-17 11:06:26.557 31070 32652 I native  : Translation ids: 2626 2
06-17 11:06:26.557 31070 32652 I native  : Translation (after detokenizer): meet
06-17 11:06:26.557 31070 32652 I native  : Alignment probability:
06-17 11:06:26.557 31070 32652 I native  : 	meet
06-17 11:06:26.557 31070 32652 I native  : 会	0.619608
06-17 11:06:26.557 31070 32652 I native  : の	0.0588235
06-17 11:06:26.557 31070 32652 I native  : めす	0.105882
06-17 11:06:26.557 31070 32652 I native  : Translation (before postprocess): meet
06-17 11:06:26.558 31070 32654 D native  : I0617 11:06:26.558908   32654 mergeddicttrans.cc:1860] The current system has NMT.
06-17 11:06:26.558 31070 32654 D native  : I0617 11:06:26.558961   32654 mergeddicttrans.cc:1866] Sentence #0: ラインフォルド家の魔導知議は
06-17 11:06:26.559 31070 32654 D native  : I0617 11:06:26.558996   32654 mergeddicttrans.cc:1918] To be translated by NMT.
06-17 11:06:26.581 31070 32654 I native  : I0617 11:06:26.581695   32654 mergeddicttrans.cc:1827] Sentence #0: ラインフォルド家の魔導知議は
06-17 11:06:26.581 31070 32654 I native  : I0617 11:06:26.581750   32654 mergeddicttrans.cc:1828] 
06-17 11:06:26.581 31070 32654 I native  : Source language: ja, target language: en
06-17 11:06:26.581 31070 32654 I native  : 
06-17 11:06:26.581 31070 32654 I native  : Has period trick: 0
06-17 11:06:26.581 31070 32654 I native  : 
06-17 11:06:26.581 31070 32654 I native  : Full translation: The magical classification of the line folder is
06-17 11:06:26.581 31070 32654 I native  : Translate Instance: 
06-17 11:06:26.581 31070 32654 I native  : Query (raw): ラインフォルド家の魔導知議は
06-17 11:06:26.581 31070 32654 I native  : Query (after preprocess): ラインフォルド 家 の 魔導 知議 は
06-17 11:06:26.581 31070 32654 I native  : Query ids (after tokenizer): 260 164 610 23 298 1052 4 3 2247 726 1086 1387 9 2
06-17 11:06:26.581 31070 32654 I native  : Translation ids: 16 3087 179 811 354 6 3 423 1658 22 11 2
06-17 11:06:26.581 31070 32654 I native  : Translation (after detokenizer): The magical classification of the line folder is
06-17 11:06:26.581 31070 32654 I native  : Alignment probability:
06-17 11:06:26.581 31070 32654 I native  : 	The	magical	classification	of	the	line	folder	is
06-17 11:06:26.581 31070 32654 I native  : ラインフォルド	0.286275	0.107843	0.0254902	0.054902	0.741176	0.87451	0.5	0.0392157
06-17 11:06:26.581 31070 32654 I native  : 家	0.00784314	0.00784314	0.00784314	0.054902	0.137255	0.0862745	0.466667	0.219608
06-17 11:06:26.581 31070 32654 I native  : の	0.0196078	0.00392157	0.0666667	0.356863	0.0117647	0	0.00392157	0.0313726
06-17 11:06:26.581 31070 32654 I native  : 魔導	0.443137	0.743137	0.0705882	0.054902	0.0627451	0.0117647	0	0.0823529
06-17 11:06:26.581 31070 32654 I native  : 知議	0.0588235	0.0941176	0.67451	0.305882	0	0	0	0.0705882
06-17 11:06:26.581 31070 32654 I native  : は	0.152941	0.00196078	0.0137255	0.0823529	0.00392157	0	0.00784314	0.337255
06-17 11:06:26.581 31070 32654 I native  : Translation (before postprocess): The magical classification of the line folder is
06-17 11:06:26.585 31070 32657 D native  : I0617 11:06:26.585135   32657 mergeddicttrans.cc:1860] The current system has NMT.
06-17 11:06:26.585 31070 32657 D native  : I0617 11:06:26.585175   32657 mergeddicttrans.cc:1866] Sentence #0: ここまで橋が違うというの?
06-17 11:06:26.585 31070 32657 D native  : I0617 11:06:26.585208   32657 mergeddicttrans.cc:1918] To be translated by NMT.
06-17 11:06:26.605 31070 32657 I native  : I0617 11:06:26.605300   32657 mergeddicttrans.cc:1827] Sentence #0: ここまで橋が違うというの?
06-17 11:06:26.605 31070 32657 I native  : I0617 11:06:26.605394   32657 mergeddicttrans.cc:1828] 
06-17 11:06:26.605 31070 32657 I native  : Source language: ja, target language: en
06-17 11:06:26.605 31070 32657 I native  : 
06-17 11:06:26.605 31070 32657 I native  : Has period trick: 0
06-17 11:06:26.605 31070 32657 I native  : 
06-17 11:06:26.605 31070 32657 I native  : Full translation: Is the bridge so far?
06-17 11:06:26.605 31070 32657 I native  : Translate Instance: 
06-17 11:06:26.605 31070 32657 I native  : Query (raw): ここまで橋が違うというの?
06-17 11:06:26.605 31070 32657 I native  : Query (after preprocess): ここ まで 橋 が 違う と いう の ?
06-17 11:06:26.605 31070 32657 I native  : Query ids (after tokenizer): 940 581 3 1731 10 1675 368 14 957 4 882 2
06-17 11:06:26.605 31070 32657 I native  : Translation ids: 1663 3 349 1981 340 2450 417 2
06-17 11:06:26.605 31070 32657 I native  : Translation (after detokenizer): Is the bridge so far ?
06-17 11:06:26.605 31070 32657 I native  : Alignment probability:
06-17 11:06:26.605 31070 32657 I native  : 	Is	the	bridge	so	far	?
06-17 11:06:26.605 31070 32657 I native  : ここ	0.0313726	0.156863	0.00392157	0.0980392	0.0980392	0.0745098
06-17 11:06:26.605 31070 32657 I native  : まで	0.113725	0.0666667	0.00588235	0.286275	0.282353	0.176471
06-17 11:06:26.605 31070 32657 I native  : 橋	0.113725	0.447059	0.931373	0.0156863	0.027451	0.00784314
06-17 11:06:26.605 31070 32657 I native  : が	0.00392157	0.00784314	0.00392157	0.0823529	0.00784314	0.0196078
06-17 11:06:26.605 31070 32657 I native  : 違う	0.0117647	0.027451	0.027451	0.435294	0.32549	0.360784
06-17 11:06:26.605 31070 32657 I native  : と	0.113725	0.0823529	0.00588235	0.0352941	0.0196078	0.0627451
06-17 11:06:26.605 31070 32657 I native  : いう	0.113725	0.0666667	0.00196078	0.0235294	0.0352941	0.0313726
06-17 11:06:26.605 31070 32657 I native  : の	0.211765	0.054902	0.00196078	0.00392157	0.00784314	0.00784314
06-17 11:06:26.605 31070 32657 I native  : ?	0.262745	0.0666667	0.00196078	0.0156863	0.0784314	0.219608
06-17 11:06:26.605 31070 32657 I native  : Translation (before postprocess): Is the bridge so far ?
06-17 11:06:26.606 31070 32659 D native  : I0617 11:06:26.606602   32659 mergeddicttrans.cc:1860] The current system has NMT.
06-17 11:06:26.606 31070 32659 D native  : I0617 11:06:26.606646   32659 mergeddicttrans.cc:1866] Sentence #0: あなたたちを
06-17 11:06:26.606 31070 32659 D native  : I0617 11:06:26.606675   32659 mergeddicttrans.cc:1918] To be translated by NMT.
06-17 11:06:26.613 31070 32659 I native  : I0617 11:06:26.613781   32659 mergeddicttrans.cc:1827] Sentence #0: あなたたちを
06-17 11:06:26.614 31070 32659 I native  : I0617 11:06:26.614000   32659 mergeddicttrans.cc:1828] 
06-17 11:06:26.614 31070 32659 I native  : Source language: ja, target language: en
06-17 11:06:26.614 31070 32659 I native  : 
06-17 11:06:26.614 31070 32659 I native  : Has period trick: 0
06-17 11:06:26.614 31070 32659 I native  : 
06-17 11:06:26.614 31070 32659 I native  : Full translation: You
06-17 11:06:26.614 31070 32659 I native  : Translate Instance: 
06-17 11:06:26.614 31070 32659 I native  : Query (raw): あなたたちを
06-17 11:06:26.614 31070 32659 I native  : Query (after preprocess): あなた たち を
06-17 11:06:26.614 31070 32659 I native  : Query ids (after tokenizer): 958 15 333 7 2
06-17 11:06:26.614 31070 32659 I native  : Translation ids: 355 2
06-17 11:06:26.614 31070 32659 I native  : Translation (after detokenizer): You
06-17 11:06:26.614 31070 32659 I native  : Alignment probability:
06-17 11:06:26.614 31070 32659 I native  : 	You
06-17 11:06:26.614 31070 32659 I native  : あなた	0.631373
06-17 11:06:26.614 31070 32659 I native  : たち	0.0392157
06-17 11:06:26.614 31070 32659 I native  : を	0.117647
06-17 11:06:26.614 31070 32659 I native  : Translation (before postprocess): You
06-17 11:06:26.615 31070 32598 D native  : I0617 11:06:26.615823   32598 mergeddicttrans.cc:1860] The current system has NMT.
06-17 11:06:26.615 31070 32598 D native  : I0617 11:06:26.615906   32598 mergeddicttrans.cc:1866] Sentence #0: あたしは全力で
06-17 11:06:26.615 31070 32598 D native  : I0617 11:06:26.615940   32598 mergeddicttrans.cc:1918] To be translated by NMT.
06-17 11:06:26.628 31070 32598 I native  : I0617 11:06:26.628953   32598 mergeddicttrans.cc:1827] Sentence #0: あたしは全力で
06-17 11:06:26.629 31070 32598 I native  : I0617 11:06:26.629036   32598 mergeddicttrans.cc:1828] 
06-17 11:06:26.629 31070 32598 I native  : Source language: ja, target language: en
06-17 11:06:26.629 31070 32598 I native  : 
06-17 11:06:26.629 31070 32598 I native  : Has period trick: 0
06-17 11:06:26.629 31070 32598 I native  : 
06-17 11:06:26.629 31070 32598 I native  : Full translation: I have full power
06-17 11:06:26.629 31070 32598 I native  : Translate Instance: 
06-17 11:06:26.629 31070 32598 I native  : Query (raw): あたしは全力で
06-17 11:06:26.629 31070 32598 I native  : Query (after preprocess): あたし は 全力 で
06-17 11:06:26.629 31070 32598 I native  : Query ids (after tokenizer): 838 398 51 9 464 426 16 2
06-17 11:06:26.629 31070 32598 I native  : Translation ids: 63 198 1619 323 2
06-17 11:06:26.629 31070 32598 I native  : Translation (after detokenizer): I have full power
06-17 11:06:26.629 31070 32598 I native  : Alignment probability:
06-17 11:06:26.629 31070 32598 I native  : 	I	have	full	power
06-17 11:06:26.629 31070 32598 I native  : あたし	0.619608	0.113725	0.054902	0.00784314
06-17 11:06:26.629 31070 32598 I native  : は	0.0588235	0.105882	0.0313726	0.027451
06-17 11:06:26.629 31070 32598 I native  : 全力	0.14902	0.309804	0.733333	0.85098
06-17 11:06:26.629 31070 32598 I native  : で	0.137255	0.309804	0.137255	0.0352941
06-17 11:06:26.629 31070 32598 I native  : Translation (before postprocess): I have full power
06-17 11:06:26.632 31070 32599 D native  : I0617 11:06:26.632175   32599 mergeddicttrans.cc:1860] The current system has NMT.
06-17 11:06:26.632 31070 32599 D native  : I0617 11:06:26.632231   32599 mergeddicttrans.cc:1866] Sentence #0: しれないけど
06-17 11:06:26.632 31070 32599 D native  : I0617 11:06:26.632258   32599 mergeddicttrans.cc:1918] To be translated by NMT.
06-17 11:06:26.645 31070 32599 I native  : I0617 11:06:26.645408   32599 mergeddicttrans.cc:1827] Sentence #0: しれないけど
06-17 11:06:26.645 31070 32599 I native  : I0617 11:06:26.645496   32599 mergeddicttrans.cc:1828] 
06-17 11:06:26.645 31070 32599 I native  : Source language: ja, target language: en
06-17 11:06:26.645 31070 32599 I native  : 
06-17 11:06:26.645 31070 32599 I native  : Has period trick: 0
06-17 11:06:26.645 31070 32599 I native  : 
06-17 11:06:26.645 31070 32599 I native  : Full translation: I can not do it
06-17 11:06:26.645 31070 32599 I native  : Translate Instance: 
06-17 11:06:26.645 31070 32599 I native  : Query (raw): しれないけど
06-17 11:06:26.645 31070 32599 I native  : Query (after preprocess): しれない けど
06-17 11:06:26.645 31070 32599 I native  : Query ids (after tokenizer): 11 126 843 2090 2
06-17 11:06:26.645 31070 32599 I native  : Translation ids: 63 31 53 399 70 2
06-17 11:06:26.645 31070 32599 I native  : Translation (after detokenizer): I can not do it
06-17 11:06:26.645 31070 32599 I native  : Alignment probability:
06-17 11:06:26.645 31070 32599 I native  : 	I	can	not	do	it
06-17 11:06:26.645 31070 32599 I native  : しれない	0.482353	0.619608	0.482353	0.607843	0.145098
06-17 11:06:26.645 31070 32599 I native  : けど	0.317647	0.0588235	0.0823529	0.027451	0.258824
06-17 11:06:26.645 31070 32599 I native  : Translation (before postprocess): I can not do it
06-17 11:06:26.649 31070 32649 D native  : I0617 11:06:26.649131   32649 mergeddicttrans.cc:1860] The current system has NMT.
06-17 11:06:26.649 31070 32649 D native  : I0617 11:06:26.649191   32649 mergeddicttrans.cc:1866] Sentence #0: もらえないかも
06-17 11:06:26.649 31070 32649 D native  : I0617 11:06:26.649220   32649 mergeddicttrans.cc:1918] To be translated by NMT.
06-17 11:06:26.665 31070 32649 I native  : I0617 11:06:26.665146   32649 mergeddicttrans.cc:1827] Sentence #0: もらえないかも
06-17 11:06:26.665 31070 32649 I native  : I0617 11:06:26.665253   32649 mergeddicttrans.cc:1828] 
06-17 11:06:26.665 31070 32649 I native  : Source language: ja, target language: en
06-17 11:06:26.665 31070 32649 I native  : 
06-17 11:06:26.665 31070 32649 I native  : Has period trick: 0
06-17 11:06:26.665 31070 32649 I native  : 
06-17 11:06:26.665 31070 32649 I native  : Full translation: I can not get it
06-17 11:06:26.665 31070 32649 I native  : Translate Instance: 
06-17 11:06:26.665 31070 32649 I native  : Query (raw): もらえないかも
06-17 11:06:26.665 31070 32649 I native  : Query (after preprocess): もらえ ない かも
06-17 11:06:26.665 31070 32649 I native  : Query ids (after tokenizer): 54 226 202 137 103 300 2
06-17 11:06:26.665 31070 32649 I native  : Translation ids: 63 31 53 1352 70 2
06-17 11:06:26.665 31070 32649 I native  : Translation (after detokenizer): I can not get it
06-17 11:06:26.665 31070 32649 I native  : Alignment probability:
06-17 11:06:26.665 31070 32649 I native  : 	I	can	not	get	it
06-17 11:06:26.665 31070 32649 I native  : もらえ	0.129412	0.0823529	0.32549	0.839216	0.286275
06-17 11:06:26.665 31070 32649 I native  : ない	0.239216	0.219608	0.419608	0.0705882	0.0509804
06-17 11:06:26.665 31070 32649 I native  : かも	0.564706	0.588235	0.0784314	0.00784314	0.0392157
06-17 11:06:26.665 31070 32649 I native  : Translation (before postprocess): I can not get it
06-17 11:06:26.666 31070 32651 D native  : I0617 11:06:26.666499   32651 mergeddicttrans.cc:1860] The current system has NMT.
06-17 11:06:26.666 31070 32651 D native  : I0617 11:06:26.666568   32651 mergeddicttrans.cc:1866] Sentence #0: 出義だとは
06-17 11:06:26.666 31070 32651 D native  : I0617 11:06:26.666595   32651 mergeddicttrans.cc:1918] To be translated by NMT.
06-17 11:06:26.680 31070 32651 I native  : I0617 11:06:26.680028   32651 mergeddicttrans.cc:1827] Sentence #0: 出義だとは
06-17 11:06:26.680 31070 32651 I native  : I0617 11:06:26.680131   32651 mergeddicttrans.cc:1828] 
06-17 11:06:26.680 31070 32651 I native  : Source language: ja, target language: en
06-17 11:06:26.680 31070 32651 I native  : 
06-17 11:06:26.680 31070 32651 I native  : Has period trick: 0
06-17 11:06:26.680 31070 32651 I native  : 
06-17 11:06:26.680 31070 32651 I native  : Full translation: It is an elbow
06-17 11:06:26.680 31070 32651 I native  : Translate Instance: 
06-17 11:06:26.680 31070 32651 I native  : Query (raw): 出義だとは
06-17 11:06:26.680 31070 32651 I native  : Query (after preprocess): 出義 だ とは
06-17 11:06:26.680 31070 32651 I native  : Query ids (after tokenizer): 683 826 804 14 653 2
06-17 11:06:26.680 31070 32651 I native  : Translation ids: 209 11 36 781 114 312 2
06-17 11:06:26.680 31070 32651 I native  : Translation (after detokenizer): It is an elbow
06-17 11:06:26.680 31070 32651 I native  : Alignment probability:
06-17 11:06:26.680 31070 32651 I native  : 	It	is	an	elbow
06-17 11:06:26.680 31070 32651 I native  : 出義	0.298039	0.247059	0.592157	0.528105
06-17 11:06:26.680 31070 32651 I native  : だ	0.14902	0.254902	0.0862745	0.0248366
06-17 11:06:26.680 31070 32651 I native  : とは	0.368627	0.392157	0.172549	0.0235294
06-17 11:06:26.680 31070 32651 I native  : Translation (before postprocess): It is an elbow
06-17 11:06:26.681 31070 32652 D native  : I0617 11:06:26.680991   32652 mergeddicttrans.cc:1860] The current system has NMT.
06-17 11:06:26.681 31070 32652 D native  : I0617 11:06:26.681020   32652 mergeddicttrans.cc:1866] Sentence #0: 信じて
06-17 11:06:26.681 31070 32652 D native  : I0617 11:06:26.681046   32652 mergeddicttrans.cc:1522] STT before postprocess: 信じて -> Believe
06-17 11:06:26.683 31070 32654 D native  : I0617 11:06:26.683103   32654 mergeddicttrans.cc:1860] The current system has NMT.
06-17 11:06:26.683 31070 32654 D native  : I0617 11:06:26.683149   32654 mergeddicttrans.cc:1866] Sentence #0: お父様だけが。
06-17 11:06:26.683 31070 32654 D native  : I0617 11:06:26.683169   32654 mergeddicttrans.cc:1918] To be translated by NMT.
06-17 11:06:26.697 31070 32654 I native  : I0617 11:06:26.697276   32654 mergeddicttrans.cc:1827] Sentence #0: お父様だけが。
06-17 11:06:26.697 31070 32654 I native  : I0617 11:06:26.697374   32654 mergeddicttrans.cc:1828] 
06-17 11:06:26.697 31070 32654 I native  : Source language: ja, target language: en
06-17 11:06:26.697 31070 32654 I native  : 
06-17 11:06:26.697 31070 32654 I native  : Has period trick: 0
06-17 11:06:26.697 31070 32654 I native  : 
06-17 11:06:26.697 31070 32654 I native  : Full translation: Only father.
06-17 11:06:26.697 31070 32654 I native  : Translate Instance: 
06-17 11:06:26.697 31070 32654 I native  : Query (raw): お父様だけが。
06-17 11:06:26.697 31070 32654 I native  : Query (after preprocess): お 父様 だけ が .
06-17 11:06:26.697 31070 32654 I native  : Query ids (after tokenizer): 296 3 2251 622 964 10 6 2
06-17 11:06:26.697 31070 32654 I native  : Translation ids: 460 55 120 2543 4 2
06-17 11:06:26.697 31070 32654 I native  : Translation (after detokenizer): Only father .
06-17 11:06:26.697 31070 32654 I native  : Alignment probability:
06-17 11:06:26.697 31070 32654 I native  : 	Only	father	.
06-17 11:06:26.697 31070 32654 I native  : お	0.188235	0.272549	0.0705882
06-17 11:06:26.697 31070 32654 I native  : 父様	0.113725	0.658824	0.0509804
06-17 11:06:26.697 31070 32654 I native  : だけ	0.515686	0.0196078	0.254902
06-17 11:06:26.697 31070 32654 I native  : が	0.0647059	0.0176471	0.164706
06-17 11:06:26.697 31070 32654 I native  : .	0.0254902	0.00784314	0.203922
06-17 11:06:26.697 31070 32654 I native  : Translation (before postprocess): Only father .
06-17 11:06:26.698 31070 32657 D native  : I0617 11:06:26.698830   32657 mergeddicttrans.cc:1860] The current system has NMT.
06-17 11:06:26.698 31070 32657 D native  : I0617 11:06:26.698896   32657 mergeddicttrans.cc:1866] Sentence #0: 来たんだもん
06-17 11:06:26.698 31070 32657 D native  : I0617 11:06:26.698929   32657 mergeddicttrans.cc:1918] To be translated by NMT.
06-17 11:06:26.708 31070 32657 I native  : I0617 11:06:26.708133   32657 mergeddicttrans.cc:1827] Sentence #0: 来たんだもん
06-17 11:06:26.708 31070 32657 I native  : I0617 11:06:26.708182   32657 mergeddicttrans.cc:1828] 
06-17 11:06:26.708 31070 32657 I native  : Source language: ja, target language: en
06-17 11:06:26.708 31070 32657 I native  : 
06-17 11:06:26.708 31070 32657 I native  : Has period trick: 0
06-17 11:06:26.708 31070 32657 I native  : 
06-17 11:06:26.708 31070 32657 I native  : Full translation: I'm coming
06-17 11:06:26.708 31070 32657 I native  : Translate Instance: 
06-17 11:06:26.708 31070 32657 I native  : Query (raw): 来たんだもん
06-17 11:06:26.708 31070 32657 I native  : Query (after preprocess): 来た んだもん
06-17 11:06:26.708 31070 32657 I native  : Query ids (after tokenizer): 1729 398 2167 300 354 2
06-17 11:06:26.708 31070 32657 I native  : Translation ids: 63 2564 3429 2
06-17 11:06:26.708 31070 32657 I native  : Translation (after detokenizer): I 'm coming
06-17 11:06:26.708 31070 32657 I native  : Alignment probability:
06-17 11:06:26.708 31070 32657 I native  : 	I	'm	coming
06-17 11:06:26.708 31070 32657 I native  : 来た	0.313726	0.588235	0.466667
06-17 11:06:26.708 31070 32657 I native  : んだもん	0.513726	0.254902	0.196078
06-17 11:06:26.708 31070 32657 I native  : Translation (before postprocess): I 'm coming
06-17 11:06:26.709 31070 32659 D native  : I0617 11:06:26.709958   32659 mergeddicttrans.cc:1860] The current system has NMT.
06-17 11:06:26.710 31070 32659 D native  : I0617 11:06:26.710053   32659 mergeddicttrans.cc:1866] Sentence #0: ここまで
06-17 11:06:26.710 31070 32659 D native  : I0617 11:06:26.710083   32659 mergeddicttrans.cc:1522] STT before postprocess: ここまで -> up to here
06-17 11:06:26.710 31070 32598 D native  : I0617 11:06:26.710795   32598 mergeddicttrans.cc:1860] The current system has NMT.
06-17 11:06:26.710 31070 32598 D native  : I0617 11:06:26.710853   32598 mergeddicttrans.cc:1866] Sentence #0: 教うため
06-17 11:06:26.710 31070 32598 D native  : I0617 11:06:26.710871   32598 mergeddicttrans.cc:1918] To be translated by NMT.
06-17 11:06:26.719 31070 32598 I native  : I0617 11:06:26.719281   32598 mergeddicttrans.cc:1827] Sentence #0: 教うため
06-17 11:06:26.719 31070 32598 I native  : I0617 11:06:26.719362   32598 mergeddicttrans.cc:1828] 
06-17 11:06:26.719 31070 32598 I native  : Source language: ja, target language: en
06-17 11:06:26.719 31070 32598 I native  : 
06-17 11:06:26.719 31070 32598 I native  : Has period trick: 0
06-17 11:06:26.719 31070 32598 I native  : 
06-17 11:06:26.719 31070 32598 I native  : Full translation: To teach
06-17 11:06:26.719 31070 32598 I native  : Translate Instance: 
06-17 11:06:26.719 31070 32598 I native  : Query (raw): 教うため
06-17 11:06:26.719 31070 32598 I native  : Query (after preprocess): 教う ため
06-17 11:06:26.719 31070 32598 I native  : Query ids (after tokenizer): 1167 368 94 2
06-17 11:06:26.719 31070 32598 I native  : Translation ids: 516 3077 2
06-17 11:06:26.719 31070 32598 I native  : Translation (after detokenizer): To teach
06-17 11:06:26.719 31070 32598 I native  : Alignment probability:
06-17 11:06:26.719 31070 32598 I native  : 	To	teach
06-17 11:06:26.719 31070 32598 I native  : 教う	0.172549	0.866667
06-17 11:06:26.719 31070 32598 I native  : ため	0.65098	0.0196078
06-17 11:06:26.719 31070 32598 I native  : Translation (before postprocess): To teach
06-17 11:06:26.721 31070 32599 D native  : I0617 11:06:26.721671   32599 mergeddicttrans.cc:1860] The current system has NMT.
06-17 11:06:26.721 31070 32599 D native  : I0617 11:06:26.721731   32599 mergeddicttrans.cc:1866] Sentence #0: 信用できなくて
06-17 11:06:26.721 31070 32599 D native  : I0617 11:06:26.721757   32599 mergeddicttrans.cc:1918] To be translated by NMT.
06-17 11:06:26.734 31070 32599 I native  : I0617 11:06:26.734174   32599 mergeddicttrans.cc:1827] Sentence #0: 信用できなくて
06-17 11:06:26.734 31070 32599 I native  : I0617 11:06:26.734269   32599 mergeddicttrans.cc:1828] 
06-17 11:06:26.734 31070 32599 I native  : Source language: ja, target language: en
06-17 11:06:26.734 31070 32599 I native  : 
06-17 11:06:26.734 31070 32599 I native  : Has period trick: 0
06-17 11:06:26.734 31070 32599 I native  : 
06-17 11:06:26.734 31070 32599 I native  : Full translation: I can not trust
06-17 11:06:26.734 31070 32599 I native  : Translate Instance: 
06-17 11:06:26.734 31070 32599 I native  : Query (raw): 信用できなくて
06-17 11:06:26.734 31070 32599 I native  : Query (after preprocess): 信用 でき なく て
06-17 11:06:26.734 31070 32599 I native  : Query ids (after tokenizer): 1343 261 306 1051 12 2
06-17 11:06:26.734 31070 32599 I native  : Translation ids: 63 31 53 3122 2
06-17 11:06:26.734 31070 32599 I native  : Translation (after detokenizer): I can not trust
06-17 11:06:26.734 31070 32599 I native  : Alignment probability:
06-17 11:06:26.734 31070 32599 I native  : 	I	can	not	trust
06-17 11:06:26.734 31070 32599 I native  : 信用	0.203922	0.0627451	0.243137	0.890196
06-17 11:06:26.734 31070 32599 I native  : でき	0.133333	0.101961	0.101961	0.0352941
06-17 11:06:26.734 31070 32599 I native  : なく	0.305882	0.54902	0.356863	0.0156863
06-17 11:06:26.734 31070 32599 I native  : て	0.160784	0.101961	0.0196078	0
06-17 11:06:26.734 31070 32599 I native  : Translation (before postprocess): I can not trust
06-17 11:06:26.735 31070 32649 D native  : I0617 11:06:26.735240   32649 mergeddicttrans.cc:1860] The current system has NMT.
06-17 11:06:26.735 31070 32649 D native  : I0617 11:06:26.735300   32649 mergeddicttrans.cc:1866] Sentence #0: 大切な師匠を見
06-17 11:06:26.735 31070 32649 D native  : I0617 11:06:26.735326   32649 mergeddicttrans.cc:1918] To be translated by NMT.
06-17 11:06:26.750 31070 32649 I native  : I0617 11:06:26.750126   32649 mergeddicttrans.cc:1827] Sentence #0: 大切な師匠を見
06-17 11:06:26.750 31070 32649 I native  : I0617 11:06:26.750229   32649 mergeddicttrans.cc:1828] 
06-17 11:06:26.750 31070 32649 I native  : Source language: ja, target language: en
06-17 11:06:26.750 31070 32649 I native  : 
06-17 11:06:26.750 31070 32649 I native  : Has period trick: 0
06-17 11:06:26.750 31070 32649 I native  : 
06-17 11:06:26.750 31070 32649 I native  : Full translation: Look at important master
06-17 11:06:26.750 31070 32649 I native  : Translate Instance: 
06-17 11:06:26.750 31070 32649 I native  : Query (raw): 大切な師匠を見
06-17 11:06:26.750 31070 32649 I native  : Query (after preprocess): 大切 な 師匠 を 見
06-17 11:06:26.750 31070 32649 I native  : Query ids (after tokenizer): 445 1028 26 3 1774 3071 7 459 2
06-17 11:06:26.750 31070 32649 I native  : Translation ids: 49 1277 69 1401 2510 2
06-17 11:06:26.750 31070 32649 I native  : Translation (after detokenizer): Look at important master
06-17 11:06:26.750 31070 32649 I native  : Alignment probability:
06-17 11:06:26.750 31070 32649 I native  : 	Look	at	important	master
06-17 11:06:26.750 31070 32649 I native  : 大切	0.0882353	0.137255	0.85098	0.0745098
06-17 11:06:26.750 31070 32649 I native  : な	0.00588235	0	0.0352941	0.0196078
06-17 11:06:26.750 31070 32649 I native  : 師匠	0.00392157	0.00392157	0.0745098	0.870588
06-17 11:06:26.750 31070 32649 I native  : を	0.045098	0.321569	0.0156863	0.00784314
06-17 11:06:26.750 31070 32649 I native  : 見	0.772549	0.4	0.00784314	0
06-17 11:06:26.750 31070 32649 I native  : Translation (before postprocess): Look at important master
06-17 11:06:26.751 31070 32651 D native  : I0617 11:06:26.751424   32651 mergeddicttrans.cc:1860] The current system has NMT.
06-17 11:06:26.751 31070 32651 D native  : I0617 11:06:26.751647   32651 mergeddicttrans.cc:1866] Sentence #0: この国を
06-17 11:06:26.751 31070 32651 D native  : I0617 11:06:26.751679   32651 mergeddicttrans.cc:1918] To be translated by NMT.
06-17 11:06:26.760 31070 32651 I native  : I0617 11:06:26.760105   32651 mergeddicttrans.cc:1827] Sentence #0: この国を
06-17 11:06:26.760 31070 32651 I native  : I0617 11:06:26.760197   32651 mergeddicttrans.cc:1828] 
06-17 11:06:26.760 31070 32651 I native  : Source language: ja, target language: en
06-17 11:06:26.760 31070 32651 I native  : 
06-17 11:06:26.760 31070 32651 I native  : Has period trick: 0
06-17 11:06:26.760 31070 32651 I native  : 
06-17 11:06:26.760 31070 32651 I native  : Full translation: This country
06-17 11:06:26.760 31070 32651 I native  : Translate Instance: 
06-17 11:06:26.760 31070 32651 I native  : Query (raw): この国を
06-17 11:06:26.760 31070 32651 I native  : Query (after preprocess): この 国 を
06-17 11:06:26.760 31070 32651 I native  : Query ids (after tokenizer): 61 751 7 2
06-17 11:06:26.760 31070 32651 I native  : Translation ids: 149 2607 2
06-17 11:06:26.760 31070 32651 I native  : Translation (after detokenizer): This country
06-17 11:06:26.760 31070 32651 I native  : Alignment probability:
06-17 11:06:26.760 31070 32651 I native  : 	This	country
06-17 11:06:26.760 31070 32651 I native  : この	0.388235	0.0313726
06-17 11:06:26.760 31070 32651 I native  : 国	0.133333	0.909804
06-17 11:06:26.760 31070 32651 I native  : を	0.313726	0.0235294
06-17 11:06:26.760 31070 32651 I native  : Translation (before postprocess): This country
06-17 11:06:26.761 31070 32652 D native  : I0617 11:06:26.761841   32652 mergeddicttrans.cc:1860] The current system has NMT.
06-17 11:06:26.761 31070 32652 D native  : I0617 11:06:26.761941   32652 mergeddicttrans.cc:1866] Sentence #0: 分かるよ
06-17 11:06:26.761 31070 32652 D native  : I0617 11:06:26.761969   32652 mergeddicttrans.cc:1918] To be translated by NMT.
06-17 11:06:26.768 31070 32652 I native  : I0617 11:06:26.768843   32652 mergeddicttrans.cc:1827] Sentence #0: 分かるよ
06-17 11:06:26.768 31070 32652 I native  : I0617 11:06:26.768939   32652 mergeddicttrans.cc:1828] 
06-17 11:06:26.768 31070 32652 I native  : Source language: ja, target language: en
06-17 11:06:26.768 31070 32652 I native  : 
06-17 11:06:26.768 31070 32652 I native  : Has period trick: 0
06-17 11:06:26.768 31070 32652 I native  : 
06-17 11:06:26.768 31070 32652 I native  : Full translation: I understand
06-17 11:06:26.768 31070 32652 I native  : Translate Instance: 
06-17 11:06:26.768 31070 32652 I native  : Query (raw): 分かるよ
06-17 11:06:26.768 31070 32652 I native  : Query (after preprocess): 分かる よ
06-17 11:06:26.768 31070 32652 I native  : Query ids (after tokenizer): 139 1385 904 2
06-17 11:06:26.768 31070 32652 I native  : Translation ids: 63 2379 2
06-17 11:06:26.768 31070 32652 I native  : Translation (after detokenizer): I understand
06-17 11:06:26.768 31070 32652 I native  : Alignment probability:
06-17 11:06:26.768 31070 32652 I native  : 	I	understand
06-17 11:06:26.768 31070 32652 I native  : 分かる	0.658824	0.745098
06-17 11:06:26.768 31070 32652 I native  : よ	0.239216	0.101961
06-17 11:06:26.768 31070 32652 I native  : Translation (before postprocess): I understand
06-17 11:06:26.774 31070 32654 D native  : I0617 11:06:26.774811   32654 mergeddicttrans.cc:1860] The current system has NMT.
06-17 11:06:26.774 31070 32654 D native  : I0617 11:06:26.774880   32654 mergeddicttrans.cc:1866] Sentence #0: 警戒するのも
06-17 11:06:26.774 31070 32654 D native  : I0617 11:06:26.774911   32654 mergeddicttrans.cc:1918] To be translated by NMT.
06-17 11:06:26.794 31070 32654 I native  : I0617 11:06:26.794119   32654 mergeddicttrans.cc:1827] Sentence #0: 警戒するのも
06-17 11:06:26.794 31070 32654 I native  : I0617 11:06:26.794263   32654 mergeddicttrans.cc:1828] 
06-17 11:06:26.794 31070 32654 I native  : Source language: ja, target language: en
06-17 11:06:26.794 31070 32654 I native  : 
06-17 11:06:26.794 31070 32654 I native  : Has period trick: 0
06-17 11:06:26.794 31070 32654 I native  : 
06-17 11:06:26.794 31070 32654 I native  : Full translation: It is also
06-17 11:06:26.794 31070 32654 I native  : Translate Instance: 
06-17 11:06:26.794 31070 32654 I native  : Query (raw): 警戒するのも
06-17 11:06:26.794 31070 32654 I native  : Query (after preprocess): 警戒 する の も
06-17 11:06:26.794 31070 32654 I native  : Query ids (after tokenizer): 3 1674 3103 13 4 54 2
06-17 11:06:26.794 31070 32654 I native  : Translation ids: 209 11 176 2
06-17 11:06:26.794 31070 32654 I native  : Translation (after detokenizer): It is also
06-17 11:06:26.794 31070 32654 I native  : Alignment probability:
06-17 11:06:26.794 31070 32654 I native  : 	It	is	also
06-17 11:06:26.794 31070 32654 I native  : 警戒	0.258824	0.329412	0.356863
06-17 11:06:26.794 31070 32654 I native  : する	0.133333	0.0823529	0.0196078
06-17 11:06:26.794 31070 32654 I native  : の	0.25098	0.101961	0.0509804
06-17 11:06:26.794 31070 32654 I native  : も	0.164706	0.294118	0.34902
06-17 11:06:26.794 31070 32654 I native  : Translation (before postprocess): It is also
06-17 11:06:26.798 31070 32657 D native  : I0617 11:06:26.798827   32657 mergeddicttrans.cc:1860] The current system has NMT.
06-17 11:06:26.798 31070 32657 D native  : I0617 11:06:26.798929   32657 mergeddicttrans.cc:1866] Sentence #0: メディスが
06-17 11:06:26.798 31070 32657 D native  : I0617 11:06:26.798959   32657 mergeddicttrans.cc:1918] To be translated by NMT.
06-17 11:06:26.811 31070 32657 I native  : I0617 11:06:26.811510   32657 mergeddicttrans.cc:1827] Sentence #0: メディスが
06-17 11:06:26.811 31070 32657 I native  : I0617 11:06:26.811604   32657 mergeddicttrans.cc:1828] 
06-17 11:06:26.811 31070 32657 I native  : Source language: ja, target language: en
06-17 11:06:26.811 31070 32657 I native  : 
06-17 11:06:26.811 31070 32657 I native  : Has period trick: 0
06-17 11:06:26.811 31070 32657 I native  : 
06-17 11:06:26.811 31070 32657 I native  : Full translation: Medis
06-17 11:06:26.811 31070 32657 I native  : Translate Instance: 
06-17 11:06:26.811 31070 32657 I native  : Query (raw): メディスが
06-17 11:06:26.811 31070 32657 I native  : Query (after preprocess): メディス が
06-17 11:06:26.811 31070 32657 I native  : Query ids (after tokenizer): 111 552 48 10 2
06-17 11:06:26.811 31070 32657 I native  : Translation ids: 2127 163 2
06-17 11:06:26.811 31070 32657 I native  : Translation (after detokenizer): Medis
06-17 11:06:26.811 31070 32657 I native  : Alignment probability:
06-17 11:06:26.811 31070 32657 I native  : 	Medis
06-17 11:06:26.811 31070 32657 I native  : メディス	0.84902
06-17 11:06:26.811 31070 32657 I native  : が	0.0803922
06-17 11:06:26.811 31070 32657 I native  : Translation (before postprocess): Medis
06-17 11:06:26.813 31070 32659 D native  : I0617 11:06:26.813071   32659 mergeddicttrans.cc:1860] The current system has NMT.
06-17 11:06:26.813 31070 32659 D native  : I0617 11:06:26.813123   32659 mergeddicttrans.cc:1866] Sentence #0: なお。
06-17 11:06:26.813 31070 32659 D native  : I0617 11:06:26.813155   32659 mergeddicttrans.cc:1918] To be translated by NMT.
06-17 11:06:26.820 31070 32659 I native  : I0617 11:06:26.820558   32659 mergeddicttrans.cc:1827] Sentence #0: なお。
06-17 11:06:26.820 31070 32659 I native  : I0617 11:06:26.820606   32659 mergeddicttrans.cc:1828] 
06-17 11:06:26.820 31070 32659 I native  : Source language: ja, target language: en
06-17 11:06:26.820 31070 32659 I native  : 
06-17 11:06:26.820 31070 32659 I native  : Has period trick: 0
06-17 11:06:26.820 31070 32659 I native  : 
06-17 11:06:26.820 31070 32659 I native  : Full translation: Yet.
06-17 11:06:26.820 31070 32659 I native  : Translate Instance: 
06-17 11:06:26.820 31070 32659 I native  : Query (raw): なお。
06-17 11:06:26.820 31070 32659 I native  : Query (after preprocess): なお .
06-17 11:06:26.820 31070 32659 I native  : Query ids (after tokenizer): 26 849 6 2
06-17 11:06:26.820 31070 32659 I native  : Translation ids: 2823 4 2
06-17 11:06:26.820 31070 32659 I native  : Translation (after detokenizer): yet .
06-17 11:06:26.820 31070 32659 I native  : Alignment probability:
06-17 11:06:26.820 31070 32659 I native  : 	yet	.
06-17 11:06:26.820 31070 32659 I native  : なお	0.462745	0.0352941
06-17 11:06:26.820 31070 32659 I native  : .	0.32549	0.105882
06-17 11:06:26.820 31070 32659 I native  : Translation (before postprocess): yet .
06-17 11:06:26.821 31070 32598 D native  : I0617 11:06:26.821900   32598 mergeddicttrans.cc:1860] The current system has NMT.
06-17 11:06:26.821 31070 32598 D native  : I0617 11:06:26.821929   32598 mergeddicttrans.cc:1866] Sentence #0: 尾に斑められても
06-17 11:06:26.821 31070 32598 D native  : I0617 11:06:26.821954   32598 mergeddicttrans.cc:1918] To be translated by NMT.
06-17 11:06:26.840 31070 32598 I native  : I0617 11:06:26.840436   32598 mergeddicttrans.cc:1827] Sentence #0: 尾に斑められても
06-17 11:06:26.840 31070 32598 I native  : I0617 11:06:26.840575   32598 mergeddicttrans.cc:1828] 
06-17 11:06:26.840 31070 32598 I native  : Source language: ja, target language: en
06-17 11:06:26.840 31070 32598 I native  : 
06-17 11:06:26.840 31070 32598 I native  : Has period trick: 0
06-17 11:06:26.840 31070 32598 I native  : 
06-17 11:06:26.840 31070 32598 I native  : Full translation: Even if it is placed on the tail
06-17 11:06:26.840 31070 32598 I native  : Translate Instance: 
06-17 11:06:26.840 31070 32598 I native  : Query (raw): 尾に斑められても
06-17 11:06:26.840 31070 32598 I native  : Query (after preprocess): 尾 に 斑め られ て も
06-17 11:06:26.840 31070 32598 I native  : Query ids (after tokenizer): 3 2209 8 3 2849 299 420 12 54 2
06-17 11:06:26.840 31070 32598 I native  : Translation ids: 2697 264 70 11 500 1251 24 3 110 661 2
06-17 11:06:26.840 31070 32598 I native  : Translation (after detokenizer): Even if it is placed on the tail
06-17 11:06:26.840 31070 32598 I native  : Alignment probability:
06-17 11:06:26.840 31070 32598 I native  : 	Even	if	it	is	placed	on	the	tail
06-17 11:06:26.840 31070 32598 I native  : 尾	0.0862745	0.137255	0.164706	0.0823529	0.0490196	0.235294	0.74902	0.856863
06-17 11:06:26.840 31070 32598 I native  : に	0.0156863	0.054902	0.0666667	0.0901961	0.054902	0.419608	0.0431373	0.00392157
06-17 11:06:26.840 31070 32598 I native  : 斑め	0.223529	0.345098	0.490196	0.486275	0.74902	0.227451	0.0588235	0.0431373
06-17 11:06:26.840 31070 32598 I native  : られ	0.0235294	0.0431373	0.156863	0.258824	0.0333333	0	0	0
06-17 11:06:26.840 31070 32598 I native  : て	0.0823529	0.156863	0.0823529	0.0196078	0.00196078	0.00392157	0	0
06-17 11:06:26.840 31070 32598 I native  : も	0.541176	0.243137	0.00784314	0	0	0.00392157	0	0
06-17 11:06:26.840 31070 32598 I native  : Translation (before postprocess): Even if it is placed on the tail
06-17 11:06:26.842 31070 32599 D native  : I0617 11:06:26.842580   32599 mergeddicttrans.cc:1860] The current system has NMT.
06-17 11:06:26.842 31070 32599 D native  : I0617 11:06:26.842741   32599 mergeddicttrans.cc:1866] Sentence #0: パンシルパニアで
06-17 11:06:26.842 31070 32599 D native  : I0617 11:06:26.842812   32599 mergeddicttrans.cc:1918] To be translated by NMT.
06-17 11:06:26.859 31070 32599 I native  : I0617 11:06:26.859778   32599 mergeddicttrans.cc:1827] Sentence #0: パンシルパニアで
06-17 11:06:26.859 31070 32599 I native  : I0617 11:06:26.859884   32599 mergeddicttrans.cc:1828] 
06-17 11:06:26.859 31070 32599 I native  : Source language: ja, target language: en
06-17 11:06:26.859 31070 32599 I native  : 
06-17 11:06:26.859 31070 32599 I native  : Has period trick: 0
06-17 11:06:26.859 31070 32599 I native  : 
06-17 11:06:26.859 31070 32599 I native  : Full translation: In pancyl pania
06-17 11:06:26.859 31070 32599 I native  : Translate Instance: 
06-17 11:06:26.859 31070 32599 I native  : Query (raw): パンシルパニアで
06-17 11:06:26.859 31070 32599 I native  : Query (after preprocess): パンシルパニア で
06-17 11:06:26.859 31070 32599 I native  : Query ids (after tokenizer): 83 19 195 23 336 124 59 16 2
06-17 11:06:26.859 31070 32599 I native  : Translation ids: 35 80 1354 268 80 146 252 2
06-17 11:06:26.859 31070 32599 I native  : Translation (after detokenizer): In pancyl pania
06-17 11:06:26.859 31070 32599 I native  : Alignment probability:
06-17 11:06:26.859 31070 32599 I native  : 	In	pancyl	pania
06-17 11:06:26.859 31070 32599 I native  : パンシルパニア	0.333333	0.950327	0.937255
06-17 11:06:26.859 31070 32599 I native  : で	0.580392	0.0104575	0.00522876
06-17 11:06:26.859 31070 32599 I native  : Translation (before postprocess): In pancyl pania
06-17 11:06:26.863 31070 32649 D native  : I0617 11:06:26.863622   32649 mergeddicttrans.cc:1860] The current system has NMT.
06-17 11:06:26.863 31070 32649 D native  : I0617 11:06:26.863696   32649 mergeddicttrans.cc:1866] Sentence #0: もちろん
06-17 11:06:26.863 31070 32649 D native  : I0617 11:06:26.863737   32649 mergeddicttrans.cc:1522] STT before postprocess: もちろん -> of course
06-17 11:06:26.864 31070 32651 D native  : I0617 11:06:26.864519   32651 mergeddicttrans.cc:1860] The current system has NMT.
06-17 11:06:26.864 31070 32651 D native  : I0617 11:06:26.864610   32651 mergeddicttrans.cc:1866] Sentence #0: 期待と違って
06-17 11:06:26.864 31070 32651 D native  : I0617 11:06:26.864642   32651 mergeddicttrans.cc:1918] To be translated by NMT.
06-17 11:06:26.881 31070 32651 I native  : I0617 11:06:26.881390   32651 mergeddicttrans.cc:1827] Sentence #0: 期待と違って
06-17 11:06:26.881 31070 32651 I native  : I0617 11:06:26.881514   32651 mergeddicttrans.cc:1828] 
06-17 11:06:26.881 31070 32651 I native  : Source language: ja, target language: en
06-17 11:06:26.881 31070 32651 I native  : 
06-17 11:06:26.881 31070 32651 I native  : Has period trick: 0
06-17 11:06:26.881 31070 32651 I native  : 
06-17 11:06:26.881 31070 32651 I native  : Full translation: Unlike expectations
06-17 11:06:26.881 31070 32651 I native  : Translate Instance: 
06-17 11:06:26.881 31070 32651 I native  : Query (raw): 期待と違って
06-17 11:06:26.881 31070 32651 I native  : Query (after preprocess): 期待 と 違っ て
06-17 11:06:26.881 31070 32651 I native  : Query ids (after tokenizer): 927 1273 14 1675 88 12 2
06-17 11:06:26.881 31070 32651 I native  : Translation ids: 339 85 2260 266 197 933 2
06-17 11:06:26.881 31070 32651 I native  : Translation (after detokenizer): unlike expectations
06-17 11:06:26.881 31070 32651 I native  : Alignment probability:
06-17 11:06:26.881 31070 32651 I native  : 	unlike	expectations
06-17 11:06:26.881 31070 32651 I native  : 期待	0.0287582	0.569935
06-17 11:06:26.881 31070 32651 I native  : と	0.0287582	0.0418301
06-17 11:06:26.881 31070 32651 I native  : 違っ	0.368627	0.027451
06-17 11:06:26.881 31070 32651 I native  : て	0.0379085	0.00261438
06-17 11:06:26.881 31070 32651 I native  : Translation (before postprocess): unlike expectations
06-17 11:06:26.882 31070 32652 D native  : I0617 11:06:26.882627   32652 mergeddicttrans.cc:1860] The current system has NMT.
06-17 11:06:26.882 31070 32652 D native  : I0617 11:06:26.882745   32652 mergeddicttrans.cc:1866] Sentence #0: あなたたちが
06-17 11:06:26.882 31070 32652 D native  : I0617 11:06:26.882836   32652 mergeddicttrans.cc:1918] To be translated by NMT.
06-17 11:06:26.891 31070 32652 I native  : I0617 11:06:26.891237   32652 mergeddicttrans.cc:1827] Sentence #0: あなたたちが
06-17 11:06:26.891 31070 32652 I native  : I0617 11:06:26.891337   32652 mergeddicttrans.cc:1828] 
06-17 11:06:26.891 31070 32652 I native  : Source language: ja, target language: en
06-17 11:06:26.891 31070 32652 I native  : 
06-17 11:06:26.891 31070 32652 I native  : Has period trick: 0
06-17 11:06:26.891 31070 32652 I native  : 
06-17 11:06:26.891 31070 32652 I native  : Full translation: You
06-17 11:06:26.891 31070 32652 I native  : Translate Instance: 
06-17 11:06:26.891 31070 32652 I native  : Query (raw): あなたたちが
06-17 11:06:26.891 31070 32652 I native  : Query (after preprocess): あなた たち が
06-17 11:06:26.891 31070 32652 I native  : Query ids (after tokenizer): 958 15 333 10 2
06-17 11:06:26.891 31070 32652 I native  : Translation ids: 355 2
06-17 11:06:26.891 31070 32652 I native  : Translation (after detokenizer): You
06-17 11:06:26.891 31070 32652 I native  : Alignment probability:
06-17 11:06:26.891 31070 32652 I native  : 	You
06-17 11:06:26.891 31070 32652 I native  : あなた	0.698039
06-17 11:06:26.891 31070 32652 I native  : たち	0.0470588
06-17 11:06:26.891 31070 32652 I native  : が	0.129412
06-17 11:06:26.891 31070 32652 I native  : Translation (before postprocess): You
06-17 11:06:26.892 31070 32654 D native  : I0617 11:06:26.892703   32654 mergeddicttrans.cc:1860] The current system has NMT.
06-17 11:06:26.892 31070 32654 D native  : I0617 11:06:26.892782   32654 mergeddicttrans.cc:1866] Sentence #0: 分かったら...
06-17 11:06:26.892 31070 32654 D native  : I0617 11:06:26.892814   32654 mergeddicttrans.cc:1918] To be translated by NMT.
06-17 11:06:26.906 31070 32654 I native  : I0617 11:06:26.906500   32654 mergeddicttrans.cc:1827] Sentence #0: 分かったら...
06-17 11:06:26.906 31070 32654 I native  : I0617 11:06:26.906596   32654 mergeddicttrans.cc:1828] 
06-17 11:06:26.906 31070 32654 I native  : Source language: ja, target language: en
06-17 11:06:26.906 31070 32654 I native  : 
06-17 11:06:26.906 31070 32654 I native  : Has period trick: 0
06-17 11:06:26.906 31070 32654 I native  : 
06-17 11:06:26.906 31070 32654 I native  : Full translation: If you understand ...
06-17 11:06:26.906 31070 32654 I native  : Translate Instance: 
06-17 11:06:26.906 31070 32654 I native  : Query (raw): 分かったら...
06-17 11:06:26.906 31070 32654 I native  : Query (after preprocess): 分かっ たら ...
06-17 11:06:26.906 31070 32654 I native  : Query ids (after tokenizer): 139 1018 1539 1198 2
06-17 11:06:26.906 31070 32654 I native  : Translation ids: 191 87 2379 983 2
06-17 11:06:26.906 31070 32654 I native  : Translation (after detokenizer): If you understand ...
06-17 11:06:26.906 31070 32654 I native  : Alignment probability:
06-17 11:06:26.906 31070 32654 I native  : 	If	you	understand	...
06-17 11:06:26.906 31070 32654 I native  : 分かっ	0.133333	0.843137	0.819608	0.0627451
06-17 11:06:26.906 31070 32654 I native  : たら	0.486275	0.0588235	0.00784314	0.0509804
06-17 11:06:26.906 31070 32654 I native  : ...	0.207843	0.0470588	0.0705882	0.623529
06-17 11:06:26.906 31070 32654 I native  : Translation (before postprocess): If you understand ...
06-17 11:06:26.908 31070 32657 D native  : I0617 11:06:26.908853   32657 mergeddicttrans.cc:1860] The current system has NMT.
06-17 11:06:26.908 31070 32657 D native  : I0617 11:06:26.908932   32657 mergeddicttrans.cc:1866] Sentence #0: 脅成になると
06-17 11:06:26.908 31070 32657 D native  : I0617 11:06:26.908966   32657 mergeddicttrans.cc:1918] To be translated by NMT.
06-17 11:06:26.924 31070 32657 I native  : I0617 11:06:26.924405   32657 mergeddicttrans.cc:1827] Sentence #0: 脅成になると
06-17 11:06:26.924 31070 32657 I native  : I0617 11:06:26.924494   32657 mergeddicttrans.cc:1828] 
06-17 11:06:26.924 31070 32657 I native  : Source language: ja, target language: en
06-17 11:06:26.924 31070 32657 I native  : 
06-17 11:06:26.924 31070 32657 I native  : Has period trick: 0
06-17 11:06:26.924 31070 32657 I native  : 
06-17 11:06:26.924 31070 32657 I native  : Full translation: As threats
06-17 11:06:26.924 31070 32657 I native  : Translate Instance: 
06-17 11:06:26.924 31070 32657 I native  : Query (raw): 脅成になると
06-17 11:06:26.924 31070 32657 I native  : Query (after preprocess): 脅成 に なる と
06-17 11:06:26.924 31070 32657 I native  : Query ids (after tokenizer): 3 2543 294 8 353 14 2
06-17 11:06:26.924 31070 32657 I native  : Translation ids: 27 1539 451 10 2
06-17 11:06:26.924 31070 32657 I native  : Translation (after detokenizer): as threats
06-17 11:06:26.924 31070 32657 I native  : Alignment probability:
06-17 11:06:26.924 31070 32657 I native  : 	as	threats
06-17 11:06:26.924 31070 32657 I native  : 脅成	0.219608	0.699346
06-17 11:06:26.924 31070 32657 I native  : に	0.105882	0.0156863
06-17 11:06:26.924 31070 32657 I native  : なる	0.105882	0.0130719
06-17 11:06:26.924 31070 32657 I native  : と	0.2	0.0235294
06-17 11:06:26.924 31070 32657 I native  : Translation (before postprocess): as threats
06-17 11:06:26.925 31070 32659 D native  : I0617 11:06:26.925769   32659 mergeddicttrans.cc:1860] The current system has NMT.
06-17 11:06:26.925 31070 32659 D native  : I0617 11:06:26.925822   32659 mergeddicttrans.cc:1866] Sentence #0: パンシルバニアの
06-17 11:06:26.925 31070 32659 D native  : I0617 11:06:26.925898   32659 mergeddicttrans.cc:1918] To be translated by NMT.
06-17 11:06:26.940 31070 32659 I native  : I0617 11:06:26.940422   32659 mergeddicttrans.cc:1827] Sentence #0: パンシルバニアの
06-17 11:06:26.940 31070 32659 I native  : I0617 11:06:26.940506   32659 mergeddicttrans.cc:1828] 
06-17 11:06:26.940 31070 32659 I native  : Source language: ja, target language: en
06-17 11:06:26.940 31070 32659 I native  : 
06-17 11:06:26.940 31070 32659 I native  : Has period trick: 0
06-17 11:06:26.940 31070 32659 I native  : 
06-17 11:06:26.940 31070 32659 I native  : Full translation: Pantylvania
06-17 11:06:26.940 31070 32659 I native  : Translate Instance: 
06-17 11:06:26.940 31070 32659 I native  : Query (raw): パンシルバニアの
06-17 11:06:26.940 31070 32659 I native  : Query (after preprocess): パンシルバニア の
06-17 11:06:26.940 31070 32659 I native  : Query ids (after tokenizer): 83 19 195 23 131 124 59 4 2
06-17 11:06:26.940 31070 32659 I native  : Translation ids: 80 178 268 205 146 252 2
06-17 11:06:26.940 31070 32659 I native  : Translation (after detokenizer): pantylvania
06-17 11:06:26.940 31070 32659 I native  : Alignment probability:
06-17 11:06:26.940 31070 32659 I native  : 	pantylvania
06-17 11:06:26.940 31070 32659 I native  : パンシルバニア	0.892157
06-17 11:06:26.940 31070 32659 I native  : の	0.020915
06-17 11:06:26.940 31070 32659 I native  : Translation (before postprocess): pantylvania
06-17 11:06:26.941 31070 32598 D native  : I0617 11:06:26.941510   32598 mergeddicttrans.cc:1860] The current system has NMT.
06-17 11:06:26.941 31070 32598 D native  : I0617 11:06:26.941623   32598 mergeddicttrans.cc:1866] Sentence #0: 世界と、
06-17 11:06:26.941 31070 32598 D native  : I0617 11:06:26.941652   32598 mergeddicttrans.cc:1918] To be translated by NMT.
06-17 11:06:26.951 31070 32598 I native  : I0617 11:06:26.951030   32598 mergeddicttrans.cc:1827] Sentence #0: 世界と、
06-17 11:06:26.951 31070 32598 I native  : I0617 11:06:26.951137   32598 mergeddicttrans.cc:1828] 
06-17 11:06:26.951 31070 32598 I native  : Source language: ja, target language: en
06-17 11:06:26.951 31070 32598 I native  : 
06-17 11:06:26.951 31070 32598 I native  : Has period trick: 0
06-17 11:06:26.951 31070 32598 I native  : 
06-17 11:06:26.951 31070 32598 I native  : Full translation: With the world,
06-17 11:06:26.951 31070 32598 I native  : Translate Instance: 
06-17 11:06:26.951 31070 32598 I native  : Query (raw): 世界と、
06-17 11:06:26.951 31070 32598 I native  : Query (after preprocess): 世界 と ,
06-17 11:06:26.951 31070 32598 I native  : Query ids (after tokenizer): 1079 743 14 5 2
06-17 11:06:26.951 31070 32598 I native  : Translation ids: 990 3 1605 5 2
06-17 11:06:26.951 31070 32598 I native  : Translation (after detokenizer): With the world ,
06-17 11:06:26.951 31070 32598 I native  : Alignment probability:
06-17 11:06:26.951 31070 32598 I native  : 	With	the	world	,
06-17 11:06:26.951 31070 32598 I native  : 世界	0.32549	0.541176	0.752941	0.0901961
06-17 11:06:26.951 31070 32598 I native  : と	0.403922	0.286275	0.0705882	0.247059
06-17 11:06:26.951 31070 32598 I native  : ,	0.0588235	0.0235294	0.0156863	0.466667
06-17 11:06:26.951 31070 32598 I native  : Translation (before postprocess): With the world ,
06-17 11:06:26.976 31070 32599 D PipelineManager: Start process bitmap
06-17 11:06:26.993 31070  1077 I tflite  : Replacing 44 out of 46 node(s) with delegate (TfLiteXNNPackDelegate) node, yielding 3 partitions for the whole graph.
06-17 11:06:27.066 31070 32599 D PipelineManager: OCR process succeeded via visionkit pipeline.
06-17 11:06:28.081 31070 31941 W onnxruntime:  [W:onnxruntime:, nnapi_execution_provider.cc:229 GetCapability] NnapiExecutionProvider::GetCapability, number of partitions supported by NNAPI: 145 number of nodes in the graph: 1537 number of nodes supported by NNAPI: 997
06-17 11:06:28.088 31070 31941 W onnxruntime:  [W:onnxruntime:, nnapi_execution_provider.cc:229 GetCapability] NnapiExecutionProvider::GetCapability, number of partitions supported by NNAPI: 145 number of nodes in the graph: 1553 number of nodes supported by NNAPI: 1011
06-17 11:06:28.244 31070 31941 I ExecutionPlan: ExecutionPlan::SimpleBody::finish: compilation finished successfully on nnapi-reference
06-17 11:06:28.244 31070 31941 I ExecutionPlan: ExecutionPlan::SimpleBody::finish: compilation finished successfully on nnapi-reference
06-17 11:06:28.245 31070 31941 I ExecutionPlan: ExecutionPlan::SimpleBody::finish: compilation finished successfully on nnapi-reference
06-17 11:06:28.245 31070 31941 I ExecutionPlan: ExecutionPlan::SimpleBody::finish: compilation finished successfully on nnapi-reference
06-17 11:06:28.245 31070 31941 I ExecutionPlan: ExecutionPlan::SimpleBody::finish: compilation finished successfully on nnapi-reference
06-17 11:06:28.246 31070 31941 I ExecutionPlan: ExecutionPlan::SimpleBody::finish: compilation finished successfully on nnapi-reference
06-17 11:06:28.246 31070 31941 I ExecutionPlan: ExecutionPlan::SimpleBody::finish: compilation finished successfully on nnapi-reference
06-17 11:06:28.246 31070 31941 I ExecutionPlan: ExecutionPlan::SimpleBody::finish: compilation finished successfully on nnapi-reference
06-17 11:06:28.247 31070 31941 I ExecutionPlan: ExecutionPlan::SimpleBody::finish: compilation finished successfully on nnapi-reference
06-17 11:06:28.247 31070 31941 I ExecutionPlan: ExecutionPlan::SimpleBody::finish: compilation finished successfully on nnapi-reference
06-17 11:06:28.247 31070 31941 I ExecutionPlan: ExecutionPlan::SimpleBody::finish: compilation finished successfully on nnapi-reference
06-17 11:06:28.247 31070 31941 I ExecutionPlan: ExecutionPlan::SimpleBody::finish: compilation finished successfully on nnapi-reference
06-17 11:06:28.248 31070 31941 I ExecutionPlan: ExecutionPlan::SimpleBody::finish: compilation finished successfully on nnapi-reference
06-17 11:06:28.248 31070 31941 I ExecutionPlan: ExecutionPlan::SimpleBody::finish: compilation finished successfully on nnapi-reference
06-17 11:06:28.248 31070 31941 I ExecutionPlan: ExecutionPlan::SimpleBody::finish: compilation finished successfully on nnapi-reference
06-17 11:06:28.249 31070 31941 I ExecutionPlan: ExecutionPlan::SimpleBody::finish: compilation finished successfully on nnapi-reference
06-17 11:06:28.249 31070 31941 I ExecutionPlan: ExecutionPlan::SimpleBody::finish: compilation finished successfully on nnapi-reference
06-17 11:06:28.249 31070 31941 I ExecutionPlan: ExecutionPlan::SimpleBody::finish: compilation finished successfully on nnapi-reference
06-17 11:06:28.249 31070 31941 I ExecutionPlan: ExecutionPlan::SimpleBody::finish: compilation finished successfully on nnapi-reference
06-17 11:06:28.250 31070 31941 I ExecutionPlan: ExecutionPlan::SimpleBody::finish: compilation finished successfully on nnapi-reference
06-17 11:06:28.250 31070 31941 I ExecutionPlan: ExecutionPlan::SimpleBody::finish: compilation finished successfully on nnapi-reference
06-17 11:06:28.250 31070 31941 I ExecutionPlan: ExecutionPlan::SimpleBody::finish: compilation finished successfully on nnapi-reference
06-17 11:06:28.250 31070 31941 I ExecutionPlan: ExecutionPlan::SimpleBody::finish: compilation finished successfully on nnapi-reference
06-17 11:06:28.251 31070 31941 I ExecutionPlan: ExecutionPlan::SimpleBody::finish: compilation finished successfully on nnapi-reference
06-17 11:06:28.251 31070 31941 I ExecutionPlan: ExecutionPlan::SimpleBody::finish: compilation finished successfully on nnapi-reference
06-17 11:06:28.251 31070 31941 I ExecutionPlan: ExecutionPlan::SimpleBody::finish: compilation finished successfully on nnapi-reference
06-17 11:06:28.252 31070 31941 I ExecutionPlan: ExecutionPlan::SimpleBody::finish: compilation finished successfully on nnapi-reference
06-17 11:06:28.252 31070 31941 I ExecutionPlan: ExecutionPlan::SimpleBody::finish: compilation finished successfully on nnapi-reference
06-17 11:06:28.252 31070 31941 I ExecutionPlan: ExecutionPlan::SimpleBody::finish: compilation finished successfully on nnapi-reference
06-17 11:06:28.252 31070 31941 I ExecutionPlan: ExecutionPlan::SimpleBody::finish: compilation finished successfully on nnapi-reference
06-17 11:06:28.253 31070 31941 I ExecutionPlan: ExecutionPlan::SimpleBody::finish: compilation finished successfully on nnapi-reference
06-17 11:06:28.253 31070 31941 I ExecutionPlan: ExecutionPlan::SimpleBody::finish: compilation finished successfully on nnapi-reference
06-17 11:06:28.253 31070 31941 I ExecutionPlan: ExecutionPlan::SimpleBody::finish: compilation finished successfully on nnapi-reference
06-17 11:06:28.254 31070 31941 I ExecutionPlan: ExecutionPlan::SimpleBody::finish: compilation finished successfully on nnapi-reference
06-17 11:06:28.254 31070 31941 I ExecutionPlan: ExecutionPlan::SimpleBody::finish: compilation finished successfully on nnapi-reference
06-17 11:06:28.254 31070 31941 I ExecutionPlan: ExecutionPlan::SimpleBody::finish: compilation finished successfully on nnapi-reference
06-17 11:06:28.255 31070 31941 I ExecutionPlan: ExecutionPlan::SimpleBody::finish: compilation finished successfully on nnapi-reference
06-17 11:06:28.255 31070 31941 I ExecutionPlan: ExecutionPlan::SimpleBody::finish: compilation finished successfully on nnapi-reference
06-17 11:06:28.255 31070 31941 I ExecutionPlan: ExecutionPlan::SimpleBody::finish: compilation finished successfully on nnapi-reference
06-17 11:06:28.255 31070 31941 I ExecutionPlan: ExecutionPlan::SimpleBody::finish: compilation finished successfully on nnapi-reference
06-17 11:06:28.256 31070 31941 I ExecutionPlan: ExecutionPlan::SimpleBody::finish: compilation finished successfully on nnapi-reference
06-17 11:06:28.256 31070 31941 I ExecutionPlan: ExecutionPlan::SimpleBody::finish: compilation finished successfully on nnapi-reference
06-17 11:06:28.256 31070 31941 I ExecutionPlan: ExecutionPlan::SimpleBody::finish: compilation finished successfully on nnapi-reference
06-17 11:06:28.257 31070 31941 I ExecutionPlan: ExecutionPlan::SimpleBody::finish: compilation finished successfully on nnapi-reference
06-17 11:06:28.258 31070 31941 I ExecutionPlan: ExecutionPlan::SimpleBody::finish: compilation finished successfully on nnapi-reference
06-17 11:06:28.259 31070 31941 I ExecutionPlan: ExecutionPlan::SimpleBody::finish: compilation finished successfully on nnapi-reference
06-17 11:06:28.259 31070 31941 I ExecutionPlan: ExecutionPlan::SimpleBody::finish: compilation finished successfully on nnapi-reference
06-17 11:06:28.259 31070 31941 I ExecutionPlan: ExecutionPlan::SimpleBody::finish: compilation finished successfully on nnapi-reference
06-17 11:06:28.260 31070 31941 I ExecutionPlan: ExecutionPlan::SimpleBody::finish: compilation finished successfully on nnapi-reference
06-17 11:06:28.260 31070 31941 I ExecutionPlan: ExecutionPlan::SimpleBody::finish: compilation finished successfully on nnapi-reference
06-17 11:06:28.260 31070 31941 I ExecutionPlan: ExecutionPlan::SimpleBody::finish: compilation finished successfully on nnapi-reference
06-17 11:06:28.269 31070 32651 D DecoupledTextDelegate: Start loading thick OCR module.
06-17 11:06:28.270 31070 32651 I DynamiteModule: Considering local module com.google.mlkit.dynamite.text.japanese:10000 and remote module com.google.mlkit.dynamite.text.japanese:0
06-17 11:06:28.270 31070 32651 I DynamiteModule: Selected local version of com.google.mlkit.dynamite.text.japanese
06-17 11:06:28.270 31070 32651 I native  : I0000 00:00:1781669188.270875   32651 asset_manager_util.cc:61] Created global reference to asset manager.
06-17 11:06:28.275 31070  1161 I native  : I0000 00:00:1781669188.275694    1161 resource_manager.cc:23] Number of optimal threads: 6
06-17 11:06:28.276 31070  1161 I native  : I0000 00:00:1781669188.276038    1161 text_detector_thread_pool_context.cc:38] Compute manager max in flight region detector overwrite: 1
06-17 11:06:28.276 31070  1160 I native  : I0000 00:00:1781669188.276065    1160 text_classifier.cc:32] Creating classifier TfliteTextClassifier
06-17 11:06:28.276 31070  1161 I native  : I0000 00:00:1781669188.276495    1161 common_util.h:41] Resizing Thread Pool: ocr_det_0 to 3
06-17 11:06:28.276 31070  1160 I native  : I0000 00:00:1781669188.276552    1160 common_util.h:41] Resizing Thread Pool: ocr_segm to 3
06-17 11:06:28.276 31070  1161 I native  : I0000 00:00:1781669188.276844    1161 tflite_detector_client_with_shape_cache.cc:76] Interpreter threads: 6
06-17 11:06:28.278 31070  1160 I native  : I0000 00:00:1781669188.278061    1160 tflite_lstm_client_base.cc:371] Resizing interpreter pool to 4
06-17 11:06:28.278 31070  1161 I tflite  : Replacing 44 out of 46 node(s) with delegate (TfLiteXNNPackDelegate) node, yielding 3 partitions for the whole graph.
06-17 11:06:28.278 31070  1161 I native  : I0000 00:00:1781669188.278911    1161 tflite_detector_client_with_shape_cache.cc:105] Caching size: 10
06-17 11:06:28.279 31070  1160 I native  : I0000 00:00:1781669188.278940    1160 multi_pass_line_recognition_mutator.cc:342] Preloading recognizers.
06-17 11:06:28.279 31070 32616 I native  : I0000 00:00:1781669188.279319   32616 tflite_model_pooled_runner.cc:625] Loading mlkit-google-ocr-models/gocr/gocr_models/line_recognition_legacy_mobile/Jpan_ctc/optical/conv_model.fb
06-17 11:06:28.279 31070 32645 I native  : I0000 00:00:1781669188.279328   32645 tflite_model_pooled_runner.cc:625] Loading mlkit-google-ocr-models/gocr/gocr_models/line_recognition_legacy_mobile/Hani_ctc/optical/conv_model.fb
06-17 11:06:28.279 31070  1161 I native  : I0000 00:00:1781669188.279839    1161 tflite_model_pooled_runner.cc:625] Loading mlkit-google-ocr-models/gocr/layout/line_splitting_custom_ops/model.tflite
06-17 11:06:28.279 31070 32618 I native  : I0000 00:00:1781669188.279759   32618 tflite_model_pooled_runner.cc:625] Loading mlkit-google-ocr-models/gocr/gocr_models/line_recognition_legacy_mobile/Latn_ctc/optical/conv_model.fb
06-17 11:06:28.280 31070 32645 I native  : I0000 00:00:1781669188.279973   32645 tflite_model_pooled_runner.cc:636] Loading mlkit-google-ocr-models/gocr/gocr_models/line_recognition_legacy_mobile/Hani_ctc/optical/lstm_model.fb
06-17 11:06:28.280 31070  1161 I native  : I0000 00:00:1781669188.280055    1161 tflite_model_pooled_runner.cc:836] Resizing interpreter pool to 1
06-17 11:06:28.280 31070 32616 I native  : I0000 00:00:1781669188.280082   32616 tflite_model_pooled_runner.cc:636] Loading mlkit-google-ocr-models/gocr/gocr_models/line_recognition_legacy_mobile/Jpan_ctc/optical/lstm_model.fb
06-17 11:06:28.280 31070  1161 I native  : I0000 00:00:1781669188.280434    1161 tflite_model_pooled_runner.cc:625] Loading mlkit-google-ocr-models/gocr/layout/line_clustering_custom_ops/model.tflite
06-17 11:06:28.281 31070  1161 I native  : I0000 00:00:1781669188.281952    1161 tflite_model_pooled_runner.cc:836] Resizing interpreter pool to 1
06-17 11:06:28.283 31070 32618 I native  : I0000 00:00:1781669188.283604   32618 tflite_model_pooled_runner.cc:636] Loading mlkit-google-ocr-models/gocr/gocr_models/line_recognition_legacy_mobile/Latn_ctc/optical/lstm_model.fb
06-17 11:06:28.285 31070 32645 I native  : I0000 00:00:1781669188.285777   32645 tflite_model_pooled_runner.cc:836] Resizing interpreter pool to 4
06-17 11:06:28.285 31070 32616 I native  : I0000 00:00:1781669188.285828   32616 tflite_model_pooled_runner.cc:836] Resizing interpreter pool to 4
06-17 11:06:28.289 31070 32618 I native  : I0000 00:00:1781669188.289203   32618 tflite_model_pooled_runner.cc:836] Resizing interpreter pool to 4
06-17 11:06:28.289 31070 32616 I native  : I0000 00:00:1781669188.289265   32616 mobile_langid_v2.cc:58] MobileLangID V2 initialized.
06-17 11:06:28.289 31070 32616 I native  : I0000 00:00:1781669188.289636   32616 multi_pass_line_recognition_mutator.cc:364] Finished preloading a recognizer for "Jpan"
06-17 11:06:28.289 31070 32645 I native  : I0000 00:00:1781669188.289934   32645 mobile_langid_v2.cc:58] MobileLangID V2 initialized.
06-17 11:06:28.290 31070 32645 I native  : I0000 00:00:1781669188.289993   32645 multi_pass_line_recognition_mutator.cc:364] Finished preloading a recognizer for "Hani"
06-17 11:06:28.291 31070 32618 I native  : I0000 00:00:1781669188.291030   32618 mobile_langid_v2.cc:58] MobileLangID V2 initialized.
06-17 11:06:28.291 31070 32618 I native  : I0000 00:00:1781669188.291111   32618 multi_pass_line_recognition_mutator.cc:364] Finished preloading a recognizer for "Latn"
06-17 11:06:28.291 31070  1160 I native  : I0000 00:00:1781669188.291191    1160 multi_pass_line_recognition_mutator.cc:398] Finished preloading recognizers.
06-17 11:06:28.292 31070 32651 D PipelineManager: Start process bitmap
06-17 11:06:28.300 31070  1160 I tflite  : Replacing 44 out of 46 node(s) with delegate (TfLiteXNNPackDelegate) node, yielding 3 partitions for the whole graph.
06-17 11:06:28.314 31070  1160 I tflite  : Replacing 44 out of 46 node(s) with delegate (TfLiteXNNPackDelegate) node, yielding 3 partitions for the whole graph.
06-17 11:06:28.332 31070  1160 I tflite  : Replacing 44 out of 46 node(s) with delegate (TfLiteXNNPackDelegate) node, yielding 3 partitions for the whole graph.
06-17 11:06:28.358 31070  1160 I tflite  : Replacing 44 out of 46 node(s) with delegate (TfLiteXNNPackDelegate) node, yielding 3 partitions for the whole graph.
06-17 11:06:28.370 31070  1160 I tflite  : Replacing 44 out of 46 node(s) with delegate (TfLiteXNNPackDelegate) node, yielding 3 partitions for the whole graph.
06-17 11:06:28.450 31070 32651 D PipelineManager: OCR process succeeded via visionkit pipeline.
06-17 11:06:28.639 31070 32652 D native  : I0617 11:06:28.639753   32652 mergeddicttrans.cc:1860] The current system has NMT.
06-17 11:06:28.639 31070 32652 D native  : I0617 11:06:28.639888   32652 mergeddicttrans.cc:1866] Sentence #0: あたし..…
06-17 11:06:28.639 31070 32652 D native  : I0617 11:06:28.639950   32652 mergeddicttrans.cc:1918] To be translated by NMT.
06-17 11:06:28.657 31070 32652 I native  : I0617 11:06:28.657390   32652 mergeddicttrans.cc:1827] Sentence #0: あたし..…
06-17 11:06:28.657 31070 32652 I native  : I0617 11:06:28.657596   32652 mergeddicttrans.cc:1828] 
06-17 11:06:28.657 31070 32652 I native  : Source language: ja, target language: en
06-17 11:06:28.657 31070 32652 I native  : 
06-17 11:06:28.657 31070 32652 I native  : Has period trick: 0
06-17 11:06:28.657 31070 32652 I native  : 
06-17 11:06:28.657 31070 32652 I native  : Full translation: Hit. .. ...
06-17 11:06:28.657 31070 32652 I native  : Translate Instance: 
06-17 11:06:28.657 31070 32652 I native  : Query (raw): あたし..…
06-17 11:06:28.657 31070 32652 I native  : Query (after preprocess): あたし .. ...
06-17 11:06:28.657 31070 32652 I native  : Query ids (after tokenizer): 838 398 51 6 62 1198 2
06-17 11:06:28.657 31070 32652 I native  : Translation ids: 82 93 4 4 64 983 2
06-17 11:06:28.657 31070 32652 I native  : Translation (after detokenizer): Hit . .. ...
06-17 11:06:28.657 31070 32652 I native  : Alignment probability:
06-17 11:06:28.657 31070 32652 I native  : 	Hit	.	..	...
06-17 11:06:28.657 31070 32652 I native  : あたし	0.737255	0.243137	0.00392157	0.00392157
06-17 11:06:28.657 31070 32652 I native  : ..	0.0764706	0.176471	0.590196	0.027451
06-17 11:06:28.657 31070 32652 I native  : ...	0.0156863	0.0156863	0.305882	0.635294
06-17 11:06:28.657 31070 32652 I native  : Translation (before postprocess): Hit . .. ...
06-17 11:06:28.658 31070 32654 D native  : I0617 11:06:28.658637   32654 mergeddicttrans.cc:1860] The current system has NMT.
06-17 11:06:28.658 31070 32654 D native  : I0617 11:06:28.658824   32654 mergeddicttrans.cc:1866] Sentence #0: 思ってない
06-17 11:06:28.658 31070 32654 D native  : I0617 11:06:28.658860   32654 mergeddicttrans.cc:1918] To be translated by NMT.
06-17 11:06:28.670 31070 32654 I native  : I0617 11:06:28.670715   32654 mergeddicttrans.cc:1827] Sentence #0: 思ってない
06-17 11:06:28.670 31070 32654 I native  : I0617 11:06:28.670818   32654 mergeddicttrans.cc:1828] 
06-17 11:06:28.670 31070 32654 I native  : Source language: ja, target language: en
06-17 11:06:28.670 31070 32654 I native  : 
06-17 11:06:28.670 31070 32654 I native  : Has period trick: 0
06-17 11:06:28.670 31070 32654 I native  : 
06-17 11:06:28.670 31070 32654 I native  : Full translation: I do not think
06-17 11:06:28.670 31070 32654 I native  : Translate Instance: 
06-17 11:06:28.670 31070 32654 I native  : Query (raw): 思ってない
06-17 11:06:28.670 31070 32654 I native  : Query (after preprocess): 思っ て ない
06-17 11:06:28.670 31070 32654 I native  : Query ids (after tokenizer): 1557 88 12 137 2
06-17 11:06:28.670 31070 32654 I native  : Translation ids: 63 399 53 2108 2
06-17 11:06:28.670 31070 32654 I native  : Translation (after detokenizer): I do not think
06-17 11:06:28.670 31070 32654 I native  : Alignment probability:
06-17 11:06:28.670 31070 32654 I native  : 	I	do	not	think
06-17 11:06:28.670 31070 32654 I native  : 思っ	0.105882	0.192157	0.105882	0.870588
06-17 11:06:28.670 31070 32654 I native  : て	0.0901961	0.0941176	0.027451	0.0431373
06-17 11:06:28.670 31070 32654 I native  : ない	0.207843	0.501961	0.223529	0.00784314
06-17 11:06:28.670 31070 32654 I native  : Translation (before postprocess): I do not think
06-17 11:06:28.672 31070 32657 D native  : I0617 11:06:28.672436   32657 mergeddicttrans.cc:1860] The current system has NMT.
06-17 11:06:28.672 31070 32657 D native  : I0617 11:06:28.672489   32657 mergeddicttrans.cc:1866] Sentence #0: ちっとも
06-17 11:06:28.672 31070 32657 D native  : I0617 11:06:28.672521   32657 mergeddicttrans.cc:1918] To be translated by NMT.
06-17 11:06:28.679 31070 32657 I native  : I0617 11:06:28.679951   32657 mergeddicttrans.cc:1827] Sentence #0: ちっとも
06-17 11:06:28.680 31070 32657 I native  : I0617 11:06:28.680035   32657 mergeddicttrans.cc:1828] 
06-17 11:06:28.680 31070 32657 I native  : Source language: ja, target language: en
06-17 11:06:28.680 31070 32657 I native  : 
06-17 11:06:28.680 31070 32657 I native  : Has period trick: 0
06-17 11:06:28.680 31070 32657 I native  : 
06-17 11:06:28.680 31070 32657 I native  : Full translation: At all
06-17 11:06:28.680 31070 32657 I native  : Translate Instance: 
06-17 11:06:28.680 31070 32657 I native  : Query (raw): ちっとも
06-17 11:06:28.680 31070 32657 I native  : Query (after preprocess): ちっとも
06-17 11:06:28.680 31070 32657 I native  : Query ids (after tokenizer): 1892 1533 300 2
06-17 11:06:28.680 31070 32657 I native  : Translation ids: 69 210 2
06-17 11:06:28.680 31070 32657 I native  : Translation (after detokenizer): at all
06-17 11:06:28.680 31070 32657 I native  : Alignment probability:
06-17 11:06:28.680 31070 32657 I native  : 	at	all
06-17 11:06:28.680 31070 32657 I native  : ちっとも	0.462745	0.403922
06-17 11:06:28.680 31070 32657 I native  : Translation (before postprocess): at all
06-17 11:06:28.681 31070 32659 D native  : I0617 11:06:28.681723   32659 mergeddicttrans.cc:1860] The current system has NMT.
06-17 11:06:28.681 31070 32659 D native  : I0617 11:06:28.681776   32659 mergeddicttrans.cc:1866] Sentence #0: 会のめす
06-17 11:06:28.681 31070 32659 D native  : I0617 11:06:28.681802   32659 mergeddicttrans.cc:1918] To be translated by NMT.
06-17 11:06:28.690 31070 32659 I native  : I0617 11:06:28.690358   32659 mergeddicttrans.cc:1827] Sentence #0: 会のめす
06-17 11:06:28.690 31070 32659 I native  : I0617 11:06:28.690454   32659 mergeddicttrans.cc:1828] 
06-17 11:06:28.690 31070 32659 I native  : Source language: ja, target language: en
06-17 11:06:28.690 31070 32659 I native  : 
06-17 11:06:28.690 31070 32659 I native  : Has period trick: 0
06-17 11:06:28.690 31070 32659 I native  : 
06-17 11:06:28.690 31070 32659 I native  : Full translation: Meet
06-17 11:06:28.690 31070 32659 I native  : Translate Instance: 
06-17 11:06:28.690 31070 32659 I native  : Query (raw): 会のめす
06-17 11:06:28.690 31070 32659 I native  : Query (after preprocess): 会 の めす
06-17 11:06:28.690 31070 32659 I native  : Query ids (after tokenizer): 999 4 3 299 352 2
06-17 11:06:28.690 31070 32659 I native  : Translation ids: 2626 2
06-17 11:06:28.690 31070 32659 I native  : Translation (after detokenizer): meet
06-17 11:06:28.690 31070 32659 I native  : Alignment probability:
06-17 11:06:28.690 31070 32659 I native  : 	meet
06-17 11:06:28.690 31070 32659 I native  : 会	0.619608
06-17 11:06:28.690 31070 32659 I native  : の	0.0588235
06-17 11:06:28.690 31070 32659 I native  : めす	0.105882
06-17 11:06:28.690 31070 32659 I native  : Translation (before postprocess): meet
06-17 11:06:28.691 31070 32598 D native  : I0617 11:06:28.691736   32598 mergeddicttrans.cc:1860] The current system has NMT.
06-17 11:06:28.691 31070 32598 D native  : I0617 11:06:28.691793   32598 mergeddicttrans.cc:1866] Sentence #0: ラインフォルド家の魔導知議は
06-17 11:06:28.691 31070 32598 D native  : I0617 11:06:28.691823   32598 mergeddicttrans.cc:1918] To be translated by NMT.
06-17 11:06:28.722 31070 32598 I native  : I0617 11:06:28.722781   32598 mergeddicttrans.cc:1827] Sentence #0: ラインフォルド家の魔導知議は
06-17 11:06:28.723 31070 32598 I native  : I0617 11:06:28.723004   32598 mergeddicttrans.cc:1828] 
06-17 11:06:28.723 31070 32598 I native  : Source language: ja, target language: en
06-17 11:06:28.723 31070 32598 I native  : 
06-17 11:06:28.723 31070 32598 I native  : Has period trick: 0
06-17 11:06:28.723 31070 32598 I native  : 
06-17 11:06:28.723 31070 32598 I native  : Full translation: The magical classification of the line folder is
06-17 11:06:28.723 31070 32598 I native  : Translate Instance: 
06-17 11:06:28.723 31070 32598 I native  : Query (raw): ラインフォルド家の魔導知議は
06-17 11:06:28.723 31070 32598 I native  : Query (after preprocess): ラインフォルド 家 の 魔導 知議 は
06-17 11:06:28.723 31070 32598 I native  : Query ids (after tokenizer): 260 164 610 23 298 1052 4 3 2247 726 1086 1387 9 2
06-17 11:06:28.723 31070 32598 I native  : Translation ids: 16 3087 179 811 354 6 3 423 1658 22 11 2
06-17 11:06:28.723 31070 32598 I native  : Translation (after detokenizer): The magical classification of the line folder is
06-17 11:06:28.723 31070 32598 I native  : Alignment probability:
06-17 11:06:28.723 31070 32598 I native  : 	The	magical	classification	of	the	line	folder	is
06-17 11:06:28.723 31070 32598 I native  : ラインフォルド	0.286275	0.107843	0.0254902	0.054902	0.741176	0.87451	0.5	0.0392157
06-17 11:06:28.723 31070 32598 I native  : 家	0.00784314	0.00784314	0.00784314	0.054902	0.137255	0.0862745	0.466667	0.219608
06-17 11:06:28.723 31070 32598 I native  : の	0.0196078	0.00392157	0.0666667	0.356863	0.0117647	0	0.00392157	0.0313726
06-17 11:06:28.723 31070 32598 I native  : 魔導	0.443137	0.743137	0.0705882	0.054902	0.0627451	0.0117647	0	0.0823529
06-17 11:06:28.723 31070 32598 I native  : 知議	0.0588235	0.0941176	0.67451	0.305882	0	0	0	0.0705882
06-17 11:06:28.723 31070 32598 I native  : は	0.152941	0.00196078	0.0137255	0.0823529	0.00392157	0	0.00784314	0.337255
06-17 11:06:28.723 31070 32598 I native  : Translation (before postprocess): The magical classification of the line folder is
06-17 11:06:28.724 31070 32599 D native  : I0617 11:06:28.724183   32599 mergeddicttrans.cc:1860] The current system has NMT.
06-17 11:06:28.724 31070 32599 D native  : I0617 11:06:28.724299   32599 mergeddicttrans.cc:1866] Sentence #0: ここまで橋が違うというの?
06-17 11:06:28.724 31070 32599 D native  : I0617 11:06:28.724356   32599 mergeddicttrans.cc:1918] To be translated by NMT.
06-17 11:06:28.746 31070 32599 I native  : I0617 11:06:28.746901   32599 mergeddicttrans.cc:1827] Sentence #0: ここまで橋が違うというの?
06-17 11:06:28.747 31070 32599 I native  : I0617 11:06:28.746998   32599 mergeddicttrans.cc:1828] 
06-17 11:06:28.747 31070 32599 I native  : Source language: ja, target language: en
06-17 11:06:28.747 31070 32599 I native  : 
06-17 11:06:28.747 31070 32599 I native  : Has period trick: 0
06-17 11:06:28.747 31070 32599 I native  : 
06-17 11:06:28.747 31070 32599 I native  : Full translation: Is the bridge so far?
06-17 11:06:28.747 31070 32599 I native  : Translate Instance: 
06-17 11:06:28.747 31070 32599 I native  : Query (raw): ここまで橋が違うというの?
06-17 11:06:28.747 31070 32599 I native  : Query (after preprocess): ここ まで 橋 が 違う と いう の ?
06-17 11:06:28.747 31070 32599 I native  : Query ids (after tokenizer): 940 581 3 1731 10 1675 368 14 957 4 882 2
06-17 11:06:28.747 31070 32599 I native  : Translation ids: 1663 3 349 1981 340 2450 417 2
06-17 11:06:28.747 31070 32599 I native  : Translation (after detokenizer): Is the bridge so far ?
06-17 11:06:28.747 31070 32599 I native  : Alignment probability:
06-17 11:06:28.747 31070 32599 I native  : 	Is	the	bridge	so	far	?
06-17 11:06:28.747 31070 32599 I native  : ここ	0.0313726	0.156863	0.00392157	0.0980392	0.0980392	0.0745098
06-17 11:06:28.747 31070 32599 I native  : まで	0.113725	0.0666667	0.00588235	0.286275	0.282353	0.176471
06-17 11:06:28.747 31070 32599 I native  : 橋	0.113725	0.447059	0.931373	0.0156863	0.027451	0.00784314
06-17 11:06:28.747 31070 32599 I native  : が	0.00392157	0.00784314	0.00392157	0.0823529	0.00784314	0.0196078
06-17 11:06:28.747 31070 32599 I native  : 違う	0.0117647	0.027451	0.027451	0.435294	0.32549	0.360784
06-17 11:06:28.747 31070 32599 I native  : と	0.113725	0.0823529	0.00588235	0.0352941	0.0196078	0.0627451
06-17 11:06:28.747 31070 32599 I native  : いう	0.113725	0.0666667	0.00196078	0.0235294	0.0352941	0.0313726
06-17 11:06:28.747 31070 32599 I native  : の	0.211765	0.054902	0.00196078	0.00392157	0.00784314	0.00784314
06-17 11:06:28.747 31070 32599 I native  : ?	0.262745	0.0666667	0.00196078	0.0156863	0.0784314	0.219608
06-17 11:06:28.747 31070 32599 I native  : Translation (before postprocess): Is the bridge so far ?
06-17 11:06:28.748 31070 32649 D native  : I0617 11:06:28.748686   32649 mergeddicttrans.cc:1860] The current system has NMT.
06-17 11:06:28.748 31070 32649 D native  : I0617 11:06:28.748842   32649 mergeddicttrans.cc:1866] Sentence #0: あなたたちを
06-17 11:06:28.748 31070 32649 D native  : I0617 11:06:28.748917   32649 mergeddicttrans.cc:1918] To be translated by NMT.
06-17 11:06:28.757 31070 32649 I native  : I0617 11:06:28.757636   32649 mergeddicttrans.cc:1827] Sentence #0: あなたたちを
06-17 11:06:28.757 31070 32649 I native  : I0617 11:06:28.757813   32649 mergeddicttrans.cc:1828] 
06-17 11:06:28.757 31070 32649 I native  : Source language: ja, target language: en
06-17 11:06:28.757 31070 32649 I native  : 
06-17 11:06:28.757 31070 32649 I native  : Has period trick: 0
06-17 11:06:28.757 31070 32649 I native  : 
06-17 11:06:28.757 31070 32649 I native  : Full translation: You
06-17 11:06:28.757 31070 32649 I native  : Translate Instance: 
06-17 11:06:28.757 31070 32649 I native  : Query (raw): あなたたちを
06-17 11:06:28.757 31070 32649 I native  : Query (after preprocess): あなた たち を
06-17 11:06:28.757 31070 32649 I native  : Query ids (after tokenizer): 958 15 333 7 2
06-17 11:06:28.757 31070 32649 I native  : Translation ids: 355 2
06-17 11:06:28.757 31070 32649 I native  : Translation (after detokenizer): You
06-17 11:06:28.757 31070 32649 I native  : Alignment probability:
06-17 11:06:28.757 31070 32649 I native  : 	You
06-17 11:06:28.757 31070 32649 I native  : あなた	0.631373
06-17 11:06:28.757 31070 32649 I native  : たち	0.0392157
06-17 11:06:28.757 31070 32649 I native  : を	0.117647
06-17 11:06:28.757 31070 32649 I native  : Translation (before postprocess): You
06-17 11:06:28.759 31070 32651 D native  : I0617 11:06:28.759144   32651 mergeddicttrans.cc:1860] The current system has NMT.
06-17 11:06:28.759 31070 32651 D native  : I0617 11:06:28.759300   32651 mergeddicttrans.cc:1866] Sentence #0: あたしは全力で
06-17 11:06:28.759 31070 32651 D native  : I0617 11:06:28.759339   32651 mergeddicttrans.cc:1918] To be translated by NMT.
06-17 11:06:28.773 31070 32651 I native  : I0617 11:06:28.773762   32651 mergeddicttrans.cc:1827] Sentence #0: あたしは全力で
06-17 11:06:28.773 31070 32651 I native  : I0617 11:06:28.773902   32651 mergeddicttrans.cc:1828] 
06-17 11:06:28.773 31070 32651 I native  : Source language: ja, target language: en
06-17 11:06:28.773 31070 32651 I native  : 
06-17 11:06:28.773 31070 32651 I native  : Has period trick: 0
06-17 11:06:28.773 31070 32651 I native  : 
06-17 11:06:28.773 31070 32651 I native  : Full translation: I have full power
06-17 11:06:28.773 31070 32651 I native  : Translate Instance: 
06-17 11:06:28.773 31070 32651 I native  : Query (raw): あたしは全力で
06-17 11:06:28.773 31070 32651 I native  : Query (after preprocess): あたし は 全力 で
06-17 11:06:28.773 31070 32651 I native  : Query ids (after tokenizer): 838 398 51 9 464 426 16 2
06-17 11:06:28.773 31070 32651 I native  : Translation ids: 63 198 1619 323 2
06-17 11:06:28.773 31070 32651 I native  : Translation (after detokenizer): I have full power
06-17 11:06:28.773 31070 32651 I native  : Alignment probability:
06-17 11:06:28.773 31070 32651 I native  : 	I	have	full	power
06-17 11:06:28.773 31070 32651 I native  : あたし	0.619608	0.113725	0.054902	0.00784314
06-17 11:06:28.773 31070 32651 I native  : は	0.0588235	0.105882	0.0313726	0.027451
06-17 11:06:28.773 31070 32651 I native  : 全力	0.14902	0.309804	0.733333	0.85098
06-17 11:06:28.773 31070 32651 I native  : で	0.137255	0.309804	0.137255	0.0352941
06-17 11:06:28.773 31070 32651 I native  : Translation (before postprocess): I have full power
06-17 11:06:28.775 31070 32652 D native  : I0617 11:06:28.775491   32652 mergeddicttrans.cc:1860] The current system has NMT.
06-17 11:06:28.775 31070 32652 D native  : I0617 11:06:28.775546   32652 mergeddicttrans.cc:1866] Sentence #0: しれないけど
06-17 11:06:28.775 31070 32652 D native  : I0617 11:06:28.775571   32652 mergeddicttrans.cc:1918] To be translated by NMT.
06-17 11:06:28.788 31070 32652 I native  : I0617 11:06:28.788526   32652 mergeddicttrans.cc:1827] Sentence #0: しれないけど
06-17 11:06:28.788 31070 32652 I native  : I0617 11:06:28.788608   32652 mergeddicttrans.cc:1828] 
06-17 11:06:28.788 31070 32652 I native  : Source language: ja, target language: en
06-17 11:06:28.788 31070 32652 I native  : 
06-17 11:06:28.788 31070 32652 I native  : Has period trick: 0
06-17 11:06:28.788 31070 32652 I native  : 
06-17 11:06:28.788 31070 32652 I native  : Full translation: I can not do it
06-17 11:06:28.788 31070 32652 I native  : Translate Instance: 
06-17 11:06:28.788 31070 32652 I native  : Query (raw): しれないけど
06-17 11:06:28.788 31070 32652 I native  : Query (after preprocess): しれない けど
06-17 11:06:28.788 31070 32652 I native  : Query ids (after tokenizer): 11 126 843 2090 2
06-17 11:06:28.788 31070 32652 I native  : Translation ids: 63 31 53 399 70 2
06-17 11:06:28.788 31070 32652 I native  : Translation (after detokenizer): I can not do it
06-17 11:06:28.788 31070 32652 I native  : Alignment probability:
06-17 11:06:28.788 31070 32652 I native  : 	I	can	not	do	it
06-17 11:06:28.788 31070 32652 I native  : しれない	0.482353	0.619608	0.482353	0.607843	0.145098
06-17 11:06:28.788 31070 32652 I native  : けど	0.317647	0.0588235	0.0823529	0.027451	0.258824
06-17 11:06:28.788 31070 32652 I native  : Translation (before postprocess): I can not do it
06-17 11:06:28.790 31070 32654 D native  : I0617 11:06:28.790539   32654 mergeddicttrans.cc:1860] The current system has NMT.
06-17 11:06:28.790 31070 32654 D native  : I0617 11:06:28.790603   32654 mergeddicttrans.cc:1866] Sentence #0: もらえないかも
06-17 11:06:28.790 31070 32654 D native  : I0617 11:06:28.790629   32654 mergeddicttrans.cc:1918] To be translated by NMT.
06-17 11:06:28.807 31070 32654 I native  : I0617 11:06:28.806986   32654 mergeddicttrans.cc:1827] Sentence #0: もらえないかも
06-17 11:06:28.807 31070 32654 I native  : I0617 11:06:28.807082   32654 mergeddicttrans.cc:1828] 
06-17 11:06:28.807 31070 32654 I native  : Source language: ja, target language: en
06-17 11:06:28.807 31070 32654 I native  : 
06-17 11:06:28.807 31070 32654 I native  : Has period trick: 0
06-17 11:06:28.807 31070 32654 I native  : 
06-17 11:06:28.807 31070 32654 I native  : Full translation: I can not get it
06-17 11:06:28.807 31070 32654 I native  : Translate Instance: 
06-17 11:06:28.807 31070 32654 I native  : Query (raw): もらえないかも
06-17 11:06:28.807 31070 32654 I native  : Query (after preprocess): もらえ ない かも
06-17 11:06:28.807 31070 32654 I native  : Query ids (after tokenizer): 54 226 202 137 103 300 2
06-17 11:06:28.807 31070 32654 I native  : Translation ids: 63 31 53 1352 70 2
06-17 11:06:28.807 31070 32654 I native  : Translation (after detokenizer): I can not get it
06-17 11:06:28.807 31070 32654 I native  : Alignment probability:
06-17 11:06:28.807 31070 32654 I native  : 	I	can	not	get	it
06-17 11:06:28.807 31070 32654 I native  : もらえ	0.129412	0.0823529	0.32549	0.839216	0.286275
06-17 11:06:28.807 31070 32654 I native  : ない	0.239216	0.219608	0.419608	0.0705882	0.0509804
06-17 11:06:28.807 31070 32654 I native  : かも	0.564706	0.588235	0.0784314	0.00784314	0.0392157
06-17 11:06:28.807 31070 32654 I native  : Translation (before postprocess): I can not get it
06-17 11:06:28.809 31070 32657 D native  : I0617 11:06:28.809660   32657 mergeddicttrans.cc:1860] The current system has NMT.
06-17 11:06:28.809 31070 32657 D native  : I0617 11:06:28.809712   32657 mergeddicttrans.cc:1866] Sentence #0: 出義だとは
06-17 11:06:28.809 31070 32657 D native  : I0617 11:06:28.809741   32657 mergeddicttrans.cc:1918] To be translated by NMT.
06-17 11:06:28.822 31070 32657 I native  : I0617 11:06:28.822331   32657 mergeddicttrans.cc:1827] Sentence #0: 出義だとは
06-17 11:06:28.822 31070 32657 I native  : I0617 11:06:28.822409   32657 mergeddicttrans.cc:1828] 
06-17 11:06:28.822 31070 32657 I native  : Source language: ja, target language: en
06-17 11:06:28.822 31070 32657 I native  : 
06-17 11:06:28.822 31070 32657 I native  : Has period trick: 0
06-17 11:06:28.822 31070 32657 I native  : 
06-17 11:06:28.822 31070 32657 I native  : Full translation: It is an elbow
06-17 11:06:28.822 31070 32657 I native  : Translate Instance: 
06-17 11:06:28.822 31070 32657 I native  : Query (raw): 出義だとは
06-17 11:06:28.822 31070 32657 I native  : Query (after preprocess): 出義 だ とは
06-17 11:06:28.822 31070 32657 I native  : Query ids (after tokenizer): 683 826 804 14 653 2
06-17 11:06:28.822 31070 32657 I native  : Translation ids: 209 11 36 781 114 312 2
06-17 11:06:28.822 31070 32657 I native  : Translation (after detokenizer): It is an elbow
06-17 11:06:28.822 31070 32657 I native  : Alignment probability:
06-17 11:06:28.822 31070 32657 I native  : 	It	is	an	elbow
06-17 11:06:28.822 31070 32657 I native  : 出義	0.298039	0.247059	0.592157	0.528105
06-17 11:06:28.822 31070 32657 I native  : だ	0.14902	0.254902	0.0862745	0.0248366
06-17 11:06:28.822 31070 32657 I native  : とは	0.368627	0.392157	0.172549	0.0235294
06-17 11:06:28.822 31070 32657 I native  : Translation (before postprocess): It is an elbow
06-17 11:06:28.825 31070 32659 D native  : I0617 11:06:28.825444   32659 mergeddicttrans.cc:1860] The current system has NMT.
06-17 11:06:28.825 31070 32659 D native  : I0617 11:06:28.825492   32659 mergeddicttrans.cc:1866] Sentence #0: 信じて
06-17 11:06:28.825 31070 32659 D native  : I0617 11:06:28.825525   32659 mergeddicttrans.cc:1522] STT before postprocess: 信じて -> Believe
06-17 11:06:28.826 31070 32598 D native  : I0617 11:06:28.826838   32598 mergeddicttrans.cc:1860] The current system has NMT.
06-17 11:06:28.826 31070 32598 D native  : I0617 11:06:28.826977   32598 mergeddicttrans.cc:1866] Sentence #0: お父様だけが。
06-17 11:06:28.827 31070 32598 D native  : I0617 11:06:28.827054   32598 mergeddicttrans.cc:1918] To be translated by NMT.
06-17 11:06:28.842 31070 32598 I native  : I0617 11:06:28.842824   32598 mergeddicttrans.cc:1827] Sentence #0: お父様だけが。
06-17 11:06:28.843 31070 32598 I native  : I0617 11:06:28.842986   32598 mergeddicttrans.cc:1828] 
06-17 11:06:28.843 31070 32598 I native  : Source language: ja, target language: en
06-17 11:06:28.843 31070 32598 I native  : 
06-17 11:06:28.843 31070 32598 I native  : Has period trick: 0
06-17 11:06:28.843 31070 32598 I native  : 
06-17 11:06:28.843 31070 32598 I native  : Full translation: Only father.
06-17 11:06:28.843 31070 32598 I native  : Translate Instance: 
06-17 11:06:28.843 31070 32598 I native  : Query (raw): お父様だけが。
06-17 11:06:28.843 31070 32598 I native  : Query (after preprocess): お 父様 だけ が .
06-17 11:06:28.843 31070 32598 I native  : Query ids (after tokenizer): 296 3 2251 622 964 10 6 2
06-17 11:06:28.843 31070 32598 I native  : Translation ids: 460 55 120 2543 4 2
06-17 11:06:28.843 31070 32598 I native  : Translation (after detokenizer): Only father .
06-17 11:06:28.843 31070 32598 I native  : Alignment probability:
06-17 11:06:28.843 31070 32598 I native  : 	Only	father	.
06-17 11:06:28.843 31070 32598 I native  : お	0.188235	0.272549	0.0705882
06-17 11:06:28.843 31070 32598 I native  : 父様	0.113725	0.658824	0.0509804
06-17 11:06:28.843 31070 32598 I native  : だけ	0.515686	0.0196078	0.254902
06-17 11:06:28.843 31070 32598 I native  : が	0.0647059	0.0176471	0.164706
06-17 11:06:28.843 31070 32598 I native  : .	0.0254902	0.00784314	0.203922
06-17 11:06:28.843 31070 32598 I native  : Translation (before postprocess): Only father .
06-17 11:06:28.844 31070 32599 D native  : I0617 11:06:28.844498   32599 mergeddicttrans.cc:1860] The current system has NMT.
06-17 11:06:28.844 31070 32599 D native  : I0617 11:06:28.844603   32599 mergeddicttrans.cc:1866] Sentence #0: 来たんだもん
06-17 11:06:28.844 31070 32599 D native  : I0617 11:06:28.844632   32599 mergeddicttrans.cc:1918] To be translated by NMT.
06-17 11:06:28.855 31070 32599 I native  : I0617 11:06:28.855514   32599 mergeddicttrans.cc:1827] Sentence #0: 来たんだもん
06-17 11:06:28.855 31070 32599 I native  : I0617 11:06:28.855717   32599 mergeddicttrans.cc:1828] 
06-17 11:06:28.855 31070 32599 I native  : Source language: ja, target language: en
06-17 11:06:28.855 31070 32599 I native  : 
06-17 11:06:28.855 31070 32599 I native  : Has period trick: 0
06-17 11:06:28.855 31070 32599 I native  : 
06-17 11:06:28.855 31070 32599 I native  : Full translation: I'm coming
06-17 11:06:28.855 31070 32599 I native  : Translate Instance: 
06-17 11:06:28.855 31070 32599 I native  : Query (raw): 来たんだもん
06-17 11:06:28.855 31070 32599 I native  : Query (after preprocess): 来た んだもん
06-17 11:06:28.855 31070 32599 I native  : Query ids (after tokenizer): 1729 398 2167 300 354 2
06-17 11:06:28.855 31070 32599 I native  : Translation ids: 63 2564 3429 2
06-17 11:06:28.855 31070 32599 I native  : Translation (after detokenizer): I 'm coming
06-17 11:06:28.855 31070 32599 I native  : Alignment probability:
06-17 11:06:28.855 31070 32599 I native  : 	I	'm	coming
06-17 11:06:28.855 31070 32599 I native  : 来た	0.313726	0.588235	0.466667
06-17 11:06:28.855 31070 32599 I native  : んだもん	0.513726	0.254902	0.196078
06-17 11:06:28.855 31070 32599 I native  : Translation (before postprocess): I 'm coming
06-17 11:06:28.856 31070 32649 D native  : I0617 11:06:28.856888   32649 mergeddicttrans.cc:1860] The current system has NMT.
06-17 11:06:28.857 31070 32649 D native  : I0617 11:06:28.857060   32649 mergeddicttrans.cc:1866] Sentence #0: ここまで
06-17 11:06:28.857 31070 32649 D native  : I0617 11:06:28.857148   32649 mergeddicttrans.cc:1522] STT before postprocess: ここまで -> up to here
06-17 11:06:28.858 31070 32651 D native  : I0617 11:06:28.858901   32651 mergeddicttrans.cc:1860] The current system has NMT.
06-17 11:06:28.859 31070 32651 D native  : I0617 11:06:28.858995   32651 mergeddicttrans.cc:1866] Sentence #0: 教うため
06-17 11:06:28.859 31070 32651 D native  : I0617 11:06:28.859019   32651 mergeddicttrans.cc:1918] To be translated by NMT.
06-17 11:06:28.867 31070 32651 I native  : I0617 11:06:28.867470   32651 mergeddicttrans.cc:1827] Sentence #0: 教うため
06-17 11:06:28.867 31070 32651 I native  : I0617 11:06:28.867562   32651 mergeddicttrans.cc:1828] 
06-17 11:06:28.867 31070 32651 I native  : Source language: ja, target language: en
06-17 11:06:28.867 31070 32651 I native  : 
06-17 11:06:28.867 31070 32651 I native  : Has period trick: 0
06-17 11:06:28.867 31070 32651 I native  : 
06-17 11:06:28.867 31070 32651 I native  : Full translation: To teach
06-17 11:06:28.867 31070 32651 I native  : Translate Instance: 
06-17 11:06:28.867 31070 32651 I native  : Query (raw): 教うため
06-17 11:06:28.867 31070 32651 I native  : Query (after preprocess): 教う ため
06-17 11:06:28.867 31070 32651 I native  : Query ids (after tokenizer): 1167 368 94 2
06-17 11:06:28.867 31070 32651 I native  : Translation ids: 516 3077 2
06-17 11:06:28.867 31070 32651 I native  : Translation (after detokenizer): To teach
06-17 11:06:28.867 31070 32651 I native  : Alignment probability:
06-17 11:06:28.867 31070 32651 I native  : 	To	teach
06-17 11:06:28.867 31070 32651 I native  : 教う	0.172549	0.866667
06-17 11:06:28.867 31070 32651 I native  : ため	0.65098	0.0196078
06-17 11:06:28.867 31070 32651 I native  : Translation (before postprocess): To teach
06-17 11:06:28.872 31070 32652 D native  : I0617 11:06:28.872504   32652 mergeddicttrans.cc:1860] The current system has NMT.
06-17 11:06:28.872 31070 32652 D native  : I0617 11:06:28.872578   32652 mergeddicttrans.cc:1866] Sentence #0: 信用できなくて
06-17 11:06:28.872 31070 32652 D native  : I0617 11:06:28.872609   32652 mergeddicttrans.cc:1918] To be translated by NMT.
06-17 11:06:28.888 31070 32652 I native  : I0617 11:06:28.888772   32652 mergeddicttrans.cc:1827] Sentence #0: 信用できなくて
06-17 11:06:28.888 31070 32652 I native  : I0617 11:06:28.888824   32652 mergeddicttrans.cc:1828] 
06-17 11:06:28.888 31070 32652 I native  : Source language: ja, target language: en
06-17 11:06:28.888 31070 32652 I native  : 
06-17 11:06:28.888 31070 32652 I native  : Has period trick: 0
06-17 11:06:28.888 31070 32652 I native  : 
06-17 11:06:28.888 31070 32652 I native  : Full translation: I can not trust
06-17 11:06:28.888 31070 32652 I native  : Translate Instance: 
06-17 11:06:28.888 31070 32652 I native  : Query (raw): 信用できなくて
06-17 11:06:28.888 31070 32652 I native  : Query (after preprocess): 信用 でき なく て
06-17 11:06:28.888 31070 32652 I native  : Query ids (after tokenizer): 1343 261 306 1051 12 2
06-17 11:06:28.888 31070 32652 I native  : Translation ids: 63 31 53 3122 2
06-17 11:06:28.888 31070 32652 I native  : Translation (after detokenizer): I can not trust
06-17 11:06:28.888 31070 32652 I native  : Alignment probability:
06-17 11:06:28.888 31070 32652 I native  : 	I	can	not	trust
06-17 11:06:28.888 31070 32652 I native  : 信用	0.203922	0.0627451	0.243137	0.890196
06-17 11:06:28.888 31070 32652 I native  : でき	0.133333	0.101961	0.101961	0.0352941
06-17 11:06:28.888 31070 32652 I native  : なく	0.305882	0.54902	0.356863	0.0156863
06-17 11:06:28.888 31070 32652 I native  : て	0.160784	0.101961	0.0196078	0
06-17 11:06:28.888 31070 32652 I native  : Translation (before postprocess): I can not trust
06-17 11:06:28.890 31070 32654 D native  : I0617 11:06:28.890134   32654 mergeddicttrans.cc:1860] The current system has NMT.
06-17 11:06:28.890 31070 32654 D native  : I0617 11:06:28.890183   32654 mergeddicttrans.cc:1866] Sentence #0: 大切な師匠を見
06-17 11:06:28.890 31070 32654 D native  : I0617 11:06:28.890208   32654 mergeddicttrans.cc:1918] To be translated by NMT.
06-17 11:06:28.905 31070 32654 I native  : I0617 11:06:28.905124   32654 mergeddicttrans.cc:1827] Sentence #0: 大切な師匠を見
06-17 11:06:28.905 31070 32654 I native  : I0617 11:06:28.905203   32654 mergeddicttrans.cc:1828] 
06-17 11:06:28.905 31070 32654 I native  : Source language: ja, target language: en
06-17 11:06:28.905 31070 32654 I native  : 
06-17 11:06:28.905 31070 32654 I native  : Has period trick: 0
06-17 11:06:28.905 31070 32654 I native  : 
06-17 11:06:28.905 31070 32654 I native  : Full translation: Look at important master
06-17 11:06:28.905 31070 32654 I native  : Translate Instance: 
06-17 11:06:28.905 31070 32654 I native  : Query (raw): 大切な師匠を見
06-17 11:06:28.905 31070 32654 I native  : Query (after preprocess): 大切 な 師匠 を 見
06-17 11:06:28.905 31070 32654 I native  : Query ids (after tokenizer): 445 1028 26 3 1774 3071 7 459 2
06-17 11:06:28.905 31070 32654 I native  : Translation ids: 49 1277 69 1401 2510 2
06-17 11:06:28.905 31070 32654 I native  : Translation (after detokenizer): Look at important master
06-17 11:06:28.905 31070 32654 I native  : Alignment probability:
06-17 11:06:28.905 31070 32654 I native  : 	Look	at	important	master
06-17 11:06:28.905 31070 32654 I native  : 大切	0.0882353	0.137255	0.85098	0.0745098
06-17 11:06:28.905 31070 32654 I native  : な	0.00588235	0	0.0352941	0.0196078
06-17 11:06:28.905 31070 32654 I native  : 師匠	0.00392157	0.00392157	0.0745098	0.870588
06-17 11:06:28.905 31070 32654 I native  : を	0.045098	0.321569	0.0156863	0.00784314
06-17 11:06:28.905 31070 32654 I native  : 見	0.772549	0.4	0.00784314	0
06-17 11:06:28.905 31070 32654 I native  : Translation (before postprocess): Look at important master
06-17 11:06:28.906 31070 32657 D native  : I0617 11:06:28.906243   32657 mergeddicttrans.cc:1860] The current system has NMT.
06-17 11:06:28.906 31070 32657 D native  : I0617 11:06:28.906270   32657 mergeddicttrans.cc:1866] Sentence #0: この国を
06-17 11:06:28.906 31070 32657 D native  : I0617 11:06:28.906294   32657 mergeddicttrans.cc:1918] To be translated by NMT.
06-17 11:06:28.914 31070 32657 I native  : I0617 11:06:28.914325   32657 mergeddicttrans.cc:1827] Sentence #0: この国を
06-17 11:06:28.914 31070 32657 I native  : I0617 11:06:28.914430   32657 mergeddicttrans.cc:1828] 
06-17 11:06:28.914 31070 32657 I native  : Source language: ja, target language: en
06-17 11:06:28.914 31070 32657 I native  : 
06-17 11:06:28.914 31070 32657 I native  : Has period trick: 0
06-17 11:06:28.914 31070 32657 I native  : 
06-17 11:06:28.914 31070 32657 I native  : Full translation: This country
06-17 11:06:28.914 31070 32657 I native  : Translate Instance: 
06-17 11:06:28.914 31070 32657 I native  : Query (raw): この国を
06-17 11:06:28.914 31070 32657 I native  : Query (after preprocess): この 国 を
06-17 11:06:28.914 31070 32657 I native  : Query ids (after tokenizer): 61 751 7 2
06-17 11:06:28.914 31070 32657 I native  : Translation ids: 149 2607 2
06-17 11:06:28.914 31070 32657 I native  : Translation (after detokenizer): This country
06-17 11:06:28.914 31070 32657 I native  : Alignment probability:
06-17 11:06:28.914 31070 32657 I native  : 	This	country
06-17 11:06:28.914 31070 32657 I native  : この	0.388235	0.0313726
06-17 11:06:28.914 31070 32657 I native  : 国	0.133333	0.909804
06-17 11:06:28.914 31070 32657 I native  : を	0.313726	0.0235294
06-17 11:06:28.914 31070 32657 I native  : Translation (before postprocess): This country
06-17 11:06:28.916 31070 32659 D native  : I0617 11:06:28.916976   32659 mergeddicttrans.cc:1860] The current system has NMT.
06-17 11:06:28.917 31070 32659 D native  : I0617 11:06:28.917071   32659 mergeddicttrans.cc:1866] Sentence #0: 分かるよ
06-17 11:06:28.917 31070 32659 D native  : I0617 11:06:28.917104   32659 mergeddicttrans.cc:1918] To be translated by NMT.
06-17 11:06:28.924 31070 32659 I native  : I0617 11:06:28.924830   32659 mergeddicttrans.cc:1827] Sentence #0: 分かるよ
06-17 11:06:28.924 31070 32659 I native  : I0617 11:06:28.924940   32659 mergeddicttrans.cc:1828] 
06-17 11:06:28.924 31070 32659 I native  : Source language: ja, target language: en
06-17 11:06:28.924 31070 32659 I native  : 
06-17 11:06:28.924 31070 32659 I native  : Has period trick: 0
06-17 11:06:28.924 31070 32659 I native  : 
06-17 11:06:28.924 31070 32659 I native  : Full translation: I understand
06-17 11:06:28.924 31070 32659 I native  : Translate Instance: 
06-17 11:06:28.924 31070 32659 I native  : Query (raw): 分かるよ
06-17 11:06:28.924 31070 32659 I native  : Query (after preprocess): 分かる よ
06-17 11:06:28.924 31070 32659 I native  : Query ids (after tokenizer): 139 1385 904 2
06-17 11:06:28.924 31070 32659 I native  : Translation ids: 63 2379 2
06-17 11:06:28.924 31070 32659 I native  : Translation (after detokenizer): I understand
06-17 11:06:28.924 31070 32659 I native  : Alignment probability:
06-17 11:06:28.924 31070 32659 I native  : 	I	understand
06-17 11:06:28.924 31070 32659 I native  : 分かる	0.658824	0.745098
06-17 11:06:28.924 31070 32659 I native  : よ	0.239216	0.101961
06-17 11:06:28.924 31070 32659 I native  : Translation (before postprocess): I understand
06-17 11:06:28.925 31070 32598 D native  : I0617 11:06:28.925824   32598 mergeddicttrans.cc:1860] The current system has NMT.
06-17 11:06:28.926 31070 32598 D native  : I0617 11:06:28.926106   32598 mergeddicttrans.cc:1866] Sentence #0: 警戒するのも
06-17 11:06:28.926 31070 32598 D native  : I0617 11:06:28.926264   32598 mergeddicttrans.cc:1918] To be translated by NMT.
06-17 11:06:28.941 31070 32598 I native  : I0617 11:06:28.941195   32598 mergeddicttrans.cc:1827] Sentence #0: 警戒するのも
06-17 11:06:28.941 31070 32598 I native  : I0617 11:06:28.941361   32598 mergeddicttrans.cc:1828] 
06-17 11:06:28.941 31070 32598 I native  : Source language: ja, target language: en
06-17 11:06:28.941 31070 32598 I native  : 
06-17 11:06:28.941 31070 32598 I native  : Has period trick: 0
06-17 11:06:28.941 31070 32598 I native  : 
06-17 11:06:28.941 31070 32598 I native  : Full translation: It is also
06-17 11:06:28.941 31070 32598 I native  : Translate Instance: 
06-17 11:06:28.941 31070 32598 I native  : Query (raw): 警戒するのも
06-17 11:06:28.941 31070 32598 I native  : Query (after preprocess): 警戒 する の も
06-17 11:06:28.941 31070 32598 I native  : Query ids (after tokenizer): 3 1674 3103 13 4 54 2
06-17 11:06:28.941 31070 32598 I native  : Translation ids: 209 11 176 2
06-17 11:06:28.941 31070 32598 I native  : Translation (after detokenizer): It is also
06-17 11:06:28.941 31070 32598 I native  : Alignment probability:
06-17 11:06:28.941 31070 32598 I native  : 	It	is	also
06-17 11:06:28.941 31070 32598 I native  : 警戒	0.258824	0.329412	0.356863
06-17 11:06:28.941 31070 32598 I native  : する	0.133333	0.0823529	0.0196078
06-17 11:06:28.941 31070 32598 I native  : の	0.25098	0.101961	0.0509804
06-17 11:06:28.941 31070 32598 I native  : も	0.164706	0.294118	0.34902
06-17 11:06:28.941 31070 32598 I native  : Translation (before postprocess): It is also
06-17 11:06:28.942 31070 32599 D native  : I0617 11:06:28.942538   32599 mergeddicttrans.cc:1860] The current system has NMT.
06-17 11:06:28.942 31070 32599 D native  : I0617 11:06:28.942600   32599 mergeddicttrans.cc:1866] Sentence #0: メディスが
06-17 11:06:28.942 31070 32599 D native  : I0617 11:06:28.942628   32599 mergeddicttrans.cc:1918] To be translated by NMT.
06-17 11:06:28.950 31070 32599 I native  : I0617 11:06:28.950082   32599 mergeddicttrans.cc:1827] Sentence #0: メディスが
06-17 11:06:28.950 31070 32599 I native  : I0617 11:06:28.950168   32599 mergeddicttrans.cc:1828] 
06-17 11:06:28.950 31070 32599 I native  : Source language: ja, target language: en
06-17 11:06:28.950 31070 32599 I native  : 
06-17 11:06:28.950 31070 32599 I native  : Has period trick: 0
06-17 11:06:28.950 31070 32599 I native  : 
06-17 11:06:28.950 31070 32599 I native  : Full translation: Medis
06-17 11:06:28.950 31070 32599 I native  : Translate Instance: 
06-17 11:06:28.950 31070 32599 I native  : Query (raw): メディスが
06-17 11:06:28.950 31070 32599 I native  : Query (after preprocess): メディス が
06-17 11:06:28.950 31070 32599 I native  : Query ids (after tokenizer): 111 552 48 10 2
06-17 11:06:28.950 31070 32599 I native  : Translation ids: 2127 163 2
06-17 11:06:28.950 31070 32599 I native  : Translation (after detokenizer): Medis
06-17 11:06:28.950 31070 32599 I native  : Alignment probability:
06-17 11:06:28.950 31070 32599 I native  : 	Medis
06-17 11:06:28.950 31070 32599 I native  : メディス	0.84902
06-17 11:06:28.950 31070 32599 I native  : が	0.0803922
06-17 11:06:28.950 31070 32599 I native  : Translation (before postprocess): Medis
06-17 11:06:28.953 31070 32649 D native  : I0617 11:06:28.953980   32649 mergeddicttrans.cc:1860] The current system has NMT.
06-17 11:06:28.954 31070 32649 D native  : I0617 11:06:28.954157   32649 mergeddicttrans.cc:1866] Sentence #0: なお。
06-17 11:06:28.954 31070 32649 D native  : I0617 11:06:28.954185   32649 mergeddicttrans.cc:1918] To be translated by NMT.
06-17 11:06:28.960 31070 32649 I native  : I0617 11:06:28.960597   32649 mergeddicttrans.cc:1827] Sentence #0: なお。
06-17 11:06:28.960 31070 32649 I native  : I0617 11:06:28.960723   32649 mergeddicttrans.cc:1828] 
06-17 11:06:28.960 31070 32649 I native  : Source language: ja, target language: en
06-17 11:06:28.960 31070 32649 I native  : 
06-17 11:06:28.960 31070 32649 I native  : Has period trick: 0
06-17 11:06:28.960 31070 32649 I native  : 
06-17 11:06:28.960 31070 32649 I native  : Full translation: Yet.
06-17 11:06:28.960 31070 32649 I native  : Translate Instance: 
06-17 11:06:28.960 31070 32649 I native  : Query (raw): なお。
06-17 11:06:28.960 31070 32649 I native  : Query (after preprocess): なお .
06-17 11:06:28.960 31070 32649 I native  : Query ids (after tokenizer): 26 849 6 2
06-17 11:06:28.960 31070 32649 I native  : Translation ids: 2823 4 2
06-17 11:06:28.960 31070 32649 I native  : Translation (after detokenizer): yet .
06-17 11:06:28.960 31070 32649 I native  : Alignment probability:
06-17 11:06:28.960 31070 32649 I native  : 	yet	.
06-17 11:06:28.960 31070 32649 I native  : なお	0.462745	0.0352941
06-17 11:06:28.960 31070 32649 I native  : .	0.32549	0.105882
06-17 11:06:28.960 31070 32649 I native  : Translation (before postprocess): yet .
06-17 11:06:28.961 31070 32651 D native  : I0617 11:06:28.961597   32651 mergeddicttrans.cc:1860] The current system has NMT.
06-17 11:06:28.961 31070 32651 D native  : I0617 11:06:28.961681   32651 mergeddicttrans.cc:1866] Sentence #0: 尾に斑められても
06-17 11:06:28.961 31070 32651 D native  : I0617 11:06:28.961709   32651 mergeddicttrans.cc:1918] To be translated by NMT.
06-17 11:06:28.966 31070 31226 I TRuntime.CctTransportBackend: Making request to: https://firebaselogging.googleapis.com/v0cc/log/batch?format=json_proto3
06-17 11:06:28.980 31070 32651 I native  : I0617 11:06:28.979957   32651 mergeddicttrans.cc:1827] Sentence #0: 尾に斑められても
06-17 11:06:28.980 31070 32651 I native  : I0617 11:06:28.980082   32651 mergeddicttrans.cc:1828] 
06-17 11:06:28.980 31070 32651 I native  : Source language: ja, target language: en
06-17 11:06:28.980 31070 32651 I native  : 
06-17 11:06:28.980 31070 32651 I native  : Has period trick: 0
06-17 11:06:28.980 31070 32651 I native  : 
06-17 11:06:28.980 31070 32651 I native  : Full translation: Even if it is placed on the tail
06-17 11:06:28.980 31070 32651 I native  : Translate Instance: 
06-17 11:06:28.980 31070 32651 I native  : Query (raw): 尾に斑められても
06-17 11:06:28.980 31070 32651 I native  : Query (after preprocess): 尾 に 斑め られ て も
06-17 11:06:28.980 31070 32651 I native  : Query ids (after tokenizer): 3 2209 8 3 2849 299 420 12 54 2
06-17 11:06:28.980 31070 32651 I native  : Translation ids: 2697 264 70 11 500 1251 24 3 110 661 2
06-17 11:06:28.980 31070 32651 I native  : Translation (after detokenizer): Even if it is placed on the tail
06-17 11:06:28.980 31070 32651 I native  : Alignment probability:
06-17 11:06:28.980 31070 32651 I native  : 	Even	if	it	is	placed	on	the	tail
06-17 11:06:28.980 31070 32651 I native  : 尾	0.0862745	0.137255	0.164706	0.0823529	0.0490196	0.235294	0.74902	0.856863
06-17 11:06:28.980 31070 32651 I native  : に	0.0156863	0.054902	0.0666667	0.0901961	0.054902	0.419608	0.0431373	0.00392157
06-17 11:06:28.980 31070 32651 I native  : 斑め	0.223529	0.345098	0.490196	0.486275	0.74902	0.227451	0.0588235	0.0431373
06-17 11:06:28.980 31070 32651 I native  : られ	0.0235294	0.0431373	0.156863	0.258824	0.0333333	0	0	0
06-17 11:06:28.980 31070 32651 I native  : て	0.0823529	0.156863	0.0823529	0.0196078	0.00196078	0.00392157	0	0
06-17 11:06:28.980 31070 32651 I native  : も	0.541176	0.243137	0.00784314	0	0	0.00392157	0	0
06-17 11:06:28.980 31070 32651 I native  : Translation (before postprocess): Even if it is placed on the tail
06-17 11:06:28.981 31070 32652 D native  : I0617 11:06:28.981675   32652 mergeddicttrans.cc:1860] The current system has NMT.
06-17 11:06:28.981 31070 32652 D native  : I0617 11:06:28.981718   32652 mergeddicttrans.cc:1866] Sentence #0: パンシルパニアで
06-17 11:06:28.981 31070 32652 D native  : I0617 11:06:28.981746   32652 mergeddicttrans.cc:1918] To be translated by NMT.
06-17 11:06:28.996 31070 32652 I native  : I0617 11:06:28.996547   32652 mergeddicttrans.cc:1827] Sentence #0: パンシルパニアで
06-17 11:06:28.996 31070 32652 I native  : I0617 11:06:28.996591   32652 mergeddicttrans.cc:1828] 
06-17 11:06:28.996 31070 32652 I native  : Source language: ja, target language: en
06-17 11:06:28.996 31070 32652 I native  : 
06-17 11:06:28.996 31070 32652 I native  : Has period trick: 0
06-17 11:06:28.996 31070 32652 I native  : 
06-17 11:06:28.996 31070 32652 I native  : Full translation: In pancyl pania
06-17 11:06:28.996 31070 32652 I native  : Translate Instance: 
06-17 11:06:28.996 31070 32652 I native  : Query (raw): パンシルパニアで
06-17 11:06:28.996 31070 32652 I native  : Query (after preprocess): パンシルパニア で
06-17 11:06:28.996 31070 32652 I native  : Query ids (after tokenizer): 83 19 195 23 336 124 59 16 2
06-17 11:06:28.996 31070 32652 I native  : Translation ids: 35 80 1354 268 80 146 252 2
06-17 11:06:28.996 31070 32652 I native  : Translation (after detokenizer): In pancyl pania
06-17 11:06:28.996 31070 32652 I native  : Alignment probability:
06-17 11:06:28.996 31070 32652 I native  : 	In	pancyl	pania
06-17 11:06:28.996 31070 32652 I native  : パンシルパニア	0.333333	0.950327	0.937255
06-17 11:06:28.996 31070 32652 I native  : で	0.580392	0.0104575	0.00522876
06-17 11:06:28.996 31070 32652 I native  : Translation (before postprocess): In pancyl pania
06-17 11:06:28.998 31070 32654 D native  : I0617 11:06:28.998840   32654 mergeddicttrans.cc:1860] The current system has NMT.
06-17 11:06:28.998 31070 32654 D native  : I0617 11:06:28.998890   32654 mergeddicttrans.cc:1866] Sentence #0: もちろん
06-17 11:06:28.998 31070 32654 D native  : I0617 11:06:28.998929   32654 mergeddicttrans.cc:1522] STT before postprocess: もちろん -> of course
06-17 11:06:29.000 31070 32657 D native  : I0617 11:06:29.000871   32657 mergeddicttrans.cc:1860] The current system has NMT.
06-17 11:06:29.000 31070 32657 D native  : I0617 11:06:29.000937   32657 mergeddicttrans.cc:1866] Sentence #0: 期待と違って
06-17 11:06:29.000 31070 32657 D native  : I0617 11:06:29.000965   32657 mergeddicttrans.cc:1918] To be translated by NMT.
06-17 11:06:29.015 31070 32657 I native  : I0617 11:06:29.015104   32657 mergeddicttrans.cc:1827] Sentence #0: 期待と違って
06-17 11:06:29.015 31070 32657 I native  : I0617 11:06:29.015191   32657 mergeddicttrans.cc:1828] 
06-17 11:06:29.015 31070 32657 I native  : Source language: ja, target language: en
06-17 11:06:29.015 31070 32657 I native  : 
06-17 11:06:29.015 31070 32657 I native  : Has period trick: 0
06-17 11:06:29.015 31070 32657 I native  : 
06-17 11:06:29.015 31070 32657 I native  : Full translation: Unlike expectations
06-17 11:06:29.015 31070 32657 I native  : Translate Instance: 
06-17 11:06:29.015 31070 32657 I native  : Query (raw): 期待と違って
06-17 11:06:29.015 31070 32657 I native  : Query (after preprocess): 期待 と 違っ て
06-17 11:06:29.015 31070 32657 I native  : Query ids (after tokenizer): 927 1273 14 1675 88 12 2
06-17 11:06:29.015 31070 32657 I native  : Translation ids: 339 85 2260 266 197 933 2
06-17 11:06:29.015 31070 32657 I native  : Translation (after detokenizer): unlike expectations
06-17 11:06:29.015 31070 32657 I native  : Alignment probability:
06-17 11:06:29.015 31070 32657 I native  : 	unlike	expectations
06-17 11:06:29.015 31070 32657 I native  : 期待	0.0287582	0.569935
06-17 11:06:29.015 31070 32657 I native  : と	0.0287582	0.0418301
06-17 11:06:29.015 31070 32657 I native  : 違っ	0.368627	0.027451
06-17 11:06:29.015 31070 32657 I native  : て	0.0379085	0.00261438
06-17 11:06:29.015 31070 32657 I native  : Translation (before postprocess): unlike expectations
06-17 11:06:29.019 31070 32659 D native  : I0617 11:06:29.019139   32659 mergeddicttrans.cc:1860] The current system has NMT.
06-17 11:06:29.019 31070 32659 D native  : I0617 11:06:29.019195   32659 mergeddicttrans.cc:1866] Sentence #0: あなたたちが
06-17 11:06:29.019 31070 32659 D native  : I0617 11:06:29.019220   32659 mergeddicttrans.cc:1918] To be translated by NMT.
06-17 11:06:29.029 31070 32659 I native  : I0617 11:06:29.029009   32659 mergeddicttrans.cc:1827] Sentence #0: あなたたちが
06-17 11:06:29.029 31070 32659 I native  : I0617 11:06:29.029115   32659 mergeddicttrans.cc:1828] 
06-17 11:06:29.029 31070 32659 I native  : Source language: ja, target language: en
06-17 11:06:29.029 31070 32659 I native  : 
06-17 11:06:29.029 31070 32659 I native  : Has period trick: 0
06-17 11:06:29.029 31070 32659 I native  : 
06-17 11:06:29.029 31070 32659 I native  : Full translation: You
06-17 11:06:29.029 31070 32659 I native  : Translate Instance: 
06-17 11:06:29.029 31070 32659 I native  : Query (raw): あなたたちが
06-17 11:06:29.029 31070 32659 I native  : Query (after preprocess): あなた たち が
06-17 11:06:29.029 31070 32659 I native  : Query ids (after tokenizer): 958 15 333 10 2
06-17 11:06:29.029 31070 32659 I native  : Translation ids: 355 2
06-17 11:06:29.029 31070 32659 I native  : Translation (after detokenizer): You
06-17 11:06:29.029 31070 32659 I native  : Alignment probability:
06-17 11:06:29.029 31070 32659 I native  : 	You
06-17 11:06:29.029 31070 32659 I native  : あなた	0.698039
06-17 11:06:29.029 31070 32659 I native  : たち	0.0470588
06-17 11:06:29.029 31070 32659 I native  : が	0.129412
06-17 11:06:29.029 31070 32659 I native  : Translation (before postprocess): You
06-17 11:06:29.031 31070 32598 D native  : I0617 11:06:29.031444   32598 mergeddicttrans.cc:1860] The current system has NMT.
06-17 11:06:29.031 31070 32598 D native  : I0617 11:06:29.031556   32598 mergeddicttrans.cc:1866] Sentence #0: 分かったら...
06-17 11:06:29.031 31070 32598 D native  : I0617 11:06:29.031593   32598 mergeddicttrans.cc:1918] To be translated by NMT.
06-17 11:06:29.044 31070 32598 I native  : I0617 11:06:29.044319   32598 mergeddicttrans.cc:1827] Sentence #0: 分かったら...
06-17 11:06:29.044 31070 32598 I native  : I0617 11:06:29.044424   32598 mergeddicttrans.cc:1828] 
06-17 11:06:29.044 31070 32598 I native  : Source language: ja, target language: en
06-17 11:06:29.044 31070 32598 I native  : 
06-17 11:06:29.044 31070 32598 I native  : Has period trick: 0
06-17 11:06:29.044 31070 32598 I native  : 
06-17 11:06:29.044 31070 32598 I native  : Full translation: If you understand ...
06-17 11:06:29.044 31070 32598 I native  : Translate Instance: 
06-17 11:06:29.044 31070 32598 I native  : Query (raw): 分かったら...
06-17 11:06:29.044 31070 32598 I native  : Query (after preprocess): 分かっ たら ...
06-17 11:06:29.044 31070 32598 I native  : Query ids (after tokenizer): 139 1018 1539 1198 2
06-17 11:06:29.044 31070 32598 I native  : Translation ids: 191 87 2379 983 2
06-17 11:06:29.044 31070 32598 I native  : Translation (after detokenizer): If you understand ...
06-17 11:06:29.044 31070 32598 I native  : Alignment probability:
06-17 11:06:29.044 31070 32598 I native  : 	If	you	understand	...
06-17 11:06:29.044 31070 32598 I native  : 分かっ	0.133333	0.843137	0.819608	0.0627451
06-17 11:06:29.044 31070 32598 I native  : たら	0.486275	0.0588235	0.00784314	0.0509804
06-17 11:06:29.044 31070 32598 I native  : ...	0.207843	0.0470588	0.0705882	0.623529
06-17 11:06:29.044 31070 32598 I native  : Translation (before postprocess): If you understand ...
06-17 11:06:29.045 31070 32599 D native  : I0617 11:06:29.045463   32599 mergeddicttrans.cc:1860] The current system has NMT.
06-17 11:06:29.045 31070 32599 D native  : I0617 11:06:29.045529   32599 mergeddicttrans.cc:1866] Sentence #0: 脅成になると
06-17 11:06:29.045 31070 32599 D native  : I0617 11:06:29.045559   32599 mergeddicttrans.cc:1918] To be translated by NMT.
06-17 11:06:29.063 31070 32599 I native  : I0617 11:06:29.063642   32599 mergeddicttrans.cc:1827] Sentence #0: 脅成になると
06-17 11:06:29.063 31070 32599 I native  : I0617 11:06:29.063751   32599 mergeddicttrans.cc:1828] 
06-17 11:06:29.063 31070 32599 I native  : Source language: ja, target language: en
06-17 11:06:29.063 31070 32599 I native  : 
06-17 11:06:29.063 31070 32599 I native  : Has period trick: 0
06-17 11:06:29.063 31070 32599 I native  : 
06-17 11:06:29.063 31070 32599 I native  : Full translation: As threats
06-17 11:06:29.063 31070 32599 I native  : Translate Instance: 
06-17 11:06:29.063 31070 32599 I native  : Query (raw): 脅成になると
06-17 11:06:29.063 31070 32599 I native  : Query (after preprocess): 脅成 に なる と
06-17 11:06:29.063 31070 32599 I native  : Query ids (after tokenizer): 3 2543 294 8 353 14 2
06-17 11:06:29.063 31070 32599 I native  : Translation ids: 27 1539 451 10 2
06-17 11:06:29.063 31070 32599 I native  : Translation (after detokenizer): as threats
06-17 11:06:29.063 31070 32599 I native  : Alignment probability:
06-17 11:06:29.063 31070 32599 I native  : 	as	threats
06-17 11:06:29.063 31070 32599 I native  : 脅成	0.219608	0.699346
06-17 11:06:29.063 31070 32599 I native  : に	0.105882	0.0156863
06-17 11:06:29.063 31070 32599 I native  : なる	0.105882	0.0130719
06-17 11:06:29.063 31070 32599 I native  : と	0.2	0.0235294
06-17 11:06:29.063 31070 32599 I native  : Translation (before postprocess): as threats
06-17 11:06:29.064 31070 32649 D native  : I0617 11:06:29.064900   32649 mergeddicttrans.cc:1860] The current system has NMT.
06-17 11:06:29.065 31070 32649 D native  : I0617 11:06:29.065033   32649 mergeddicttrans.cc:1866] Sentence #0: パンシルバニアの
06-17 11:06:29.065 31070 32649 D native  : I0617 11:06:29.065112   32649 mergeddicttrans.cc:1918] To be translated by NMT.
06-17 11:06:29.082 31070 32649 I native  : I0617 11:06:29.082273   32649 mergeddicttrans.cc:1827] Sentence #0: パンシルバニアの
06-17 11:06:29.082 31070 32649 I native  : I0617 11:06:29.082442   32649 mergeddicttrans.cc:1828] 
06-17 11:06:29.082 31070 32649 I native  : Source language: ja, target language: en
06-17 11:06:29.082 31070 32649 I native  : 
06-17 11:06:29.082 31070 32649 I native  : Has period trick: 0
06-17 11:06:29.082 31070 32649 I native  : 
06-17 11:06:29.082 31070 32649 I native  : Full translation: Pantylvania
06-17 11:06:29.082 31070 32649 I native  : Translate Instance: 
06-17 11:06:29.082 31070 32649 I native  : Query (raw): パンシルバニアの
06-17 11:06:29.082 31070 32649 I native  : Query (after preprocess): パンシルバニア の
06-17 11:06:29.082 31070 32649 I native  : Query ids (after tokenizer): 83 19 195 23 131 124 59 4 2
06-17 11:06:29.082 31070 32649 I native  : Translation ids: 80 178 268 205 146 252 2
06-17 11:06:29.082 31070 32649 I native  : Translation (after detokenizer): pantylvania
06-17 11:06:29.082 31070 32649 I native  : Alignment probability:
06-17 11:06:29.082 31070 32649 I native  : 	pantylvania
06-17 11:06:29.082 31070 32649 I native  : パンシルバニア	0.892157
06-17 11:06:29.082 31070 32649 I native  : の	0.020915
06-17 11:06:29.082 31070 32649 I native  : Translation (before postprocess): pantylvania
06-17 11:06:29.084 31070 32651 D native  : I0617 11:06:29.084273   32651 mergeddicttrans.cc:1860] The current system has NMT.
06-17 11:06:29.084 31070 32651 D native  : I0617 11:06:29.084384   32651 mergeddicttrans.cc:1866] Sentence #0: 世界と、
06-17 11:06:29.084 31070 32651 D native  : I0617 11:06:29.084417   32651 mergeddicttrans.cc:1918] To be translated by NMT.
06-17 11:06:29.093 31070 32651 I native  : I0617 11:06:29.093597   32651 mergeddicttrans.cc:1827] Sentence #0: 世界と、
06-17 11:06:29.093 31070 32651 I native  : I0617 11:06:29.093718   32651 mergeddicttrans.cc:1828] 
06-17 11:06:29.093 31070 32651 I native  : Source language: ja, target language: en
06-17 11:06:29.093 31070 32651 I native  : 
06-17 11:06:29.093 31070 32651 I native  : Has period trick: 0
06-17 11:06:29.093 31070 32651 I native  : 
06-17 11:06:29.093 31070 32651 I native  : Full translation: With the world,
06-17 11:06:29.093 31070 32651 I native  : Translate Instance: 
06-17 11:06:29.093 31070 32651 I native  : Query (raw): 世界と、
06-17 11:06:29.093 31070 32651 I native  : Query (after preprocess): 世界 と ,
06-17 11:06:29.093 31070 32651 I native  : Query ids (after tokenizer): 1079 743 14 5 2
06-17 11:06:29.093 31070 32651 I native  : Translation ids: 990 3 1605 5 2
06-17 11:06:29.093 31070 32651 I native  : Translation (after detokenizer): With the world ,
06-17 11:06:29.093 31070 32651 I native  : Alignment probability:
06-17 11:06:29.093 31070 32651 I native  : 	With	the	world	,
06-17 11:06:29.093 31070 32651 I native  : 世界	0.32549	0.541176	0.752941	0.0901961
06-17 11:06:29.093 31070 32651 I native  : と	0.403922	0.286275	0.0705882	0.247059
06-17 11:06:29.093 31070 32651 I native  : ,	0.0588235	0.0235294	0.0156863	0.466667
06-17 11:06:29.093 31070 32651 I native  : Translation (before postprocess): With the world ,
06-17 11:06:29.121 31070 32652 D PipelineManager: Start process bitmap
06-17 11:06:29.137 31070  1160 I tflite  : Replacing 44 out of 46 node(s) with delegate (TfLiteXNNPackDelegate) node, yielding 3 partitions for the whole graph.
06-17 11:06:29.150 31070 31226 I TRuntime.CctTransportBackend: Status Code: 200
06-17 11:06:29.222 31070 32652 D PipelineManager: OCR process succeeded via visionkit pipeline.
06-17 11:06:29.701 31070 31226 I TRuntime.CctTransportBackend: Making request to: https://firebaselogging-pa.googleapis.com/v1/firelog/legacy/batchlog
06-17 11:06:30.140 31070 31945 W onnxruntime:  [W:onnxruntime:, nnapi_execution_provider.cc:229 GetCapability] NnapiExecutionProvider::GetCapability, number of partitions supported by NNAPI: 145 number of nodes in the graph: 1537 number of nodes supported by NNAPI: 997
06-17 11:06:30.146 31070 31945 W onnxruntime:  [W:onnxruntime:, nnapi_execution_provider.cc:229 GetCapability] NnapiExecutionProvider::GetCapability, number of partitions supported by NNAPI: 145 number of nodes in the graph: 1553 number of nodes supported by NNAPI: 1011
06-17 11:06:30.301 31070 31945 I ExecutionPlan: ExecutionPlan::SimpleBody::finish: compilation finished successfully on nnapi-reference
06-17 11:06:30.303 31070 31945 I ExecutionPlan: ExecutionPlan::SimpleBody::finish: compilation finished successfully on nnapi-reference
06-17 11:06:30.306 31070 31945 I ExecutionPlan: ExecutionPlan::SimpleBody::finish: compilation finished successfully on nnapi-reference
06-17 11:06:30.307 31070 31945 I ExecutionPlan: ExecutionPlan::SimpleBody::finish: compilation finished successfully on nnapi-reference
06-17 11:06:30.307 31070 31945 I ExecutionPlan: ExecutionPlan::SimpleBody::finish: compilation finished successfully on nnapi-reference
06-17 11:06:30.307 31070 31945 I ExecutionPlan: ExecutionPlan::SimpleBody::finish: compilation finished successfully on nnapi-reference
06-17 11:06:30.307 31070 31945 I ExecutionPlan: ExecutionPlan::SimpleBody::finish: compilation finished successfully on nnapi-reference
06-17 11:06:30.308 31070 31945 I ExecutionPlan: ExecutionPlan::SimpleBody::finish: compilation finished successfully on nnapi-reference
06-17 11:06:30.308 31070 31945 I ExecutionPlan: ExecutionPlan::SimpleBody::finish: compilation finished successfully on nnapi-reference
06-17 11:06:30.308 31070 31945 I ExecutionPlan: ExecutionPlan::SimpleBody::finish: compilation finished successfully on nnapi-reference
06-17 11:06:30.309 31070 31945 I ExecutionPlan: ExecutionPlan::SimpleBody::finish: compilation finished successfully on nnapi-reference
06-17 11:06:30.309 31070 31945 I ExecutionPlan: ExecutionPlan::SimpleBody::finish: compilation finished successfully on nnapi-reference
06-17 11:06:30.309 31070 31945 I ExecutionPlan: ExecutionPlan::SimpleBody::finish: compilation finished successfully on nnapi-reference
06-17 11:06:30.310 31070 31945 I ExecutionPlan: ExecutionPlan::SimpleBody::finish: compilation finished successfully on nnapi-reference
06-17 11:06:30.310 31070 31945 I ExecutionPlan: ExecutionPlan::SimpleBody::finish: compilation finished successfully on nnapi-reference
06-17 11:06:30.310 31070 31945 I ExecutionPlan: ExecutionPlan::SimpleBody::finish: compilation finished successfully on nnapi-reference
06-17 11:06:30.310 31070 31945 I ExecutionPlan: ExecutionPlan::SimpleBody::finish: compilation finished successfully on nnapi-reference
06-17 11:06:30.311 31070 31945 I ExecutionPlan: ExecutionPlan::SimpleBody::finish: compilation finished successfully on nnapi-reference
06-17 11:06:30.311 31070 31945 I ExecutionPlan: ExecutionPlan::SimpleBody::finish: compilation finished successfully on nnapi-reference
06-17 11:06:30.311 31070 31945 I ExecutionPlan: ExecutionPlan::SimpleBody::finish: compilation finished successfully on nnapi-reference
06-17 11:06:30.312 31070 31945 I ExecutionPlan: ExecutionPlan::SimpleBody::finish: compilation finished successfully on nnapi-reference
06-17 11:06:30.312 31070 31945 I ExecutionPlan: ExecutionPlan::SimpleBody::finish: compilation finished successfully on nnapi-reference
06-17 11:06:30.312 31070 31945 I ExecutionPlan: ExecutionPlan::SimpleBody::finish: compilation finished successfully on nnapi-reference
06-17 11:06:30.313 31070 31945 I ExecutionPlan: ExecutionPlan::SimpleBody::finish: compilation finished successfully on nnapi-reference
06-17 11:06:30.313 31070 31945 I ExecutionPlan: ExecutionPlan::SimpleBody::finish: compilation finished successfully on nnapi-reference
06-17 11:06:30.313 31070 31945 I ExecutionPlan: ExecutionPlan::SimpleBody::finish: compilation finished successfully on nnapi-reference
06-17 11:06:30.314 31070 31945 I ExecutionPlan: ExecutionPlan::SimpleBody::finish: compilation finished successfully on nnapi-reference
06-17 11:06:30.314 31070 31945 I ExecutionPlan: ExecutionPlan::SimpleBody::finish: compilation finished successfully on nnapi-reference
06-17 11:06:30.314 31070 31945 I ExecutionPlan: ExecutionPlan::SimpleBody::finish: compilation finished successfully on nnapi-reference
06-17 11:06:30.315 31070 31945 I ExecutionPlan: ExecutionPlan::SimpleBody::finish: compilation finished successfully on nnapi-reference
06-17 11:06:30.315 31070 31945 I ExecutionPlan: ExecutionPlan::SimpleBody::finish: compilation finished successfully on nnapi-reference
06-17 11:06:30.315 31070 31945 I ExecutionPlan: ExecutionPlan::SimpleBody::finish: compilation finished successfully on nnapi-reference
06-17 11:06:30.316 31070 31945 I ExecutionPlan: ExecutionPlan::SimpleBody::finish: compilation finished successfully on nnapi-reference
06-17 11:06:30.316 31070 31945 I ExecutionPlan: ExecutionPlan::SimpleBody::finish: compilation finished successfully on nnapi-reference
06-17 11:06:30.317 31070 31945 I ExecutionPlan: ExecutionPlan::SimpleBody::finish: compilation finished successfully on nnapi-reference
06-17 11:06:30.317 31070 31945 I ExecutionPlan: ExecutionPlan::SimpleBody::finish: compilation finished successfully on nnapi-reference
06-17 11:06:30.317 31070 31945 I ExecutionPlan: ExecutionPlan::SimpleBody::finish: compilation finished successfully on nnapi-reference
06-17 11:06:30.318 31070 31945 I ExecutionPlan: ExecutionPlan::SimpleBody::finish: compilation finished successfully on nnapi-reference
06-17 11:06:30.318 31070 31945 I ExecutionPlan: ExecutionPlan::SimpleBody::finish: compilation finished successfully on nnapi-reference
06-17 11:06:30.318 31070 31945 I ExecutionPlan: ExecutionPlan::SimpleBody::finish: compilation finished successfully on nnapi-reference
06-17 11:06:30.319 31070 31945 I ExecutionPlan: ExecutionPlan::SimpleBody::finish: compilation finished successfully on nnapi-reference
06-17 11:06:30.319 31070 31945 I ExecutionPlan: ExecutionPlan::SimpleBody::finish: compilation finished successfully on nnapi-reference
06-17 11:06:30.319 31070 31945 I ExecutionPlan: ExecutionPlan::SimpleBody::finish: compilation finished successfully on nnapi-reference
06-17 11:06:30.320 31070 31945 I ExecutionPlan: ExecutionPlan::SimpleBody::finish: compilation finished successfully on nnapi-reference
06-17 11:06:30.322 31070 31945 I ExecutionPlan: ExecutionPlan::SimpleBody::finish: compilation finished successfully on nnapi-reference
06-17 11:06:30.322 31070 31945 I ExecutionPlan: ExecutionPlan::SimpleBody::finish: compilation finished successfully on nnapi-reference
06-17 11:06:30.323 31070 31945 I ExecutionPlan: ExecutionPlan::SimpleBody::finish: compilation finished successfully on nnapi-reference
06-17 11:06:30.323 31070 31945 I ExecutionPlan: ExecutionPlan::SimpleBody::finish: compilation finished successfully on nnapi-reference
06-17 11:06:30.323 31070 31945 I ExecutionPlan: ExecutionPlan::SimpleBody::finish: compilation finished successfully on nnapi-reference
06-17 11:06:30.323 31070 31945 I ExecutionPlan: ExecutionPlan::SimpleBody::finish: compilation finished successfully on nnapi-reference
06-17 11:06:30.324 31070 31945 I ExecutionPlan: ExecutionPlan::SimpleBody::finish: compilation finished successfully on nnapi-reference
06-17 11:06:30.333 31070 32657 D DecoupledTextDelegate: Start loading thick OCR module.
06-17 11:06:30.334 31070 32657 I DynamiteModule: Considering local module com.google.mlkit.dynamite.text.japanese:10000 and remote module com.google.mlkit.dynamite.text.japanese:0
06-17 11:06:30.334 31070 32657 I DynamiteModule: Selected local version of com.google.mlkit.dynamite.text.japanese
06-17 11:06:30.334 31070 32657 I native  : I0000 00:00:1781669190.334906   32657 asset_manager_util.cc:61] Created global reference to asset manager.
06-17 11:06:30.340 31070  1239 I native  : I0000 00:00:1781669190.340066    1239 resource_manager.cc:23] Number of optimal threads: 6
06-17 11:06:30.340 31070  1239 I native  : I0000 00:00:1781669190.340364    1239 text_detector_thread_pool_context.cc:38] Compute manager max in flight region detector overwrite: 1
06-17 11:06:30.340 31070  1238 I native  : I0000 00:00:1781669190.340416    1238 text_classifier.cc:32] Creating classifier TfliteTextClassifier
06-17 11:06:30.340 31070  1239 I native  : I0000 00:00:1781669190.340638    1239 common_util.h:41] Resizing Thread Pool: ocr_det_0 to 3
06-17 11:06:30.340 31070  1238 I native  : I0000 00:00:1781669190.340669    1238 common_util.h:41] Resizing Thread Pool: ocr_segm to 3
06-17 11:06:30.341 31070  1239 I native  : I0000 00:00:1781669190.341129    1239 tflite_detector_client_with_shape_cache.cc:76] Interpreter threads: 6
06-17 11:06:30.343 31070  1238 I native  : I0000 00:00:1781669190.343100    1238 tflite_lstm_client_base.cc:371] Resizing interpreter pool to 4
06-17 11:06:30.343 31070  1239 I tflite  : Replacing 44 out of 46 node(s) with delegate (TfLiteXNNPackDelegate) node, yielding 3 partitions for the whole graph.
06-17 11:06:30.344 31070  1238 I native  : I0000 00:00:1781669190.344095    1238 multi_pass_line_recognition_mutator.cc:342] Preloading recognizers.
06-17 11:06:30.344 31070 32646 I native  : I0000 00:00:1781669190.344306   32646 tflite_model_pooled_runner.cc:625] Loading mlkit-google-ocr-models/gocr/gocr_models/line_recognition_legacy_mobile/Jpan_ctc/optical/conv_model.fb
06-17 11:06:30.344 31070 32618 I native  : I0000 00:00:1781669190.344390   32618 tflite_model_pooled_runner.cc:625] Loading mlkit-google-ocr-models/gocr/gocr_models/line_recognition_legacy_mobile/Latn_ctc/optical/conv_model.fb
06-17 11:06:30.344 31070  1239 I native  : I0000 00:00:1781669190.344445    1239 tflite_detector_client_with_shape_cache.cc:105] Caching size: 10
06-17 11:06:30.344 31070 32617 I native  : I0000 00:00:1781669190.344317   32617 tflite_model_pooled_runner.cc:625] Loading mlkit-google-ocr-models/gocr/gocr_models/line_recognition_legacy_mobile/Hani_ctc/optical/conv_model.fb
06-17 11:06:30.344 31070 32646 I native  : I0000 00:00:1781669190.344773   32646 tflite_model_pooled_runner.cc:636] Loading mlkit-google-ocr-models/gocr/gocr_models/line_recognition_legacy_mobile/Jpan_ctc/optical/lstm_model.fb
06-17 11:06:30.345 31070  1239 I native  : I0000 00:00:1781669190.345070    1239 tflite_model_pooled_runner.cc:625] Loading mlkit-google-ocr-models/gocr/layout/line_splitting_custom_ops/model.tflite
06-17 11:06:30.345 31070 32617 I native  : I0000 00:00:1781669190.345233   32617 tflite_model_pooled_runner.cc:636] Loading mlkit-google-ocr-models/gocr/gocr_models/line_recognition_legacy_mobile/Hani_ctc/optical/lstm_model.fb
06-17 11:06:30.345 31070  1239 I native  : I0000 00:00:1781669190.345376    1239 tflite_model_pooled_runner.cc:836] Resizing interpreter pool to 1
06-17 11:06:30.345 31070  1239 I native  : I0000 00:00:1781669190.345565    1239 tflite_model_pooled_runner.cc:625] Loading mlkit-google-ocr-models/gocr/layout/line_clustering_custom_ops/model.tflite
06-17 11:06:30.345 31070  1239 I native  : I0000 00:00:1781669190.345788    1239 tflite_model_pooled_runner.cc:836] Resizing interpreter pool to 1
06-17 11:06:30.347 31070 32618 I native  : I0000 00:00:1781669190.347046   32618 tflite_model_pooled_runner.cc:636] Loading mlkit-google-ocr-models/gocr/gocr_models/line_recognition_legacy_mobile/Latn_ctc/optical/lstm_model.fb
06-17 11:06:30.350 31070 32646 I native  : I0000 00:00:1781669190.350460   32646 tflite_model_pooled_runner.cc:836] Resizing interpreter pool to 4
06-17 11:06:30.351 31070 32617 I native  : I0000 00:00:1781669190.351277   32617 tflite_model_pooled_runner.cc:836] Resizing interpreter pool to 4
06-17 11:06:30.353 31070 32618 I native  : I0000 00:00:1781669190.353584   32618 tflite_model_pooled_runner.cc:836] Resizing interpreter pool to 4
06-17 11:06:30.353 31070 32646 I native  : I0000 00:00:1781669190.353789   32646 mobile_langid_v2.cc:58] MobileLangID V2 initialized.
06-17 11:06:30.354 31070 32646 I native  : I0000 00:00:1781669190.354025   32646 multi_pass_line_recognition_mutator.cc:364] Finished preloading a recognizer for "Jpan"
06-17 11:06:30.355 31070 32618 I native  : I0000 00:00:1781669190.355122   32618 mobile_langid_v2.cc:58] MobileLangID V2 initialized.
06-17 11:06:30.355 31070 32618 I native  : I0000 00:00:1781669190.355233   32618 multi_pass_line_recognition_mutator.cc:364] Finished preloading a recognizer for "Latn"
06-17 11:06:30.356 31070 32617 I native  : I0000 00:00:1781669190.356846   32617 mobile_langid_v2.cc:58] MobileLangID V2 initialized.
06-17 11:06:30.356 31070 32617 I native  : I0000 00:00:1781669190.356945   32617 multi_pass_line_recognition_mutator.cc:364] Finished preloading a recognizer for "Hani"
06-17 11:06:30.357 31070  1238 I native  : I0000 00:00:1781669190.357011    1238 multi_pass_line_recognition_mutator.cc:398] Finished preloading recognizers.
06-17 11:06:30.358 31070 32657 D PipelineManager: Start process bitmap
06-17 11:06:30.369 31070  1239 I tflite  : Replacing 44 out of 46 node(s) with delegate (TfLiteXNNPackDelegate) node, yielding 3 partitions for the whole graph.
06-17 11:06:30.386 31070  1239 I tflite  : Replacing 44 out of 46 node(s) with delegate (TfLiteXNNPackDelegate) node, yielding 3 partitions for the whole graph.
06-17 11:06:30.405 31070  1239 I tflite  : Replacing 44 out of 46 node(s) with delegate (TfLiteXNNPackDelegate) node, yielding 3 partitions for the whole graph.
06-17 11:06:30.431 31070  1239 I tflite  : Replacing 44 out of 46 node(s) with delegate (TfLiteXNNPackDelegate) node, yielding 3 partitions for the whole graph.
06-17 11:06:30.434 31070  1239 I tflite  : Replacing 44 out of 46 node(s) with delegate (TfLiteXNNPackDelegate) node, yielding 3 partitions for the whole graph.
06-17 11:06:30.509 31070 32657 D PipelineManager: OCR process succeeded via visionkit pipeline.
06-17 11:06:30.693 31070 32659 D native  : I0617 11:06:30.693603   32659 mergeddicttrans.cc:1860] The current system has NMT.
06-17 11:06:30.693 31070 32659 D native  : I0617 11:06:30.693807   32659 mergeddicttrans.cc:1866] Sentence #0: あたし..…
06-17 11:06:30.694 31070 32659 D native  : I0617 11:06:30.694014   32659 mergeddicttrans.cc:1918] To be translated by NMT.
06-17 11:06:30.714 31070 32659 I native  : I0617 11:06:30.714834   32659 mergeddicttrans.cc:1827] Sentence #0: あたし..…
06-17 11:06:30.714 31070 32659 I native  : I0617 11:06:30.714960   32659 mergeddicttrans.cc:1828] 
06-17 11:06:30.714 31070 32659 I native  : Source language: ja, target language: en
06-17 11:06:30.714 31070 32659 I native  : 
06-17 11:06:30.714 31070 32659 I native  : Has period trick: 0
06-17 11:06:30.714 31070 32659 I native  : 
06-17 11:06:30.714 31070 32659 I native  : Full translation: Hit. .. ...
06-17 11:06:30.714 31070 32659 I native  : Translate Instance: 
06-17 11:06:30.714 31070 32659 I native  : Query (raw): あたし..…
06-17 11:06:30.714 31070 32659 I native  : Query (after preprocess): あたし .. ...
06-17 11:06:30.714 31070 32659 I native  : Query ids (after tokenizer): 838 398 51 6 62 1198 2
06-17 11:06:30.714 31070 32659 I native  : Translation ids: 82 93 4 4 64 983 2
06-17 11:06:30.714 31070 32659 I native  : Translation (after detokenizer): Hit . .. ...
06-17 11:06:30.714 31070 32659 I native  : Alignment probability:
06-17 11:06:30.714 31070 32659 I native  : 	Hit	.	..	...
06-17 11:06:30.714 31070 32659 I native  : あたし	0.737255	0.243137	0.00392157	0.00392157
06-17 11:06:30.714 31070 32659 I native  : ..	0.0764706	0.176471	0.590196	0.027451
06-17 11:06:30.714 31070 32659 I native  : ...	0.0156863	0.0156863	0.305882	0.635294
06-17 11:06:30.714 31070 32659 I native  : Translation (before postprocess): Hit . .. ...
06-17 11:06:30.718 31070 32598 D native  : I0617 11:06:30.718789   32598 mergeddicttrans.cc:1860] The current system has NMT.
06-17 11:06:30.718 31070 32598 D native  : I0617 11:06:30.718852   32598 mergeddicttrans.cc:1866] Sentence #0: 思ってない
06-17 11:06:30.718 31070 32598 D native  : I0617 11:06:30.718894   32598 mergeddicttrans.cc:1918] To be translated by NMT.
06-17 11:06:30.731 31070 32598 I native  : I0617 11:06:30.731007   32598 mergeddicttrans.cc:1827] Sentence #0: 思ってない
06-17 11:06:30.731 31070 32598 I native  : I0617 11:06:30.731143   32598 mergeddicttrans.cc:1828] 
06-17 11:06:30.731 31070 32598 I native  : Source language: ja, target language: en
06-17 11:06:30.731 31070 32598 I native  : 
06-17 11:06:30.731 31070 32598 I native  : Has period trick: 0
06-17 11:06:30.731 31070 32598 I native  : 
06-17 11:06:30.731 31070 32598 I native  : Full translation: I do not think
06-17 11:06:30.731 31070 32598 I native  : Translate Instance: 
06-17 11:06:30.731 31070 32598 I native  : Query (raw): 思ってない
06-17 11:06:30.731 31070 32598 I native  : Query (after preprocess): 思っ て ない
06-17 11:06:30.731 31070 32598 I native  : Query ids (after tokenizer): 1557 88 12 137 2
06-17 11:06:30.731 31070 32598 I native  : Translation ids: 63 399 53 2108 2
06-17 11:06:30.731 31070 32598 I native  : Translation (after detokenizer): I do not think
06-17 11:06:30.731 31070 32598 I native  : Alignment probability:
06-17 11:06:30.731 31070 32598 I native  : 	I	do	not	think
06-17 11:06:30.731 31070 32598 I native  : 思っ	0.105882	0.192157	0.105882	0.870588
06-17 11:06:30.731 31070 32598 I native  : て	0.0901961	0.0941176	0.027451	0.0431373
06-17 11:06:30.731 31070 32598 I native  : ない	0.207843	0.501961	0.223529	0.00784314
06-17 11:06:30.731 31070 32598 I native  : Translation (before postprocess): I do not think
06-17 11:06:30.732 31070 32599 D native  : I0617 11:06:30.732160   32599 mergeddicttrans.cc:1860] The current system has NMT.
06-17 11:06:30.732 31070 32599 D native  : I0617 11:06:30.732244   32599 mergeddicttrans.cc:1866] Sentence #0: ちっとも
06-17 11:06:30.732 31070 32599 D native  : I0617 11:06:30.732296   32599 mergeddicttrans.cc:1918] To be translated by NMT.
06-17 11:06:30.740 31070 32599 I native  : I0617 11:06:30.740102   32599 mergeddicttrans.cc:1827] Sentence #0: ちっとも
06-17 11:06:30.740 31070 32599 I native  : I0617 11:06:30.740186   32599 mergeddicttrans.cc:1828] 
06-17 11:06:30.740 31070 32599 I native  : Source language: ja, target language: en
06-17 11:06:30.740 31070 32599 I native  : 
06-17 11:06:30.740 31070 32599 I native  : Has period trick: 0
06-17 11:06:30.740 31070 32599 I native  : 
06-17 11:06:30.740 31070 32599 I native  : Full translation: At all
06-17 11:06:30.740 31070 32599 I native  : Translate Instance: 
06-17 11:06:30.740 31070 32599 I native  : Query (raw): ちっとも
06-17 11:06:30.740 31070 32599 I native  : Query (after preprocess): ちっとも
06-17 11:06:30.740 31070 32599 I native  : Query ids (after tokenizer): 1892 1533 300 2
06-17 11:06:30.740 31070 32599 I native  : Translation ids: 69 210 2
06-17 11:06:30.740 31070 32599 I native  : Translation (after detokenizer): at all
06-17 11:06:30.740 31070 32599 I native  : Alignment probability:
06-17 11:06:30.740 31070 32599 I native  : 	at	all
06-17 11:06:30.740 31070 32599 I native  : ちっとも	0.462745	0.403922
06-17 11:06:30.740 31070 32599 I native  : Translation (before postprocess): at all
06-17 11:06:30.741 31070 32649 D native  : I0617 11:06:30.741796   32649 mergeddicttrans.cc:1860] The current system has NMT.
06-17 11:06:30.741 31070 32649 D native  : I0617 11:06:30.741887   32649 mergeddicttrans.cc:1866] Sentence #0: 会のめす
06-17 11:06:30.741 31070 32649 D native  : I0617 11:06:30.741917   32649 mergeddicttrans.cc:1918] To be translated by NMT.
06-17 11:06:30.752 31070 32649 I native  : I0617 11:06:30.752152   32649 mergeddicttrans.cc:1827] Sentence #0: 会のめす
06-17 11:06:30.752 31070 32649 I native  : I0617 11:06:30.752236   32649 mergeddicttrans.cc:1828] 
06-17 11:06:30.752 31070 32649 I native  : Source language: ja, target language: en
06-17 11:06:30.752 31070 32649 I native  : 
06-17 11:06:30.752 31070 32649 I native  : Has period trick: 0
06-17 11:06:30.752 31070 32649 I native  : 
06-17 11:06:30.752 31070 32649 I native  : Full translation: Meet
06-17 11:06:30.752 31070 32649 I native  : Translate Instance: 
06-17 11:06:30.752 31070 32649 I native  : Query (raw): 会のめす
06-17 11:06:30.752 31070 32649 I native  : Query (after preprocess): 会 の めす
06-17 11:06:30.752 31070 32649 I native  : Query ids (after tokenizer): 999 4 3 299 352 2
06-17 11:06:30.752 31070 32649 I native  : Translation ids: 2626 2
06-17 11:06:30.752 31070 32649 I native  : Translation (after detokenizer): meet
06-17 11:06:30.752 31070 32649 I native  : Alignment probability:
06-17 11:06:30.752 31070 32649 I native  : 	meet
06-17 11:06:30.752 31070 32649 I native  : 会	0.619608
06-17 11:06:30.752 31070 32649 I native  : の	0.0588235
06-17 11:06:30.752 31070 32649 I native  : めす	0.105882
06-17 11:06:30.752 31070 32649 I native  : Translation (before postprocess): meet
06-17 11:06:30.755 31070 32651 D native  : I0617 11:06:30.755489   32651 mergeddicttrans.cc:1860] The current system has NMT.
06-17 11:06:30.755 31070 32651 D native  : I0617 11:06:30.755555   32651 mergeddicttrans.cc:1866] Sentence #0: ラインフォルド家の魔導知議は
06-17 11:06:30.755 31070 32651 D native  : I0617 11:06:30.755592   32651 mergeddicttrans.cc:1918] To be translated by NMT.
06-17 11:06:30.781 31070 32651 I native  : I0617 11:06:30.781537   32651 mergeddicttrans.cc:1827] Sentence #0: ラインフォルド家の魔導知議は
06-17 11:06:30.781 31070 32651 I native  : I0617 11:06:30.781662   32651 mergeddicttrans.cc:1828] 
06-17 11:06:30.781 31070 32651 I native  : Source language: ja, target language: en
06-17 11:06:30.781 31070 32651 I native  : 
06-17 11:06:30.781 31070 32651 I native  : Has period trick: 0
06-17 11:06:30.781 31070 32651 I native  : 
06-17 11:06:30.781 31070 32651 I native  : Full translation: The magical classification of the line folder is
06-17 11:06:30.781 31070 32651 I native  : Translate Instance: 
06-17 11:06:30.781 31070 32651 I native  : Query (raw): ラインフォルド家の魔導知議は
06-17 11:06:30.781 31070 32651 I native  : Query (after preprocess): ラインフォルド 家 の 魔導 知議 は
06-17 11:06:30.781 31070 32651 I native  : Query ids (after tokenizer): 260 164 610 23 298 1052 4 3 2247 726 1086 1387 9 2
06-17 11:06:30.781 31070 32651 I native  : Translation ids: 16 3087 179 811 354 6 3 423 1658 22 11 2
06-17 11:06:30.781 31070 32651 I native  : Translation (after detokenizer): The magical classification of the line folder is
06-17 11:06:30.781 31070 32651 I native  : Alignment probability:
06-17 11:06:30.781 31070 32651 I native  : 	The	magical	classification	of	the	line	folder	is
06-17 11:06:30.781 31070 32651 I native  : ラインフォルド	0.286275	0.107843	0.0254902	0.054902	0.741176	0.87451	0.5	0.0392157
06-17 11:06:30.781 31070 32651 I native  : 家	0.00784314	0.00784314	0.00784314	0.054902	0.137255	0.0862745	0.466667	0.219608
06-17 11:06:30.781 31070 32651 I native  : の	0.0196078	0.00392157	0.0666667	0.356863	0.0117647	0	0.00392157	0.0313726
06-17 11:06:30.781 31070 32651 I native  : 魔導	0.443137	0.743137	0.0705882	0.054902	0.0627451	0.0117647	0	0.0823529
06-17 11:06:30.781 31070 32651 I native  : 知議	0.0588235	0.0941176	0.67451	0.305882	0	0	0	0.0705882
06-17 11:06:30.781 31070 32651 I native  : は	0.152941	0.00196078	0.0137255	0.0823529	0.00392157	0	0.00784314	0.337255
06-17 11:06:30.781 31070 32651 I native  : Translation (before postprocess): The magical classification of the line folder is
06-17 11:06:30.783 31070 32652 D native  : I0617 11:06:30.783112   32652 mergeddicttrans.cc:1860] The current system has NMT.
06-17 11:06:30.783 31070 32652 D native  : I0617 11:06:30.783179   32652 mergeddicttrans.cc:1866] Sentence #0: ここまで橋が違うというの?
06-17 11:06:30.783 31070 32652 D native  : I0617 11:06:30.783208   32652 mergeddicttrans.cc:1918] To be translated by NMT.
06-17 11:06:30.802 31070 32652 I native  : I0617 11:06:30.802246   32652 mergeddicttrans.cc:1827] Sentence #0: ここまで橋が違うというの?
06-17 11:06:30.802 31070 32652 I native  : I0617 11:06:30.802412   32652 mergeddicttrans.cc:1828] 
06-17 11:06:30.802 31070 32652 I native  : Source language: ja, target language: en
06-17 11:06:30.802 31070 32652 I native  : 
06-17 11:06:30.802 31070 32652 I native  : Has period trick: 0
06-17 11:06:30.802 31070 32652 I native  : 
06-17 11:06:30.802 31070 32652 I native  : Full translation: Is the bridge so far?
06-17 11:06:30.802 31070 32652 I native  : Translate Instance: 
06-17 11:06:30.802 31070 32652 I native  : Query (raw): ここまで橋が違うというの?
06-17 11:06:30.802 31070 32652 I native  : Query (after preprocess): ここ まで 橋 が 違う と いう の ?
06-17 11:06:30.802 31070 32652 I native  : Query ids (after tokenizer): 940 581 3 1731 10 1675 368 14 957 4 882 2
06-17 11:06:30.802 31070 32652 I native  : Translation ids: 1663 3 349 1981 340 2450 417 2
06-17 11:06:30.802 31070 32652 I native  : Translation (after detokenizer): Is the bridge so far ?
06-17 11:06:30.802 31070 32652 I native  : Alignment probability:
06-17 11:06:30.802 31070 32652 I native  : 	Is	the	bridge	so	far	?
06-17 11:06:30.802 31070 32652 I native  : ここ	0.0313726	0.156863	0.00392157	0.0980392	0.0980392	0.0745098
06-17 11:06:30.802 31070 32652 I native  : まで	0.113725	0.0666667	0.00588235	0.286275	0.282353	0.176471
06-17 11:06:30.802 31070 32652 I native  : 橋	0.113725	0.447059	0.931373	0.0156863	0.027451	0.00784314
06-17 11:06:30.802 31070 32652 I native  : が	0.00392157	0.00784314	0.00392157	0.0823529	0.00784314	0.0196078
06-17 11:06:30.802 31070 32652 I native  : 違う	0.0117647	0.027451	0.027451	0.435294	0.32549	0.360784
06-17 11:06:30.802 31070 32652 I native  : と	0.113725	0.0823529	0.00588235	0.0352941	0.0196078	0.0627451
06-17 11:06:30.802 31070 32652 I native  : いう	0.113725	0.0666667	0.00196078	0.0235294	0.0352941	0.0313726
06-17 11:06:30.802 31070 32652 I native  : の	0.211765	0.054902	0.00196078	0.00392157	0.00784314	0.00784314
06-17 11:06:30.802 31070 32652 I native  : ?	0.262745	0.0666667	0.00196078	0.0156863	0.0784314	0.219608
06-17 11:06:30.802 31070 32652 I native  : Translation (before postprocess): Is the bridge so far ?
06-17 11:06:30.805 31070 32654 D native  : I0617 11:06:30.805344   32654 mergeddicttrans.cc:1860] The current system has NMT.
06-17 11:06:30.805 31070 32654 D native  : I0617 11:06:30.805523   32654 mergeddicttrans.cc:1866] Sentence #0: あなたたちを
06-17 11:06:30.805 31070 32654 D native  : I0617 11:06:30.805608   32654 mergeddicttrans.cc:1918] To be translated by NMT.
06-17 11:06:30.817 31070 32654 I native  : I0617 11:06:30.817409   32654 mergeddicttrans.cc:1827] Sentence #0: あなたたちを
06-17 11:06:30.817 31070 32654 I native  : I0617 11:06:30.817631   32654 mergeddicttrans.cc:1828] 
06-17 11:06:30.817 31070 32654 I native  : Source language: ja, target language: en
06-17 11:06:30.817 31070 32654 I native  : 
06-17 11:06:30.817 31070 32654 I native  : Has period trick: 0
06-17 11:06:30.817 31070 32654 I native  : 
06-17 11:06:30.817 31070 32654 I native  : Full translation: You
06-17 11:06:30.817 31070 32654 I native  : Translate Instance: 
06-17 11:06:30.817 31070 32654 I native  : Query (raw): あなたたちを
06-17 11:06:30.817 31070 32654 I native  : Query (after preprocess): あなた たち を
06-17 11:06:30.817 31070 32654 I native  : Query ids (after tokenizer): 958 15 333 7 2
06-17 11:06:30.817 31070 32654 I native  : Translation ids: 355 2
06-17 11:06:30.817 31070 32654 I native  : Translation (after detokenizer): You
06-17 11:06:30.817 31070 32654 I native  : Alignment probability:
06-17 11:06:30.817 31070 32654 I native  : 	You
06-17 11:06:30.817 31070 32654 I native  : あなた	0.631373
06-17 11:06:30.817 31070 32654 I native  : たち	0.0392157
06-17 11:06:30.817 31070 32654 I native  : を	0.117647
06-17 11:06:30.817 31070 32654 I native  : Translation (before postprocess): You
06-17 11:06:30.818 31070 32657 D native  : I0617 11:06:30.818633   32657 mergeddicttrans.cc:1860] The current system has NMT.
06-17 11:06:30.818 31070 32657 D native  : I0617 11:06:30.818710   32657 mergeddicttrans.cc:1866] Sentence #0: あたしは全力で
06-17 11:06:30.818 31070 32657 D native  : I0617 11:06:30.818738   32657 mergeddicttrans.cc:1918] To be translated by NMT.
06-17 11:06:30.835 31070 32657 I native  : I0617 11:06:30.834987   32657 mergeddicttrans.cc:1827] Sentence #0: あたしは全力で
06-17 11:06:30.835 31070 32657 I native  : I0617 11:06:30.835093   32657 mergeddicttrans.cc:1828] 
06-17 11:06:30.835 31070 32657 I native  : Source language: ja, target language: en
06-17 11:06:30.835 31070 32657 I native  : 
06-17 11:06:30.835 31070 32657 I native  : Has period trick: 0
06-17 11:06:30.835 31070 32657 I native  : 
06-17 11:06:30.835 31070 32657 I native  : Full translation: I have full power
06-17 11:06:30.835 31070 32657 I native  : Translate Instance: 
06-17 11:06:30.835 31070 32657 I native  : Query (raw): あたしは全力で
06-17 11:06:30.835 31070 32657 I native  : Query (after preprocess): あたし は 全力 で
06-17 11:06:30.835 31070 32657 I native  : Query ids (after tokenizer): 838 398 51 9 464 426 16 2
06-17 11:06:30.835 31070 32657 I native  : Translation ids: 63 198 1619 323 2
06-17 11:06:30.835 31070 32657 I native  : Translation (after detokenizer): I have full power
06-17 11:06:30.835 31070 32657 I native  : Alignment probability:
06-17 11:06:30.835 31070 32657 I native  : 	I	have	full	power
06-17 11:06:30.835 31070 32657 I native  : あたし	0.619608	0.113725	0.054902	0.00784314
06-17 11:06:30.835 31070 32657 I native  : は	0.0588235	0.105882	0.0313726	0.027451
06-17 11:06:30.835 31070 32657 I native  : 全力	0.14902	0.309804	0.733333	0.85098
06-17 11:06:30.835 31070 32657 I native  : で	0.137255	0.309804	0.137255	0.0352941
06-17 11:06:30.835 31070 32657 I native  : Translation (before postprocess): I have full power
06-17 11:06:30.836 31070 32659 D native  : I0617 11:06:30.836415   32659 mergeddicttrans.cc:1860] The current system has NMT.
06-17 11:06:30.836 31070 32659 D native  : I0617 11:06:30.836470   32659 mergeddicttrans.cc:1866] Sentence #0: しれないけど
06-17 11:06:30.836 31070 32659 D native  : I0617 11:06:30.836509   32659 mergeddicttrans.cc:1918] To be translated by NMT.
06-17 11:06:30.850 31070 32659 I native  : I0617 11:06:30.850521   32659 mergeddicttrans.cc:1827] Sentence #0: しれないけど
06-17 11:06:30.850 31070 32659 I native  : I0617 11:06:30.850610   32659 mergeddicttrans.cc:1828] 
06-17 11:06:30.850 31070 32659 I native  : Source language: ja, target language: en
06-17 11:06:30.850 31070 32659 I native  : 
06-17 11:06:30.850 31070 32659 I native  : Has period trick: 0
06-17 11:06:30.850 31070 32659 I native  : 
06-17 11:06:30.850 31070 32659 I native  : Full translation: I can not do it
06-17 11:06:30.850 31070 32659 I native  : Translate Instance: 
06-17 11:06:30.850 31070 32659 I native  : Query (raw): しれないけど
06-17 11:06:30.850 31070 32659 I native  : Query (after preprocess): しれない けど
06-17 11:06:30.850 31070 32659 I native  : Query ids (after tokenizer): 11 126 843 2090 2
06-17 11:06:30.850 31070 32659 I native  : Translation ids: 63 31 53 399 70 2
06-17 11:06:30.850 31070 32659 I native  : Translation (after detokenizer): I can not do it
06-17 11:06:30.850 31070 32659 I native  : Alignment probability:
06-17 11:06:30.850 31070 32659 I native  : 	I	can	not	do	it
06-17 11:06:30.850 31070 32659 I native  : しれない	0.482353	0.619608	0.482353	0.607843	0.145098
06-17 11:06:30.850 31070 32659 I native  : けど	0.317647	0.0588235	0.0823529	0.027451	0.258824
06-17 11:06:30.850 31070 32659 I native  : Translation (before postprocess): I can not do it
06-17 11:06:30.851 31070 32598 D native  : I0617 11:06:30.851851   32598 mergeddicttrans.cc:1860] The current system has NMT.
06-17 11:06:30.851 31070 32598 D native  : I0617 11:06:30.851902   32598 mergeddicttrans.cc:1866] Sentence #0: もらえないかも
06-17 11:06:30.851 31070 32598 D native  : I0617 11:06:30.851931   32598 mergeddicttrans.cc:1918] To be translated by NMT.
06-17 11:06:30.867 31070 32598 I native  : I0617 11:06:30.867200   32598 mergeddicttrans.cc:1827] Sentence #0: もらえないかも
06-17 11:06:30.867 31070 32598 I native  : I0617 11:06:30.867292   32598 mergeddicttrans.cc:1828] 
06-17 11:06:30.867 31070 32598 I native  : Source language: ja, target language: en
06-17 11:06:30.867 31070 32598 I native  : 
06-17 11:06:30.867 31070 32598 I native  : Has period trick: 0
06-17 11:06:30.867 31070 32598 I native  : 
06-17 11:06:30.867 31070 32598 I native  : Full translation: I can not get it
06-17 11:06:30.867 31070 32598 I native  : Translate Instance: 
06-17 11:06:30.867 31070 32598 I native  : Query (raw): もらえないかも
06-17 11:06:30.867 31070 32598 I native  : Query (after preprocess): もらえ ない かも
06-17 11:06:30.867 31070 32598 I native  : Query ids (after tokenizer): 54 226 202 137 103 300 2
06-17 11:06:30.867 31070 32598 I native  : Translation ids: 63 31 53 1352 70 2
06-17 11:06:30.867 31070 32598 I native  : Translation (after detokenizer): I can not get it
06-17 11:06:30.867 31070 32598 I native  : Alignment probability:
06-17 11:06:30.867 31070 32598 I native  : 	I	can	not	get	it
06-17 11:06:30.867 31070 32598 I native  : もらえ	0.129412	0.0823529	0.32549	0.839216	0.286275
06-17 11:06:30.867 31070 32598 I native  : ない	0.239216	0.219608	0.419608	0.0705882	0.0509804
06-17 11:06:30.867 31070 32598 I native  : かも	0.564706	0.588235	0.0784314	0.00784314	0.0392157
06-17 11:06:30.867 31070 32598 I native  : Translation (before postprocess): I can not get it
06-17 11:06:30.868 31070 32599 D native  : I0617 11:06:30.868521   32599 mergeddicttrans.cc:1860] The current system has NMT.
06-17 11:06:30.868 31070 32599 D native  : I0617 11:06:30.868585   32599 mergeddicttrans.cc:1866] Sentence #0: 出義だとは
06-17 11:06:30.868 31070 32599 D native  : I0617 11:06:30.868615   32599 mergeddicttrans.cc:1918] To be translated by NMT.
06-17 11:06:30.883 31070 32599 I native  : I0617 11:06:30.883936   32599 mergeddicttrans.cc:1827] Sentence #0: 出義だとは
06-17 11:06:30.884 31070 32599 I native  : I0617 11:06:30.884037   32599 mergeddicttrans.cc:1828] 
06-17 11:06:30.884 31070 32599 I native  : Source language: ja, target language: en
06-17 11:06:30.884 31070 32599 I native  : 
06-17 11:06:30.884 31070 32599 I native  : Has period trick: 0
06-17 11:06:30.884 31070 32599 I native  : 
06-17 11:06:30.884 31070 32599 I native  : Full translation: It is an elbow
06-17 11:06:30.884 31070 32599 I native  : Translate Instance: 
06-17 11:06:30.884 31070 32599 I native  : Query (raw): 出義だとは
06-17 11:06:30.884 31070 32599 I native  : Query (after preprocess): 出義 だ とは
06-17 11:06:30.884 31070 32599 I native  : Query ids (after tokenizer): 683 826 804 14 653 2
06-17 11:06:30.884 31070 32599 I native  : Translation ids: 209 11 36 781 114 312 2
06-17 11:06:30.884 31070 32599 I native  : Translation (after detokenizer): It is an elbow
06-17 11:06:30.884 31070 32599 I native  : Alignment probability:
06-17 11:06:30.884 31070 32599 I native  : 	It	is	an	elbow
06-17 11:06:30.884 31070 32599 I native  : 出義	0.298039	0.247059	0.592157	0.528105
06-17 11:06:30.884 31070 32599 I native  : だ	0.14902	0.254902	0.0862745	0.0248366
06-17 11:06:30.884 31070 32599 I native  : とは	0.368627	0.392157	0.172549	0.0235294
06-17 11:06:30.884 31070 32599 I native  : Translation (before postprocess): It is an elbow
06-17 11:06:30.885 31070 32649 D native  : I0617 11:06:30.885666   32649 mergeddicttrans.cc:1860] The current system has NMT.
06-17 11:06:30.885 31070 32649 D native  : I0617 11:06:30.885738   32649 mergeddicttrans.cc:1866] Sentence #0: 信じて
06-17 11:06:30.885 31070 32649 D native  : I0617 11:06:30.885780   32649 mergeddicttrans.cc:1522] STT before postprocess: 信じて -> Believe
06-17 11:06:30.888 31070 32651 D native  : I0617 11:06:30.887995   32651 mergeddicttrans.cc:1860] The current system has NMT.
06-17 11:06:30.888 31070 32651 D native  : I0617 11:06:30.888058   32651 mergeddicttrans.cc:1866] Sentence #0: お父様だけが。
06-17 11:06:30.888 31070 32651 D native  : I0617 11:06:30.888090   32651 mergeddicttrans.cc:1918] To be translated by NMT.
06-17 11:06:30.906 31070 32651 I native  : I0617 11:06:30.906701   32651 mergeddicttrans.cc:1827] Sentence #0: お父様だけが。
06-17 11:06:30.906 31070 32651 I native  : I0617 11:06:30.906798   32651 mergeddicttrans.cc:1828] 
06-17 11:06:30.906 31070 32651 I native  : Source language: ja, target language: en
06-17 11:06:30.906 31070 32651 I native  : 
06-17 11:06:30.906 31070 32651 I native  : Has period trick: 0
06-17 11:06:30.906 31070 32651 I native  : 
06-17 11:06:30.906 31070 32651 I native  : Full translation: Only father.
06-17 11:06:30.906 31070 32651 I native  : Translate Instance: 
06-17 11:06:30.906 31070 32651 I native  : Query (raw): お父様だけが。
06-17 11:06:30.906 31070 32651 I native  : Query (after preprocess): お 父様 だけ が .
06-17 11:06:30.906 31070 32651 I native  : Query ids (after tokenizer): 296 3 2251 622 964 10 6 2
06-17 11:06:30.906 31070 32651 I native  : Translation ids: 460 55 120 2543 4 2
06-17 11:06:30.906 31070 32651 I native  : Translation (after detokenizer): Only father .
06-17 11:06:30.906 31070 32651 I native  : Alignment probability:
06-17 11:06:30.906 31070 32651 I native  : 	Only	father	.
06-17 11:06:30.906 31070 32651 I native  : お	0.188235	0.272549	0.0705882
06-17 11:06:30.906 31070 32651 I native  : 父様	0.113725	0.658824	0.0509804
06-17 11:06:30.906 31070 32651 I native  : だけ	0.515686	0.0196078	0.254902
06-17 11:06:30.906 31070 32651 I native  : が	0.0647059	0.0176471	0.164706
06-17 11:06:30.906 31070 32651 I native  : .	0.0254902	0.00784314	0.203922
06-17 11:06:30.906 31070 32651 I native  : Translation (before postprocess): Only father .
06-17 11:06:30.908 31070 32652 D native  : I0617 11:06:30.908411   32652 mergeddicttrans.cc:1860] The current system has NMT.
06-17 11:06:30.908 31070 32652 D native  : I0617 11:06:30.908506   32652 mergeddicttrans.cc:1866] Sentence #0: 来たんだもん
06-17 11:06:30.908 31070 32652 D native  : I0617 11:06:30.908541   32652 mergeddicttrans.cc:1918] To be translated by NMT.
06-17 11:06:30.919 31070 32652 I native  : I0617 11:06:30.919196   32652 mergeddicttrans.cc:1827] Sentence #0: 来たんだもん
06-17 11:06:30.919 31070 32652 I native  : I0617 11:06:30.919282   32652 mergeddicttrans.cc:1828] 
06-17 11:06:30.919 31070 32652 I native  : Source language: ja, target language: en
06-17 11:06:30.919 31070 32652 I native  : 
06-17 11:06:30.919 31070 32652 I native  : Has period trick: 0
06-17 11:06:30.919 31070 32652 I native  : 
06-17 11:06:30.919 31070 32652 I native  : Full translation: I'm coming
06-17 11:06:30.919 31070 32652 I native  : Translate Instance: 
06-17 11:06:30.919 31070 32652 I native  : Query (raw): 来たんだもん
06-17 11:06:30.919 31070 32652 I native  : Query (after preprocess): 来た んだもん
06-17 11:06:30.919 31070 32652 I native  : Query ids (after tokenizer): 1729 398 2167 300 354 2
06-17 11:06:30.919 31070 32652 I native  : Translation ids: 63 2564 3429 2
06-17 11:06:30.919 31070 32652 I native  : Translation (after detokenizer): I 'm coming
06-17 11:06:30.919 31070 32652 I native  : Alignment probability:
06-17 11:06:30.919 31070 32652 I native  : 	I	'm	coming
06-17 11:06:30.919 31070 32652 I native  : 来た	0.313726	0.588235	0.466667
06-17 11:06:30.919 31070 32652 I native  : んだもん	0.513726	0.254902	0.196078
06-17 11:06:30.919 31070 32652 I native  : Translation (before postprocess): I 'm coming
06-17 11:06:30.920 31070 32654 D native  : I0617 11:06:30.920902   32654 mergeddicttrans.cc:1860] The current system has NMT.
06-17 11:06:30.921 31070 32654 D native  : I0617 11:06:30.921044   32654 mergeddicttrans.cc:1866] Sentence #0: ここまで
06-17 11:06:30.921 31070 32654 D native  : I0617 11:06:30.921129   32654 mergeddicttrans.cc:1522] STT before postprocess: ここまで -> up to here
06-17 11:06:30.922 31070 32657 D native  : I0617 11:06:30.922788   32657 mergeddicttrans.cc:1860] The current system has NMT.
06-17 11:06:30.922 31070 32657 D native  : I0617 11:06:30.922884   32657 mergeddicttrans.cc:1866] Sentence #0: 教うため
06-17 11:06:30.922 31070 32657 D native  : I0617 11:06:30.922908   32657 mergeddicttrans.cc:1918] To be translated by NMT.
06-17 11:06:30.931 31070 32657 I native  : I0617 11:06:30.931328   32657 mergeddicttrans.cc:1827] Sentence #0: 教うため
06-17 11:06:30.931 31070 32657 I native  : I0617 11:06:30.931440   32657 mergeddicttrans.cc:1828] 
06-17 11:06:30.931 31070 32657 I native  : Source language: ja, target language: en
06-17 11:06:30.931 31070 32657 I native  : 
06-17 11:06:30.931 31070 32657 I native  : Has period trick: 0
06-17 11:06:30.931 31070 32657 I native  : 
06-17 11:06:30.931 31070 32657 I native  : Full translation: To teach
06-17 11:06:30.931 31070 32657 I native  : Translate Instance: 
06-17 11:06:30.931 31070 32657 I native  : Query (raw): 教うため
06-17 11:06:30.931 31070 32657 I native  : Query (after preprocess): 教う ため
06-17 11:06:30.931 31070 32657 I native  : Query ids (after tokenizer): 1167 368 94 2
06-17 11:06:30.931 31070 32657 I native  : Translation ids: 516 3077 2
06-17 11:06:30.931 31070 32657 I native  : Translation (after detokenizer): To teach
06-17 11:06:30.931 31070 32657 I native  : Alignment probability:
06-17 11:06:30.931 31070 32657 I native  : 	To	teach
06-17 11:06:30.931 31070 32657 I native  : 教う	0.172549	0.866667
06-17 11:06:30.931 31070 32657 I native  : ため	0.65098	0.0196078
06-17 11:06:30.931 31070 32657 I native  : Translation (before postprocess): To teach
06-17 11:06:30.933 31070 32659 D native  : I0617 11:06:30.933012   32659 mergeddicttrans.cc:1860] The current system has NMT.
06-17 11:06:30.933 31070 32659 D native  : I0617 11:06:30.933081   32659 mergeddicttrans.cc:1866] Sentence #0: 信用できなくて
06-17 11:06:30.933 31070 32659 D native  : I0617 11:06:30.933118   32659 mergeddicttrans.cc:1918] To be translated by NMT.
06-17 11:06:30.946 31070 32659 I native  : I0617 11:06:30.946403   32659 mergeddicttrans.cc:1827] Sentence #0: 信用できなくて
06-17 11:06:30.946 31070 32659 I native  : I0617 11:06:30.946548   32659 mergeddicttrans.cc:1828] 
06-17 11:06:30.946 31070 32659 I native  : Source language: ja, target language: en
06-17 11:06:30.946 31070 32659 I native  : 
06-17 11:06:30.946 31070 32659 I native  : Has period trick: 0
06-17 11:06:30.946 31070 32659 I native  : 
06-17 11:06:30.946 31070 32659 I native  : Full translation: I can not trust
06-17 11:06:30.946 31070 32659 I native  : Translate Instance: 
06-17 11:06:30.946 31070 32659 I native  : Query (raw): 信用できなくて
06-17 11:06:30.946 31070 32659 I native  : Query (after preprocess): 信用 でき なく て
06-17 11:06:30.946 31070 32659 I native  : Query ids (after tokenizer): 1343 261 306 1051 12 2
06-17 11:06:30.946 31070 32659 I native  : Translation ids: 63 31 53 3122 2
06-17 11:06:30.946 31070 32659 I native  : Translation (after detokenizer): I can not trust
06-17 11:06:30.946 31070 32659 I native  : Alignment probability:
06-17 11:06:30.946 31070 32659 I native  : 	I	can	not	trust
06-17 11:06:30.946 31070 32659 I native  : 信用	0.203922	0.0627451	0.243137	0.890196
06-17 11:06:30.946 31070 32659 I native  : でき	0.133333	0.101961	0.101961	0.0352941
06-17 11:06:30.946 31070 32659 I native  : なく	0.305882	0.54902	0.356863	0.0156863
06-17 11:06:30.946 31070 32659 I native  : て	0.160784	0.101961	0.0196078	0
06-17 11:06:30.946 31070 32659 I native  : Translation (before postprocess): I can not trust
06-17 11:06:30.948 31070 32598 D native  : I0617 11:06:30.948311   32598 mergeddicttrans.cc:1860] The current system has NMT.
06-17 11:06:30.948 31070 32598 D native  : I0617 11:06:30.948355   32598 mergeddicttrans.cc:1866] Sentence #0: 大切な師匠を見
06-17 11:06:30.948 31070 32598 D native  : I0617 11:06:30.948381   32598 mergeddicttrans.cc:1918] To be translated by NMT.
06-17 11:06:30.963 31070 32598 I native  : I0617 11:06:30.963362   32598 mergeddicttrans.cc:1827] Sentence #0: 大切な師匠を見
06-17 11:06:30.963 31070 32598 I native  : I0617 11:06:30.963449   32598 mergeddicttrans.cc:1828] 
06-17 11:06:30.963 31070 32598 I native  : Source language: ja, target language: en
06-17 11:06:30.963 31070 32598 I native  : 
06-17 11:06:30.963 31070 32598 I native  : Has period trick: 0
06-17 11:06:30.963 31070 32598 I native  : 
06-17 11:06:30.963 31070 32598 I native  : Full translation: Look at important master
06-17 11:06:30.963 31070 32598 I native  : Translate Instance: 
06-17 11:06:30.963 31070 32598 I native  : Query (raw): 大切な師匠を見
06-17 11:06:30.963 31070 32598 I native  : Query (after preprocess): 大切 な 師匠 を 見
06-17 11:06:30.963 31070 32598 I native  : Query ids (after tokenizer): 445 1028 26 3 1774 3071 7 459 2
06-17 11:06:30.963 31070 32598 I native  : Translation ids: 49 1277 69 1401 2510 2
06-17 11:06:30.963 31070 32598 I native  : Translation (after detokenizer): Look at important master
06-17 11:06:30.963 31070 32598 I native  : Alignment probability:
06-17 11:06:30.963 31070 32598 I native  : 	Look	at	important	master
06-17 11:06:30.963 31070 32598 I native  : 大切	0.0882353	0.137255	0.85098	0.0745098
06-17 11:06:30.963 31070 32598 I native  : な	0.00588235	0	0.0352941	0.0196078
06-17 11:06:30.963 31070 32598 I native  : 師匠	0.00392157	0.00392157	0.0745098	0.870588
06-17 11:06:30.963 31070 32598 I native  : を	0.045098	0.321569	0.0156863	0.00784314
06-17 11:06:30.963 31070 32598 I native  : 見	0.772549	0.4	0.00784314	0
06-17 11:06:30.963 31070 32598 I native  : Translation (before postprocess): Look at important master
06-17 11:06:30.964 31070 32599 D native  : I0617 11:06:30.964907   32599 mergeddicttrans.cc:1860] The current system has NMT.
06-17 11:06:30.964 31070 32599 D native  : I0617 11:06:30.964969   32599 mergeddicttrans.cc:1866] Sentence #0: この国を
06-17 11:06:30.965 31070 32599 D native  : I0617 11:06:30.965001   32599 mergeddicttrans.cc:1918] To be translated by NMT.
06-17 11:06:30.974 31070 32599 I native  : I0617 11:06:30.974523   32599 mergeddicttrans.cc:1827] Sentence #0: この国を
06-17 11:06:30.974 31070 32599 I native  : I0617 11:06:30.974608   32599 mergeddicttrans.cc:1828] 
06-17 11:06:30.974 31070 32599 I native  : Source language: ja, target language: en
06-17 11:06:30.974 31070 32599 I native  : 
06-17 11:06:30.974 31070 32599 I native  : Has period trick: 0
06-17 11:06:30.974 31070 32599 I native  : 
06-17 11:06:30.974 31070 32599 I native  : Full translation: This country
06-17 11:06:30.974 31070 32599 I native  : Translate Instance: 
06-17 11:06:30.974 31070 32599 I native  : Query (raw): この国を
06-17 11:06:30.974 31070 32599 I native  : Query (after preprocess): この 国 を
06-17 11:06:30.974 31070 32599 I native  : Query ids (after tokenizer): 61 751 7 2
06-17 11:06:30.974 31070 32599 I native  : Translation ids: 149 2607 2
06-17 11:06:30.974 31070 32599 I native  : Translation (after detokenizer): This country
06-17 11:06:30.974 31070 32599 I native  : Alignment probability:
06-17 11:06:30.974 31070 32599 I native  : 	This	country
06-17 11:06:30.974 31070 32599 I native  : この	0.388235	0.0313726
06-17 11:06:30.974 31070 32599 I native  : 国	0.133333	0.909804
06-17 11:06:30.974 31070 32599 I native  : を	0.313726	0.0235294
06-17 11:06:30.974 31070 32599 I native  : Translation (before postprocess): This country
06-17 11:06:30.978 31070 32649 D native  : I0617 11:06:30.978256   32649 mergeddicttrans.cc:1860] The current system has NMT.
06-17 11:06:30.978 31070 32649 D native  : I0617 11:06:30.978318   32649 mergeddicttrans.cc:1866] Sentence #0: 分かるよ
06-17 11:06:30.978 31070 32649 D native  : I0617 11:06:30.978353   32649 mergeddicttrans.cc:1918] To be translated by NMT.
06-17 11:06:30.986 31070 32649 I native  : I0617 11:06:30.986651   32649 mergeddicttrans.cc:1827] Sentence #0: 分かるよ
06-17 11:06:30.986 31070 32649 I native  : I0617 11:06:30.986749   32649 mergeddicttrans.cc:1828] 
06-17 11:06:30.986 31070 32649 I native  : Source language: ja, target language: en
06-17 11:06:30.986 31070 32649 I native  : 
06-17 11:06:30.986 31070 32649 I native  : Has period trick: 0
06-17 11:06:30.986 31070 32649 I native  : 
06-17 11:06:30.986 31070 32649 I native  : Full translation: I understand
06-17 11:06:30.986 31070 32649 I native  : Translate Instance: 
06-17 11:06:30.986 31070 32649 I native  : Query (raw): 分かるよ
06-17 11:06:30.986 31070 32649 I native  : Query (after preprocess): 分かる よ
06-17 11:06:30.986 31070 32649 I native  : Query ids (after tokenizer): 139 1385 904 2
06-17 11:06:30.986 31070 32649 I native  : Translation ids: 63 2379 2
06-17 11:06:30.986 31070 32649 I native  : Translation (after detokenizer): I understand
06-17 11:06:30.986 31070 32649 I native  : Alignment probability:
06-17 11:06:30.986 31070 32649 I native  : 	I	understand
06-17 11:06:30.986 31070 32649 I native  : 分かる	0.658824	0.745098
06-17 11:06:30.986 31070 32649 I native  : よ	0.239216	0.101961
06-17 11:06:30.986 31070 32649 I native  : Translation (before postprocess): I understand
06-17 11:06:30.987 31070 32651 D native  : I0617 11:06:30.987849   32651 mergeddicttrans.cc:1860] The current system has NMT.
06-17 11:06:30.987 31070 32651 D native  : I0617 11:06:30.987922   32651 mergeddicttrans.cc:1866] Sentence #0: 警戒するのも
06-17 11:06:30.987 31070 32651 D native  : I0617 11:06:30.987956   32651 mergeddicttrans.cc:1918] To be translated by NMT.
06-17 11:06:31.004 31070 32651 I native  : I0617 11:06:31.004654   32651 mergeddicttrans.cc:1827] Sentence #0: 警戒するのも
06-17 11:06:31.004 31070 32651 I native  : I0617 11:06:31.004744   32651 mergeddicttrans.cc:1828] 
06-17 11:06:31.004 31070 32651 I native  : Source language: ja, target language: en
06-17 11:06:31.004 31070 32651 I native  : 
06-17 11:06:31.004 31070 32651 I native  : Has period trick: 0
06-17 11:06:31.004 31070 32651 I native  : 
06-17 11:06:31.004 31070 32651 I native  : Full translation: It is also
06-17 11:06:31.004 31070 32651 I native  : Translate Instance: 
06-17 11:06:31.004 31070 32651 I native  : Query (raw): 警戒するのも
06-17 11:06:31.004 31070 32651 I native  : Query (after preprocess): 警戒 する の も
06-17 11:06:31.004 31070 32651 I native  : Query ids (after tokenizer): 3 1674 3103 13 4 54 2
06-17 11:06:31.004 31070 32651 I native  : Translation ids: 209 11 176 2
06-17 11:06:31.004 31070 32651 I native  : Translation (after detokenizer): It is also
06-17 11:06:31.004 31070 32651 I native  : Alignment probability:
06-17 11:06:31.004 31070 32651 I native  : 	It	is	also
06-17 11:06:31.004 31070 32651 I native  : 警戒	0.258824	0.329412	0.356863
06-17 11:06:31.004 31070 32651 I native  : する	0.133333	0.0823529	0.0196078
06-17 11:06:31.004 31070 32651 I native  : の	0.25098	0.101961	0.0509804
06-17 11:06:31.004 31070 32651 I native  : も	0.164706	0.294118	0.34902
06-17 11:06:31.004 31070 32651 I native  : Translation (before postprocess): It is also
06-17 11:06:31.005 31070 32652 D native  : I0617 11:06:31.005977   32652 mergeddicttrans.cc:1860] The current system has NMT.
06-17 11:06:31.006 31070 32652 D native  : I0617 11:06:31.006032   32652 mergeddicttrans.cc:1866] Sentence #0: メディスが
06-17 11:06:31.006 31070 32652 D native  : I0617 11:06:31.006065   32652 mergeddicttrans.cc:1918] To be translated by NMT.
06-17 11:06:31.014 31070 32652 I native  : I0617 11:06:31.014460   32652 mergeddicttrans.cc:1827] Sentence #0: メディスが
06-17 11:06:31.014 31070 32652 I native  : I0617 11:06:31.014537   32652 mergeddicttrans.cc:1828] 
06-17 11:06:31.014 31070 32652 I native  : Source language: ja, target language: en
06-17 11:06:31.014 31070 32652 I native  : 
06-17 11:06:31.014 31070 32652 I native  : Has period trick: 0
06-17 11:06:31.014 31070 32652 I native  : 
06-17 11:06:31.014 31070 32652 I native  : Full translation: Medis
06-17 11:06:31.014 31070 32652 I native  : Translate Instance: 
06-17 11:06:31.014 31070 32652 I native  : Query (raw): メディスが
06-17 11:06:31.014 31070 32652 I native  : Query (after preprocess): メディス が
06-17 11:06:31.014 31070 32652 I native  : Query ids (after tokenizer): 111 552 48 10 2
06-17 11:06:31.014 31070 32652 I native  : Translation ids: 2127 163 2
06-17 11:06:31.014 31070 32652 I native  : Translation (after detokenizer): Medis
06-17 11:06:31.014 31070 32652 I native  : Alignment probability:
06-17 11:06:31.014 31070 32652 I native  : 	Medis
06-17 11:06:31.014 31070 32652 I native  : メディス	0.84902
06-17 11:06:31.014 31070 32652 I native  : が	0.0803922
06-17 11:06:31.014 31070 32652 I native  : Translation (before postprocess): Medis
06-17 11:06:31.015 31070 32654 D native  : I0617 11:06:31.015815   32654 mergeddicttrans.cc:1860] The current system has NMT.
06-17 11:06:31.015 31070 32654 D native  : I0617 11:06:31.015947   32654 mergeddicttrans.cc:1866] Sentence #0: なお。
06-17 11:06:31.016 31070 32654 D native  : I0617 11:06:31.016025   32654 mergeddicttrans.cc:1918] To be translated by NMT.
06-17 11:06:31.023 31070 32654 I native  : I0617 11:06:31.023588   32654 mergeddicttrans.cc:1827] Sentence #0: なお。
06-17 11:06:31.023 31070 32654 I native  : I0617 11:06:31.023724   32654 mergeddicttrans.cc:1828] 
06-17 11:06:31.023 31070 32654 I native  : Source language: ja, target language: en
06-17 11:06:31.023 31070 32654 I native  : 
06-17 11:06:31.023 31070 32654 I native  : Has period trick: 0
06-17 11:06:31.023 31070 32654 I native  : 
06-17 11:06:31.023 31070 32654 I native  : Full translation: Yet.
06-17 11:06:31.023 31070 32654 I native  : Translate Instance: 
06-17 11:06:31.023 31070 32654 I native  : Query (raw): なお。
06-17 11:06:31.023 31070 32654 I native  : Query (after preprocess): なお .
06-17 11:06:31.023 31070 32654 I native  : Query ids (after tokenizer): 26 849 6 2
06-17 11:06:31.023 31070 32654 I native  : Translation ids: 2823 4 2
06-17 11:06:31.023 31070 32654 I native  : Translation (after detokenizer): yet .
06-17 11:06:31.023 31070 32654 I native  : Alignment probability:
06-17 11:06:31.023 31070 32654 I native  : 	yet	.
06-17 11:06:31.023 31070 32654 I native  : なお	0.462745	0.0352941
06-17 11:06:31.023 31070 32654 I native  : .	0.32549	0.105882
06-17 11:06:31.023 31070 32654 I native  : Translation (before postprocess): yet .
06-17 11:06:31.025 31070 32657 D native  : I0617 11:06:31.025001   32657 mergeddicttrans.cc:1860] The current system has NMT.
06-17 11:06:31.025 31070 32657 D native  : I0617 11:06:31.025103   32657 mergeddicttrans.cc:1866] Sentence #0: 尾に斑められても
06-17 11:06:31.025 31070 32657 D native  : I0617 11:06:31.025135   32657 mergeddicttrans.cc:1918] To be translated by NMT.
06-17 11:06:31.044 31070 32657 I native  : I0617 11:06:31.044869   32657 mergeddicttrans.cc:1827] Sentence #0: 尾に斑められても
06-17 11:06:31.044 31070 32657 I native  : I0617 11:06:31.044961   32657 mergeddicttrans.cc:1828] 
06-17 11:06:31.044 31070 32657 I native  : Source language: ja, target language: en
06-17 11:06:31.044 31070 32657 I native  : 
06-17 11:06:31.044 31070 32657 I native  : Has period trick: 0
06-17 11:06:31.044 31070 32657 I native  : 
06-17 11:06:31.044 31070 32657 I native  : Full translation: Even if it is placed on the tail
06-17 11:06:31.044 31070 32657 I native  : Translate Instance: 
06-17 11:06:31.044 31070 32657 I native  : Query (raw): 尾に斑められても
06-17 11:06:31.044 31070 32657 I native  : Query (after preprocess): 尾 に 斑め られ て も
06-17 11:06:31.044 31070 32657 I native  : Query ids (after tokenizer): 3 2209 8 3 2849 299 420 12 54 2
06-17 11:06:31.044 31070 32657 I native  : Translation ids: 2697 264 70 11 500 1251 24 3 110 661 2
06-17 11:06:31.044 31070 32657 I native  : Translation (after detokenizer): Even if it is placed on the tail
06-17 11:06:31.044 31070 32657 I native  : Alignment probability:
06-17 11:06:31.044 31070 32657 I native  : 	Even	if	it	is	placed	on	the	tail
06-17 11:06:31.044 31070 32657 I native  : 尾	0.0862745	0.137255	0.164706	0.0823529	0.0490196	0.235294	0.74902	0.856863
06-17 11:06:31.044 31070 32657 I native  : に	0.0156863	0.054902	0.0666667	0.0901961	0.054902	0.419608	0.0431373	0.00392157
06-17 11:06:31.044 31070 32657 I native  : 斑め	0.223529	0.345098	0.490196	0.486275	0.74902	0.227451	0.0588235	0.0431373
06-17 11:06:31.044 31070 32657 I native  : られ	0.0235294	0.0431373	0.156863	0.258824	0.0333333	0	0	0
06-17 11:06:31.044 31070 32657 I native  : て	0.0823529	0.156863	0.0823529	0.0196078	0.00196078	0.00392157	0	0
06-17 11:06:31.044 31070 32657 I native  : も	0.541176	0.243137	0.00784314	0	0	0.00392157	0	0
06-17 11:06:31.044 31070 32657 I native  : Translation (before postprocess): Even if it is placed on the tail
06-17 11:06:31.052 31070 32659 D native  : I0617 11:06:31.052569   32659 mergeddicttrans.cc:1860] The current system has NMT.
06-17 11:06:31.052 31070 32659 D native  : I0617 11:06:31.052637   32659 mergeddicttrans.cc:1866] Sentence #0: パンシルパニアで
06-17 11:06:31.052 31070 32659 D native  : I0617 11:06:31.052671   32659 mergeddicttrans.cc:1918] To be translated by NMT.
06-17 11:06:31.074 31070 32659 I native  : I0617 11:06:31.074339   32659 mergeddicttrans.cc:1827] Sentence #0: パンシルパニアで
06-17 11:06:31.074 31070 32659 I native  : I0617 11:06:31.074474   32659 mergeddicttrans.cc:1828] 
06-17 11:06:31.074 31070 32659 I native  : Source language: ja, target language: en
06-17 11:06:31.074 31070 32659 I native  : 
06-17 11:06:31.074 31070 32659 I native  : Has period trick: 0
06-17 11:06:31.074 31070 32659 I native  : 
06-17 11:06:31.074 31070 32659 I native  : Full translation: In pancyl pania
06-17 11:06:31.074 31070 32659 I native  : Translate Instance: 
06-17 11:06:31.074 31070 32659 I native  : Query (raw): パンシルパニアで
06-17 11:06:31.074 31070 32659 I native  : Query (after preprocess): パンシルパニア で
06-17 11:06:31.074 31070 32659 I native  : Query ids (after tokenizer): 83 19 195 23 336 124 59 16 2
06-17 11:06:31.074 31070 32659 I native  : Translation ids: 35 80 1354 268 80 146 252 2
06-17 11:06:31.074 31070 32659 I native  : Translation (after detokenizer): In pancyl pania
06-17 11:06:31.074 31070 32659 I native  : Alignment probability:
06-17 11:06:31.074 31070 32659 I native  : 	In	pancyl	pania
06-17 11:06:31.074 31070 32659 I native  : パンシルパニア	0.333333	0.950327	0.937255
06-17 11:06:31.074 31070 32659 I native  : で	0.580392	0.0104575	0.00522876
06-17 11:06:31.074 31070 32659 I native  : Translation (before postprocess): In pancyl pania
06-17 11:06:31.079 31070 32598 D native  : I0617 11:06:31.079835   32598 mergeddicttrans.cc:1860] The current system has NMT.
06-17 11:06:31.079 31070 32598 D native  : I0617 11:06:31.079897   32598 mergeddicttrans.cc:1866] Sentence #0: もちろん
06-17 11:06:31.079 31070 32598 D native  : I0617 11:06:31.079943   32598 mergeddicttrans.cc:1522] STT before postprocess: もちろん -> of course
06-17 11:06:31.080 31070 32599 D native  : I0617 11:06:31.080719   32599 mergeddicttrans.cc:1860] The current system has NMT.
06-17 11:06:31.080 31070 32599 D native  : I0617 11:06:31.080776   32599 mergeddicttrans.cc:1866] Sentence #0: 期待と違って
06-17 11:06:31.080 31070 32599 D native  : I0617 11:06:31.080802   32599 mergeddicttrans.cc:1918] To be translated by NMT.
06-17 11:06:31.094 31070 32599 I native  : I0617 11:06:31.094790   32599 mergeddicttrans.cc:1827] Sentence #0: 期待と違って
06-17 11:06:31.094 31070 32599 I native  : I0617 11:06:31.094860   32599 mergeddicttrans.cc:1828] 
06-17 11:06:31.094 31070 32599 I native  : Source language: ja, target language: en
06-17 11:06:31.094 31070 32599 I native  : 
06-17 11:06:31.094 31070 32599 I native  : Has period trick: 0
06-17 11:06:31.094 31070 32599 I native  : 
06-17 11:06:31.094 31070 32599 I native  : Full translation: Unlike expectations
06-17 11:06:31.094 31070 32599 I native  : Translate Instance: 
06-17 11:06:31.094 31070 32599 I native  : Query (raw): 期待と違って
06-17 11:06:31.094 31070 32599 I native  : Query (after preprocess): 期待 と 違っ て
06-17 11:06:31.094 31070 32599 I native  : Query ids (after tokenizer): 927 1273 14 1675 88 12 2
06-17 11:06:31.094 31070 32599 I native  : Translation ids: 339 85 2260 266 197 933 2
06-17 11:06:31.094 31070 32599 I native  : Translation (after detokenizer): unlike expectations
06-17 11:06:31.094 31070 32599 I native  : Alignment probability:
06-17 11:06:31.094 31070 32599 I native  : 	unlike	expectations
06-17 11:06:31.094 31070 32599 I native  : 期待	0.0287582	0.569935
06-17 11:06:31.094 31070 32599 I native  : と	0.0287582	0.0418301
06-17 11:06:31.094 31070 32599 I native  : 違っ	0.368627	0.027451
06-17 11:06:31.094 31070 32599 I native  : て	0.0379085	0.00261438
06-17 11:06:31.094 31070 32599 I native  : Translation (before postprocess): unlike expectations
06-17 11:06:31.096 31070 32649 D native  : I0617 11:06:31.096079   32649 mergeddicttrans.cc:1860] The current system has NMT.
06-17 11:06:31.096 31070 32649 D native  : I0617 11:06:31.096127   32649 mergeddicttrans.cc:1866] Sentence #0: あなたたちが
06-17 11:06:31.096 31070 32649 D native  : I0617 11:06:31.096157   32649 mergeddicttrans.cc:1918] To be translated by NMT.
06-17 11:06:31.104 31070 32649 I native  : I0617 11:06:31.104280   32649 mergeddicttrans.cc:1827] Sentence #0: あなたたちが
06-17 11:06:31.104 31070 32649 I native  : I0617 11:06:31.104368   32649 mergeddicttrans.cc:1828] 
06-17 11:06:31.104 31070 32649 I native  : Source language: ja, target language: en
06-17 11:06:31.104 31070 32649 I native  : 
06-17 11:06:31.104 31070 32649 I native  : Has period trick: 0
06-17 11:06:31.104 31070 32649 I native  : 
06-17 11:06:31.104 31070 32649 I native  : Full translation: You
06-17 11:06:31.104 31070 32649 I native  : Translate Instance: 
06-17 11:06:31.104 31070 32649 I native  : Query (raw): あなたたちが
06-17 11:06:31.104 31070 32649 I native  : Query (after preprocess): あなた たち が
06-17 11:06:31.104 31070 32649 I native  : Query ids (after tokenizer): 958 15 333 10 2
06-17 11:06:31.104 31070 32649 I native  : Translation ids: 355 2
06-17 11:06:31.104 31070 32649 I native  : Translation (after detokenizer): You
06-17 11:06:31.104 31070 32649 I native  : Alignment probability:
06-17 11:06:31.104 31070 32649 I native  : 	You
06-17 11:06:31.104 31070 32649 I native  : あなた	0.698039
06-17 11:06:31.104 31070 32649 I native  : たち	0.0470588
06-17 11:06:31.104 31070 32649 I native  : が	0.129412
06-17 11:06:31.104 31070 32649 I native  : Translation (before postprocess): You
06-17 11:06:31.105 31070 32651 D native  : I0617 11:06:31.105682   32651 mergeddicttrans.cc:1860] The current system has NMT.
06-17 11:06:31.105 31070 32651 D native  : I0617 11:06:31.105745   32651 mergeddicttrans.cc:1866] Sentence #0: 分かったら...
06-17 11:06:31.105 31070 32651 D native  : I0617 11:06:31.105773   32651 mergeddicttrans.cc:1918] To be translated by NMT.
06-17 11:06:31.116 31070 32651 I native  : I0617 11:06:31.116507   32651 mergeddicttrans.cc:1827] Sentence #0: 分かったら...
06-17 11:06:31.116 31070 32651 I native  : I0617 11:06:31.116607   32651 mergeddicttrans.cc:1828] 
06-17 11:06:31.116 31070 32651 I native  : Source language: ja, target language: en
06-17 11:06:31.116 31070 32651 I native  : 
06-17 11:06:31.116 31070 32651 I native  : Has period trick: 0
06-17 11:06:31.116 31070 32651 I native  : 
06-17 11:06:31.116 31070 32651 I native  : Full translation: If you understand ...
06-17 11:06:31.116 31070 32651 I native  : Translate Instance: 
06-17 11:06:31.116 31070 32651 I native  : Query (raw): 分かったら...
06-17 11:06:31.116 31070 32651 I native  : Query (after preprocess): 分かっ たら ...
06-17 11:06:31.116 31070 32651 I native  : Query ids (after tokenizer): 139 1018 1539 1198 2
06-17 11:06:31.116 31070 32651 I native  : Translation ids: 191 87 2379 983 2
06-17 11:06:31.116 31070 32651 I native  : Translation (after detokenizer): If you understand ...
06-17 11:06:31.116 31070 32651 I native  : Alignment probability:
06-17 11:06:31.116 31070 32651 I native  : 	If	you	understand	...
06-17 11:06:31.116 31070 32651 I native  : 分かっ	0.133333	0.843137	0.819608	0.0627451
06-17 11:06:31.116 31070 32651 I native  : たら	0.486275	0.0588235	0.00784314	0.0509804
06-17 11:06:31.116 31070 32651 I native  : ...	0.207843	0.0470588	0.0705882	0.623529
06-17 11:06:31.116 31070 32651 I native  : Translation (before postprocess): If you understand ...
06-17 11:06:31.117 31070 32652 D native  : I0617 11:06:31.117673   32652 mergeddicttrans.cc:1860] The current system has NMT.
06-17 11:06:31.117 31070 32652 D native  : I0617 11:06:31.117736   32652 mergeddicttrans.cc:1866] Sentence #0: 脅成になると
06-17 11:06:31.117 31070 32652 D native  : I0617 11:06:31.117767   32652 mergeddicttrans.cc:1918] To be translated by NMT.
06-17 11:06:31.133 31070 32652 I native  : I0617 11:06:31.133346   32652 mergeddicttrans.cc:1827] Sentence #0: 脅成になると
06-17 11:06:31.133 31070 32652 I native  : I0617 11:06:31.133438   32652 mergeddicttrans.cc:1828] 
06-17 11:06:31.133 31070 32652 I native  : Source language: ja, target language: en
06-17 11:06:31.133 31070 32652 I native  : 
06-17 11:06:31.133 31070 32652 I native  : Has period trick: 0
06-17 11:06:31.133 31070 32652 I native  : 
06-17 11:06:31.133 31070 32652 I native  : Full translation: As threats
06-17 11:06:31.133 31070 32652 I native  : Translate Instance: 
06-17 11:06:31.133 31070 32652 I native  : Query (raw): 脅成になると
06-17 11:06:31.133 31070 32652 I native  : Query (after preprocess): 脅成 に なる と
06-17 11:06:31.133 31070 32652 I native  : Query ids (after tokenizer): 3 2543 294 8 353 14 2
06-17 11:06:31.133 31070 32652 I native  : Translation ids: 27 1539 451 10 2
06-17 11:06:31.133 31070 32652 I native  : Translation (after detokenizer): as threats
06-17 11:06:31.133 31070 32652 I native  : Alignment probability:
06-17 11:06:31.133 31070 32652 I native  : 	as	threats
06-17 11:06:31.133 31070 32652 I native  : 脅成	0.219608	0.699346
06-17 11:06:31.133 31070 32652 I native  : に	0.105882	0.0156863
06-17 11:06:31.133 31070 32652 I native  : なる	0.105882	0.0130719
06-17 11:06:31.133 31070 32652 I native  : と	0.2	0.0235294
06-17 11:06:31.133 31070 32652 I native  : Translation (before postprocess): as threats
06-17 11:06:31.134 31070 32654 D native  : I0617 11:06:31.134426   32654 mergeddicttrans.cc:1860] The current system has NMT.
06-17 11:06:31.134 31070 32654 D native  : I0617 11:06:31.134600   32654 mergeddicttrans.cc:1866] Sentence #0: パンシルバニアの
06-17 11:06:31.134 31070 32654 D native  : I0617 11:06:31.134685   32654 mergeddicttrans.cc:1918] To be translated by NMT.
06-17 11:06:31.151 31070 32654 I native  : I0617 11:06:31.151198   32654 mergeddicttrans.cc:1827] Sentence #0: パンシルバニアの
06-17 11:06:31.151 31070 32654 I native  : I0617 11:06:31.151466   32654 mergeddicttrans.cc:1828] 
06-17 11:06:31.151 31070 32654 I native  : Source language: ja, target language: en
06-17 11:06:31.151 31070 32654 I native  : 
06-17 11:06:31.151 31070 32654 I native  : Has period trick: 0
06-17 11:06:31.151 31070 32654 I native  : 
06-17 11:06:31.151 31070 32654 I native  : Full translation: Pantylvania
06-17 11:06:31.151 31070 32654 I native  : Translate Instance: 
06-17 11:06:31.151 31070 32654 I native  : Query (raw): パンシルバニアの
06-17 11:06:31.151 31070 32654 I native  : Query (after preprocess): パンシルバニア の
06-17 11:06:31.151 31070 32654 I native  : Query ids (after tokenizer): 83 19 195 23 131 124 59 4 2
06-17 11:06:31.151 31070 32654 I native  : Translation ids: 80 178 268 205 146 252 2
06-17 11:06:31.151 31070 32654 I native  : Translation (after detokenizer): pantylvania
06-17 11:06:31.151 31070 32654 I native  : Alignment probability:
06-17 11:06:31.151 31070 32654 I native  : 	pantylvania
06-17 11:06:31.151 31070 32654 I native  : パンシルバニア	0.892157
06-17 11:06:31.151 31070 32654 I native  : の	0.020915
06-17 11:06:31.151 31070 32654 I native  : Translation (before postprocess): pantylvania
06-17 11:06:31.153 31070 32657 D native  : I0617 11:06:31.153080   32657 mergeddicttrans.cc:1860] The current system has NMT.
06-17 11:06:31.153 31070 32657 D native  : I0617 11:06:31.153194   32657 mergeddicttrans.cc:1866] Sentence #0: 世界と、
06-17 11:06:31.153 31070 32657 D native  : I0617 11:06:31.153231   32657 mergeddicttrans.cc:1918] To be translated by NMT.
06-17 11:06:31.162 31070 32657 I native  : I0617 11:06:31.162969   32657 mergeddicttrans.cc:1827] Sentence #0: 世界と、
06-17 11:06:31.163 31070 32657 I native  : I0617 11:06:31.163043   32657 mergeddicttrans.cc:1828] 
06-17 11:06:31.163 31070 32657 I native  : Source language: ja, target language: en
06-17 11:06:31.163 31070 32657 I native  : 
06-17 11:06:31.163 31070 32657 I native  : Has period trick: 0
06-17 11:06:31.163 31070 32657 I native  : 
06-17 11:06:31.163 31070 32657 I native  : Full translation: With the world,
06-17 11:06:31.163 31070 32657 I native  : Translate Instance: 
06-17 11:06:31.163 31070 32657 I native  : Query (raw): 世界と、
06-17 11:06:31.163 31070 32657 I native  : Query (after preprocess): 世界 と ,
06-17 11:06:31.163 31070 32657 I native  : Query ids (after tokenizer): 1079 743 14 5 2
06-17 11:06:31.163 31070 32657 I native  : Translation ids: 990 3 1605 5 2
06-17 11:06:31.163 31070 32657 I native  : Translation (after detokenizer): With the world ,
06-17 11:06:31.163 31070 32657 I native  : Alignment probability:
06-17 11:06:31.163 31070 32657 I native  : 	With	the	world	,
06-17 11:06:31.163 31070 32657 I native  : 世界	0.32549	0.541176	0.752941	0.0901961
06-17 11:06:31.163 31070 32657 I native  : と	0.403922	0.286275	0.0705882	0.247059
06-17 11:06:31.163 31070 32657 I native  : ,	0.0588235	0.0235294	0.0156863	0.466667
06-17 11:06:31.163 31070 32657 I native  : Translation (before postprocess): With the world ,
06-17 11:06:31.198 31070 32659 D PipelineManager: Start process bitmap
06-17 11:06:31.217 31070  1239 I tflite  : Replacing 44 out of 46 node(s) with delegate (TfLiteXNNPackDelegate) node, yielding 3 partitions for the whole graph.
06-17 11:06:31.301 31070 32659 D PipelineManager: OCR process succeeded via visionkit pipeline.
06-17 11:06:32.273 31070 31834 W onnxruntime:  [W:onnxruntime:, nnapi_execution_provider.cc:229 GetCapability] NnapiExecutionProvider::GetCapability, number of partitions supported by NNAPI: 145 number of nodes in the graph: 1537 number of nodes supported by NNAPI: 997
06-17 11:06:32.279 31070 31834 W onnxruntime:  [W:onnxruntime:, nnapi_execution_provider.cc:229 GetCapability] NnapiExecutionProvider::GetCapability, number of partitions supported by NNAPI: 145 number of nodes in the graph: 1553 number of nodes supported by NNAPI: 1011
06-17 11:06:32.438 31070 31834 I ExecutionPlan: ExecutionPlan::SimpleBody::finish: compilation finished successfully on nnapi-reference
06-17 11:06:32.438 31070 31834 I ExecutionPlan: ExecutionPlan::SimpleBody::finish: compilation finished successfully on nnapi-reference
06-17 11:06:32.438 31070 31834 I ExecutionPlan: ExecutionPlan::SimpleBody::finish: compilation finished successfully on nnapi-reference
06-17 11:06:32.439 31070 31834 I ExecutionPlan: ExecutionPlan::SimpleBody::finish: compilation finished successfully on nnapi-reference
06-17 11:06:32.439 31070 31834 I ExecutionPlan: ExecutionPlan::SimpleBody::finish: compilation finished successfully on nnapi-reference
06-17 11:06:32.439 31070 31834 I ExecutionPlan: ExecutionPlan::SimpleBody::finish: compilation finished successfully on nnapi-reference
06-17 11:06:32.439 31070 31834 I ExecutionPlan: ExecutionPlan::SimpleBody::finish: compilation finished successfully on nnapi-reference
06-17 11:06:32.440 31070 31834 I ExecutionPlan: ExecutionPlan::SimpleBody::finish: compilation finished successfully on nnapi-reference
06-17 11:06:32.440 31070 31834 I ExecutionPlan: ExecutionPlan::SimpleBody::finish: compilation finished successfully on nnapi-reference
06-17 11:06:32.440 31070 31834 I ExecutionPlan: ExecutionPlan::SimpleBody::finish: compilation finished successfully on nnapi-reference
06-17 11:06:32.440 31070 31834 I ExecutionPlan: ExecutionPlan::SimpleBody::finish: compilation finished successfully on nnapi-reference
06-17 11:06:32.441 31070 31834 I ExecutionPlan: ExecutionPlan::SimpleBody::finish: compilation finished successfully on nnapi-reference
06-17 11:06:32.441 31070 31834 I ExecutionPlan: ExecutionPlan::SimpleBody::finish: compilation finished successfully on nnapi-reference
06-17 11:06:32.441 31070 31834 I ExecutionPlan: ExecutionPlan::SimpleBody::finish: compilation finished successfully on nnapi-reference
06-17 11:06:32.442 31070 31834 I ExecutionPlan: ExecutionPlan::SimpleBody::finish: compilation finished successfully on nnapi-reference
06-17 11:06:32.442 31070 31834 I ExecutionPlan: ExecutionPlan::SimpleBody::finish: compilation finished successfully on nnapi-reference
06-17 11:06:32.442 31070 31834 I ExecutionPlan: ExecutionPlan::SimpleBody::finish: compilation finished successfully on nnapi-reference
06-17 11:06:32.443 31070 31834 I ExecutionPlan: ExecutionPlan::SimpleBody::finish: compilation finished successfully on nnapi-reference
06-17 11:06:32.443 31070 31834 I ExecutionPlan: ExecutionPlan::SimpleBody::finish: compilation finished successfully on nnapi-reference
06-17 11:06:32.443 31070 31834 I ExecutionPlan: ExecutionPlan::SimpleBody::finish: compilation finished successfully on nnapi-reference
06-17 11:06:32.443 31070 31834 I ExecutionPlan: ExecutionPlan::SimpleBody::finish: compilation finished successfully on nnapi-reference
06-17 11:06:32.444 31070 31834 I ExecutionPlan: ExecutionPlan::SimpleBody::finish: compilation finished successfully on nnapi-reference
06-17 11:06:32.444 31070 31834 I ExecutionPlan: ExecutionPlan::SimpleBody::finish: compilation finished successfully on nnapi-reference
06-17 11:06:32.444 31070 31834 I ExecutionPlan: ExecutionPlan::SimpleBody::finish: compilation finished successfully on nnapi-reference
06-17 11:06:32.444 31070 31834 I ExecutionPlan: ExecutionPlan::SimpleBody::finish: compilation finished successfully on nnapi-reference
06-17 11:06:32.445 31070 31834 I ExecutionPlan: ExecutionPlan::SimpleBody::finish: compilation finished successfully on nnapi-reference
06-17 11:06:32.445 31070 31834 I ExecutionPlan: ExecutionPlan::SimpleBody::finish: compilation finished successfully on nnapi-reference
06-17 11:06:32.445 31070 31834 I ExecutionPlan: ExecutionPlan::SimpleBody::finish: compilation finished successfully on nnapi-reference
06-17 11:06:32.445 31070 31834 I ExecutionPlan: ExecutionPlan::SimpleBody::finish: compilation finished successfully on nnapi-reference
06-17 11:06:32.446 31070 31834 I ExecutionPlan: ExecutionPlan::SimpleBody::finish: compilation finished successfully on nnapi-reference
06-17 11:06:32.446 31070 31834 I ExecutionPlan: ExecutionPlan::SimpleBody::finish: compilation finished successfully on nnapi-reference
06-17 11:06:32.446 31070 31834 I ExecutionPlan: ExecutionPlan::SimpleBody::finish: compilation finished successfully on nnapi-reference
06-17 11:06:32.446 31070 31834 I ExecutionPlan: ExecutionPlan::SimpleBody::finish: compilation finished successfully on nnapi-reference
06-17 11:06:32.447 31070 31834 I ExecutionPlan: ExecutionPlan::SimpleBody::finish: compilation finished successfully on nnapi-reference
06-17 11:06:32.447 31070 31834 I ExecutionPlan: ExecutionPlan::SimpleBody::finish: compilation finished successfully on nnapi-reference
06-17 11:06:32.447 31070 31834 I ExecutionPlan: ExecutionPlan::SimpleBody::finish: compilation finished successfully on nnapi-reference
06-17 11:06:32.448 31070 31834 I ExecutionPlan: ExecutionPlan::SimpleBody::finish: compilation finished successfully on nnapi-reference
06-17 11:06:32.448 31070 31834 I ExecutionPlan: ExecutionPlan::SimpleBody::finish: compilation finished successfully on nnapi-reference
06-17 11:06:32.448 31070 31834 I ExecutionPlan: ExecutionPlan::SimpleBody::finish: compilation finished successfully on nnapi-reference
06-17 11:06:32.448 31070 31834 I ExecutionPlan: ExecutionPlan::SimpleBody::finish: compilation finished successfully on nnapi-reference
06-17 11:06:32.449 31070 31834 I ExecutionPlan: ExecutionPlan::SimpleBody::finish: compilation finished successfully on nnapi-reference
06-17 11:06:32.449 31070 31834 I ExecutionPlan: ExecutionPlan::SimpleBody::finish: compilation finished successfully on nnapi-reference
06-17 11:06:32.449 31070 31834 I ExecutionPlan: ExecutionPlan::SimpleBody::finish: compilation finished successfully on nnapi-reference
06-17 11:06:32.450 31070 31834 I ExecutionPlan: ExecutionPlan::SimpleBody::finish: compilation finished successfully on nnapi-reference
06-17 11:06:32.451 31070 31834 I ExecutionPlan: ExecutionPlan::SimpleBody::finish: compilation finished successfully on nnapi-reference
06-17 11:06:32.452 31070 31834 I ExecutionPlan: ExecutionPlan::SimpleBody::finish: compilation finished successfully on nnapi-reference
06-17 11:06:32.452 31070 31834 I ExecutionPlan: ExecutionPlan::SimpleBody::finish: compilation finished successfully on nnapi-reference
06-17 11:06:32.452 31070 31834 I ExecutionPlan: ExecutionPlan::SimpleBody::finish: compilation finished successfully on nnapi-reference
06-17 11:06:32.452 31070 31834 I ExecutionPlan: ExecutionPlan::SimpleBody::finish: compilation finished successfully on nnapi-reference
06-17 11:06:32.453 31070 31834 I ExecutionPlan: ExecutionPlan::SimpleBody::finish: compilation finished successfully on nnapi-reference
06-17 11:06:32.453 31070 31834 I ExecutionPlan: ExecutionPlan::SimpleBody::finish: compilation finished successfully on nnapi-reference
06-17 11:06:32.461 31070 32599 D DecoupledTextDelegate: Start loading thick OCR module.
06-17 11:06:32.461 31070 32599 I DynamiteModule: Considering local module com.google.mlkit.dynamite.text.japanese:10000 and remote module com.google.mlkit.dynamite.text.japanese:0
06-17 11:06:32.461 31070 32599 I DynamiteModule: Selected local version of com.google.mlkit.dynamite.text.japanese
06-17 11:06:32.461 31070 32599 I native  : I0000 00:00:1781669192.461814   32599 asset_manager_util.cc:61] Created global reference to asset manager.
06-17 11:06:32.467 31070  1520 I native  : I0000 00:00:1781669192.466983    1520 resource_manager.cc:23] Number of optimal threads: 6
06-17 11:06:32.467 31070  1520 I native  : I0000 00:00:1781669192.467288    1520 text_detector_thread_pool_context.cc:38] Compute manager max in flight region detector overwrite: 1
06-17 11:06:32.467 31070  1519 I native  : I0000 00:00:1781669192.467329    1519 text_classifier.cc:32] Creating classifier TfliteTextClassifier
06-17 11:06:32.467 31070  1520 I native  : I0000 00:00:1781669192.467608    1520 common_util.h:41] Resizing Thread Pool: ocr_det_0 to 3
06-17 11:06:32.467 31070  1519 I native  : I0000 00:00:1781669192.467650    1519 common_util.h:41] Resizing Thread Pool: ocr_segm to 3
06-17 11:06:32.468 31070  1520 I native  : I0000 00:00:1781669192.468049    1520 tflite_detector_client_with_shape_cache.cc:76] Interpreter threads: 6
06-17 11:06:32.469 31070  1519 I native  : I0000 00:00:1781669192.469269    1519 tflite_lstm_client_base.cc:371] Resizing interpreter pool to 4
06-17 11:06:32.469 31070  1520 I tflite  : Replacing 44 out of 46 node(s) with delegate (TfLiteXNNPackDelegate) node, yielding 3 partitions for the whole graph.
06-17 11:06:32.470 31070  1519 I native  : I0000 00:00:1781669192.470253    1519 multi_pass_line_recognition_mutator.cc:342] Preloading recognizers.
06-17 11:06:32.470 31070 32645 I native  : I0000 00:00:1781669192.470551   32645 tflite_model_pooled_runner.cc:625] Loading mlkit-google-ocr-models/gocr/gocr_models/line_recognition_legacy_mobile/Hani_ctc/optical/conv_model.fb
06-17 11:06:32.470 31070 32616 I native  : I0000 00:00:1781669192.470551   32616 tflite_model_pooled_runner.cc:625] Loading mlkit-google-ocr-models/gocr/gocr_models/line_recognition_legacy_mobile/Jpan_ctc/optical/conv_model.fb
06-17 11:06:32.470 31070 32617 I native  : I0000 00:00:1781669192.470705   32617 tflite_model_pooled_runner.cc:625] Loading mlkit-google-ocr-models/gocr/gocr_models/line_recognition_legacy_mobile/Latn_ctc/optical/conv_model.fb
06-17 11:06:32.470 31070 32645 I native  : I0000 00:00:1781669192.470952   32645 tflite_model_pooled_runner.cc:636] Loading mlkit-google-ocr-models/gocr/gocr_models/line_recognition_legacy_mobile/Hani_ctc/optical/lstm_model.fb
06-17 11:06:32.471 31070  1520 I native  : I0000 00:00:1781669192.470772    1520 tflite_detector_client_with_shape_cache.cc:105] Caching size: 10
06-17 11:06:32.471 31070 32616 I native  : I0000 00:00:1781669192.471488   32616 tflite_model_pooled_runner.cc:636] Loading mlkit-google-ocr-models/gocr/gocr_models/line_recognition_legacy_mobile/Jpan_ctc/optical/lstm_model.fb
06-17 11:06:32.472 31070  1520 I native  : I0000 00:00:1781669192.472266    1520 tflite_model_pooled_runner.cc:625] Loading mlkit-google-ocr-models/gocr/layout/line_splitting_custom_ops/model.tflite
06-17 11:06:32.472 31070  1520 I native  : I0000 00:00:1781669192.472597    1520 tflite_model_pooled_runner.cc:836] Resizing interpreter pool to 1
06-17 11:06:32.472 31070  1520 I native  : I0000 00:00:1781669192.472848    1520 tflite_model_pooled_runner.cc:625] Loading mlkit-google-ocr-models/gocr/layout/line_clustering_custom_ops/model.tflite
06-17 11:06:32.473 31070  1520 I native  : I0000 00:00:1781669192.473079    1520 tflite_model_pooled_runner.cc:836] Resizing interpreter pool to 1
06-17 11:06:32.474 31070 32617 I native  : I0000 00:00:1781669192.474303   32617 tflite_model_pooled_runner.cc:636] Loading mlkit-google-ocr-models/gocr/gocr_models/line_recognition_legacy_mobile/Latn_ctc/optical/lstm_model.fb
06-17 11:06:32.478 31070 32616 I native  : I0000 00:00:1781669192.478771   32616 tflite_model_pooled_runner.cc:836] Resizing interpreter pool to 4
06-17 11:06:32.479 31070 32645 I native  : I0000 00:00:1781669192.478858   32645 tflite_model_pooled_runner.cc:836] Resizing interpreter pool to 4
06-17 11:06:32.482 31070 32616 I native  : I0000 00:00:1781669192.482598   32616 mobile_langid_v2.cc:58] MobileLangID V2 initialized.
06-17 11:06:32.482 31070 32616 I native  : I0000 00:00:1781669192.482683   32616 multi_pass_line_recognition_mutator.cc:364] Finished preloading a recognizer for "Jpan"
06-17 11:06:32.482 31070 32617 I native  : I0000 00:00:1781669192.482936   32617 tflite_model_pooled_runner.cc:836] Resizing interpreter pool to 4
06-17 11:06:32.483 31070 32645 I native  : I0000 00:00:1781669192.483396   32645 mobile_langid_v2.cc:58] MobileLangID V2 initialized.
06-17 11:06:32.483 31070 32645 I native  : I0000 00:00:1781669192.483477   32645 multi_pass_line_recognition_mutator.cc:364] Finished preloading a recognizer for "Hani"
06-17 11:06:32.489 31070 32617 I native  : I0000 00:00:1781669192.489604   32617 mobile_langid_v2.cc:58] MobileLangID V2 initialized.
06-17 11:06:32.490 31070 32617 I native  : I0000 00:00:1781669192.490003   32617 multi_pass_line_recognition_mutator.cc:364] Finished preloading a recognizer for "Latn"
06-17 11:06:32.490 31070  1519 I native  : I0000 00:00:1781669192.490273    1519 multi_pass_line_recognition_mutator.cc:398] Finished preloading recognizers.
06-17 11:06:32.491 31070 32599 D PipelineManager: Start process bitmap
06-17 11:06:32.503 31070  1519 I tflite  : Replacing 44 out of 46 node(s) with delegate (TfLiteXNNPackDelegate) node, yielding 3 partitions for the whole graph.
06-17 11:06:32.514 31070  1519 I tflite  : Replacing 44 out of 46 node(s) with delegate (TfLiteXNNPackDelegate) node, yielding 3 partitions for the whole graph.
06-17 11:06:32.532 31070  1519 I tflite  : Replacing 44 out of 46 node(s) with delegate (TfLiteXNNPackDelegate) node, yielding 3 partitions for the whole graph.
06-17 11:06:32.557 31070  1519 I tflite  : Replacing 44 out of 46 node(s) with delegate (TfLiteXNNPackDelegate) node, yielding 3 partitions for the whole graph.
06-17 11:06:32.568 31070  1519 I tflite  : Replacing 44 out of 46 node(s) with delegate (TfLiteXNNPackDelegate) node, yielding 3 partitions for the whole graph.
06-17 11:06:32.618 31070 32599 D PipelineManager: OCR process succeeded via visionkit pipeline.
06-17 11:06:32.735 31070 32649 D native  : I0617 11:06:32.735468   32649 mergeddicttrans.cc:1860] The current system has NMT.
06-17 11:06:32.735 31070 32649 D native  : I0617 11:06:32.735635   32649 mergeddicttrans.cc:1866] Sentence #0: 「親友」 である限り..
06-17 11:06:32.735 31070 32649 D native  : I0617 11:06:32.735698   32649 mergeddicttrans.cc:1918] To be translated by NMT.
06-17 11:06:32.758 31070 32649 I native  : I0617 11:06:32.758335   32649 mergeddicttrans.cc:1827] Sentence #0: 「親友」 である限り..
06-17 11:06:32.758 31070 32649 I native  : I0617 11:06:32.758439   32649 mergeddicttrans.cc:1828] 
06-17 11:06:32.758 31070 32649 I native  : Source language: ja, target language: en
06-17 11:06:32.758 31070 32649 I native  : 
06-17 11:06:32.758 31070 32649 I native  : Has period trick: 0
06-17 11:06:32.758 31070 32649 I native  : 
06-17 11:06:32.758 31070 32649 I native  : Full translation: As long as "best friend" ..
06-17 11:06:32.758 31070 32649 I native  : Translate Instance: 
06-17 11:06:32.758 31070 32649 I native  : Query (raw): 「親友」 である限り..
06-17 11:06:32.758 31070 32649 I native  : Query (after preprocess): 「 親友 」 である 限り ..
06-17 11:06:32.758 31070 32649 I native  : Query ids (after tokenizer): 171 3 1447 1743 173 64 945 115 6 62 2
06-17 11:06:32.758 31070 32649 I native  : Translation ids: 242 690 27 34 2011 2668 34 4 64 2
06-17 11:06:32.758 31070 32649 I native  : Translation (after detokenizer): As long as " best friend " ..
06-17 11:06:32.758 31070 32649 I native  : Alignment probability:
06-17 11:06:32.758 31070 32649 I native  : 	As	long	as	"	best	friend	"	..
06-17 11:06:32.758 31070 32649 I native  : 「	0.0784314	0.0823529	0.0392157	0.439216	0.0313726	0	0.0117647	0.0117647
06-17 11:06:32.758 31070 32649 I native  : 親友	0.0352941	0.054902	0.188235	0.12549	0.882353	0.988235	0.14902	0.00392157
06-17 11:06:32.758 31070 32649 I native  : 」	0.00784314	0.00392157	0.0156863	0.0117647	0.0313726	0.00392157	0.588235	0.0156863
06-17 11:06:32.758 31070 32649 I native  : である	0.0980392	0.0823529	0.0588235	0.286275	0.0117647	0	0.0196078	0.0607843
06-17 11:06:32.758 31070 32649 I native  : 限り	0.623529	0.729412	0.145098	0.0941176	0.00392157	0	0.0392157	0.0960784
06-17 11:06:32.758 31070 32649 I native  : ..	0.129412	0.0156863	0.0509804	0.0352941	0.00392157	0.00392157	0.0901961	0.529412
06-17 11:06:32.758 31070 32649 I native  : Translation (before postprocess): As long as " best friend " ..
06-17 11:06:32.760 31070 32651 D native  : I0617 11:06:32.760011   32651 mergeddicttrans.cc:1860] The current system has NMT.
06-17 11:06:32.760 31070 32651 D native  : I0617 11:06:32.760059   32651 mergeddicttrans.cc:1866] Sentence #0: 拓こうとする
06-17 11:06:32.760 31070 32651 D native  : I0617 11:06:32.760085   32651 mergeddicttrans.cc:1918] To be translated by NMT.
06-17 11:06:32.770 31070 32651 I native  : I0617 11:06:32.770522   32651 mergeddicttrans.cc:1827] Sentence #0: 拓こうとする
06-17 11:06:32.770 31070 32651 I native  : I0617 11:06:32.770609   32651 mergeddicttrans.cc:1828] 
06-17 11:06:32.770 31070 32651 I native  : Source language: ja, target language: en
06-17 11:06:32.770 31070 32651 I native  : 
06-17 11:06:32.770 31070 32651 I native  : Has period trick: 0
06-17 11:06:32.770 31070 32651 I native  : 
06-17 11:06:32.770 31070 32651 I native  : Full translation: Pioneer
06-17 11:06:32.770 31070 32651 I native  : Translate Instance: 
06-17 11:06:32.770 31070 32651 I native  : Query (raw): 拓こうとする
06-17 11:06:32.770 31070 32651 I native  : Query (after preprocess): 拓こ う と する
06-17 11:06:32.770 31070 32651 I native  : Query ids (after tokenizer): 3 2973 730 537 14 13 2
06-17 11:06:32.770 31070 32651 I native  : Translation ids: 80 254 3325 2
06-17 11:06:32.770 31070 32651 I native  : Translation (after detokenizer): pioneer
06-17 11:06:32.770 31070 32651 I native  : Alignment probability:
06-17 11:06:32.770 31070 32651 I native  : 	pioneer
06-17 11:06:32.770 31070 32651 I native  : 拓こ	0.402614
06-17 11:06:32.770 31070 32651 I native  : う	0.0287582
06-17 11:06:32.770 31070 32651 I native  : と	0.0352941
06-17 11:06:32.770 31070 32651 I native  : する	0.0614379
06-17 11:06:32.770 31070 32651 I native  : Translation (before postprocess): pioneer
06-17 11:06:32.772 31070 32652 D native  : I0617 11:06:32.772825   32652 mergeddicttrans.cc:1860] The current system has NMT.
06-17 11:06:32.772 31070 32652 D native  : I0617 11:06:32.772877   32652 mergeddicttrans.cc:1866] Sentence #0: 全力で道を
06-17 11:06:32.772 31070 32652 D native  : I0617 11:06:32.772907   32652 mergeddicttrans.cc:1918] To be translated by NMT.
06-17 11:06:32.786 31070 32652 I native  : I0617 11:06:32.786192   32652 mergeddicttrans.cc:1827] Sentence #0: 全力で道を
06-17 11:06:32.786 31070 32652 I native  : I0617 11:06:32.786272   32652 mergeddicttrans.cc:1828] 
06-17 11:06:32.786 31070 32652 I native  : Source language: ja, target language: en
06-17 11:06:32.786 31070 32652 I native  : 
06-17 11:06:32.786 31070 32652 I native  : Has period trick: 0
06-17 11:06:32.786 31070 32652 I native  : 
06-17 11:06:32.786 31070 32652 I native  : Full translation: Road with all my strength
06-17 11:06:32.786 31070 32652 I native  : Translate Instance: 
06-17 11:06:32.786 31070 32652 I native  : Query (raw): 全力で道を
06-17 11:06:32.786 31070 32652 I native  : Query (after preprocess): 全力 で 道 を
06-17 11:06:32.786 31070 32652 I native  : Query ids (after tokenizer): 464 426 16 1647 7 2
06-17 11:06:32.786 31070 32652 I native  : Translation ids: 57 2023 25 210 1213 1836 2
06-17 11:06:32.786 31070 32652 I native  : Translation (after detokenizer): Road with all my strength
06-17 11:06:32.786 31070 32652 I native  : Alignment probability:
06-17 11:06:32.786 31070 32652 I native  : 	Road	with	all	my	strength
06-17 11:06:32.786 31070 32652 I native  : 全力	0.141176	0.14902	0.862745	0.74902	0.843137
06-17 11:06:32.786 31070 32652 I native  : で	0.0764706	0.517647	0.0392157	0.0196078	0.00392157
06-17 11:06:32.786 31070 32652 I native  : 道	0.576471	0.0941176	0.0313726	0.0117647	0.0156863
06-17 11:06:32.786 31070 32652 I native  : を	0.1	0.180392	0.00392157	0.00784314	0
06-17 11:06:32.786 31070 32652 I native  : Translation (before postprocess): Road with all my strength
06-17 11:06:32.788 31070 32654 D native  : I0617 11:06:32.788221   32654 mergeddicttrans.cc:1860] The current system has NMT.
06-17 11:06:32.788 31070 32654 D native  : I0617 11:06:32.788365   32654 mergeddicttrans.cc:1866] Sentence #0: わが身を顧みず
06-17 11:06:32.788 31070 32654 D native  : I0617 11:06:32.788445   32654 mergeddicttrans.cc:1918] To be translated by NMT.
06-17 11:06:32.809 31070 32654 I native  : I0617 11:06:32.809618   32654 mergeddicttrans.cc:1827] Sentence #0: わが身を顧みず
06-17 11:06:32.809 31070 32654 I native  : I0617 11:06:32.809768   32654 mergeddicttrans.cc:1828] 
06-17 11:06:32.809 31070 32654 I native  : Source language: ja, target language: en
06-17 11:06:32.809 31070 32654 I native  : 
06-17 11:06:32.809 31070 32654 I native  : Has period trick: 0
06-17 11:06:32.809 31070 32654 I native  : 
06-17 11:06:32.809 31070 32654 I native  : Full translation: Do not look as
06-17 11:06:32.809 31070 32654 I native  : Translate Instance: 
06-17 11:06:32.809 31070 32654 I native  : Query (raw): わが身を顧みず
06-17 11:06:32.809 31070 32654 I native  : Query (after preprocess): わが 身 を 顧み ず
06-17 11:06:32.809 31070 32654 I native  : Query ids (after tokenizer): 1188 740 3 1384 7 3 1707 189 1003 2
06-17 11:06:32.809 31070 32654 I native  : Translation ids: 1440 53 2454 27 2
06-17 11:06:32.809 31070 32654 I native  : Translation (after detokenizer): Do not look as
06-17 11:06:32.809 31070 32654 I native  : Alignment probability:
06-17 11:06:32.809 31070 32654 I native  : 	Do	not	look	as
06-17 11:06:32.809 31070 32654 I native  : わが	0.180392	0.145098	0.0431373	0.12549
06-17 11:06:32.809 31070 32654 I native  : 身	0.0156863	0.00392157	0.129412	0.101961
06-17 11:06:32.809 31070 32654 I native  : を	0.027451	0.0313726	0.0431373	0.392157
06-17 11:06:32.809 31070 32654 I native  : 顧み	0.235294	0.101961	0.721569	0.184314
06-17 11:06:32.809 31070 32654 I native  : ず	0.423529	0.47451	0.0117647	0.0313726
06-17 11:06:32.809 31070 32654 I native  : Translation (before postprocess): Do not look as
06-17 11:06:32.811 31070 32657 D native  : I0617 11:06:32.811835   32657 mergeddicttrans.cc:1860] The current system has NMT.
06-17 11:06:32.811 31070 32657 D native  : I0617 11:06:32.811947   32657 mergeddicttrans.cc:1866] Sentence #0: なりたいと思う!
06-17 11:06:32.811 31070 32657 D native  : I0617 11:06:32.811980   32657 mergeddicttrans.cc:1918] To be translated by NMT.
06-17 11:06:32.830 31070 32657 I native  : I0617 11:06:32.830656   32657 mergeddicttrans.cc:1827] Sentence #0: なりたいと思う!
06-17 11:06:32.830 31070 32657 I native  : I0617 11:06:32.830754   32657 mergeddicttrans.cc:1828] 
06-17 11:06:32.830 31070 32657 I native  : Source language: ja, target language: en
06-17 11:06:32.830 31070 32657 I native  : 
06-17 11:06:32.830 31070 32657 I native  : Has period trick: 0
06-17 11:06:32.830 31070 32657 I native  : 
06-17 11:06:32.830 31070 32657 I native  : Full translation: I want to be!
06-17 11:06:32.830 31070 32657 I native  : Translate Instance: 
06-17 11:06:32.830 31070 32657 I native  : Query (raw): なりたいと思う!
06-17 11:06:32.830 31070 32657 I native  : Query (after preprocess): なり たい と 思う !
06-17 11:06:32.830 31070 32657 I native  : Query ids (after tokenizer): 557 1221 14 1557 368 723 2
06-17 11:06:32.830 31070 32657 I native  : Translation ids: 63 799 7 20 430 2
06-17 11:06:32.830 31070 32657 I native  : Translation (after detokenizer): I want to be !
06-17 11:06:32.830 31070 32657 I native  : Alignment probability:
06-17 11:06:32.830 31070 32657 I native  : 	I	want	to	be	!
06-17 11:06:32.830 31070 32657 I native  : なり	0.0313726	0.0392157	0.341176	0.733333	0.329412
06-17 11:06:32.830 31070 32657 I native  : たい	0.219608	0.501961	0.117647	0.0313726	0.0392157
06-17 11:06:32.830 31070 32657 I native  : と	0.145098	0.176471	0.0784314	0.0156863	0.027451
06-17 11:06:32.830 31070 32657 I native  : 思う	0.447059	0.188235	0.027451	0.00392157	0.0117647
06-17 11:06:32.830 31070 32657 I native  : !	0.0627451	0.0196078	0.0980392	0.0470588	0.329412
06-17 11:06:32.830 31070 32657 I native  : Translation (before postprocess): I want to be !
06-17 11:06:32.833 31070 32659 D native  : I0617 11:06:32.833617   32659 mergeddicttrans.cc:1860] The current system has NMT.
06-17 11:06:32.833 31070 32659 D native  : I0617 11:06:32.833678   32659 mergeddicttrans.cc:1866] Sentence #0: あなたたちの力に
06-17 11:06:32.833 31070 32659 D native  : I0617 11:06:32.833707   32659 mergeddicttrans.cc:1918] To be translated by NMT.
06-17 11:06:32.848 31070 32659 I native  : I0617 11:06:32.848052   32659 mergeddicttrans.cc:1827] Sentence #0: あなたたちの力に
06-17 11:06:32.848 31070 32659 I native  : I0617 11:06:32.848251   32659 mergeddicttrans.cc:1828] 
06-17 11:06:32.848 31070 32659 I native  : Source language: ja, target language: en
06-17 11:06:32.848 31070 32659 I native  : 
06-17 11:06:32.848 31070 32659 I native  : Has period trick: 0
06-17 11:06:32.848 31070 32659 I native  : 
06-17 11:06:32.848 31070 32659 I native  : Full translation: To your power
06-17 11:06:32.848 31070 32659 I native  : Translate Instance: 
06-17 11:06:32.848 31070 32659 I native  : Query (raw): あなたたちの力に
06-17 11:06:32.848 31070 32659 I native  : Query (after preprocess): あなたたち の 力 に
06-17 11:06:32.848 31070 32659 I native  : Query ids (after tokenizer): 958 398 333 4 1158 8 2
06-17 11:06:32.848 31070 32659 I native  : Translation ids: 7 301 323 2
06-17 11:06:32.848 31070 32659 I native  : Translation (after detokenizer): to your power
06-17 11:06:32.848 31070 32659 I native  : Alignment probability:
06-17 11:06:32.848 31070 32659 I native  : 	to	your	power
06-17 11:06:32.848 31070 32659 I native  : あなたたち	0.380392	0.592157	0.176471
06-17 11:06:32.848 31070 32659 I native  : の	0.0196078	0.0509804	0.141176
06-17 11:06:32.848 31070 32659 I native  : 力	0.0313726	0.0980392	0.619608
06-17 11:06:32.848 31070 32659 I native  : に	0.254902	0.0784314	0.00392157
06-17 11:06:32.848 31070 32659 I native  : Translation (before postprocess): to your power
06-17 11:06:32.849 31070 32598 D native  : I0617 11:06:32.849620   32598 mergeddicttrans.cc:1860] The current system has NMT.
06-17 11:06:32.849 31070 32598 D native  : I0617 11:06:32.849693   32598 mergeddicttrans.cc:1866] Sentence #0: だどいても..!
06-17 11:06:32.849 31070 32598 D native  : I0617 11:06:32.849723   32598 mergeddicttrans.cc:1918] To be translated by NMT.
06-17 11:06:32.871 31070 32598 I native  : I0617 11:06:32.871040   32598 mergeddicttrans.cc:1827] Sentence #0: だどいても..!
06-17 11:06:32.871 31070 32598 I native  : I0617 11:06:32.871119   32598 mergeddicttrans.cc:1828] 
06-17 11:06:32.871 31070 32598 I native  : Source language: ja, target language: en
06-17 11:06:32.871 31070 32598 I native  : 
06-17 11:06:32.871 31070 32598 I native  : Has period trick: 0
06-17 11:06:32.871 31070 32598 I native  : 
06-17 11:06:32.871 31070 32598 I native  : Full translation: Even if it is good ..!
06-17 11:06:32.871 31070 32598 I native  : Translate Instance: 
06-17 11:06:32.871 31070 32598 I native  : Query (raw): だどいても..!
06-17 11:06:32.871 31070 32598 I native  : Query (after preprocess): だどい て も .. !
06-17 11:06:32.871 31070 32598 I native  : Query ids (after tokenizer): 804 1010 44 12 54 6 62 723 2
06-17 11:06:32.871 31070 32598 I native  : Translation ids: 2697 264 70 11 1171 4 64 430 2
06-17 11:06:32.871 31070 32598 I native  : Translation (after detokenizer): Even if it is good .. !
06-17 11:06:32.871 31070 32598 I native  : Alignment probability:
06-17 11:06:32.871 31070 32598 I native  : 	Even	if	it	is	good	..	!
06-17 11:06:32.871 31070 32598 I native  : だどい	0.478431	0.501961	0.627451	0.545098	0.568627	0.268627	0.00392157
06-17 11:06:32.871 31070 32598 I native  : て	0.156863	0.301961	0.176471	0.0862745	0.0431373	0.0490196	0
06-17 11:06:32.871 31070 32598 I native  : も	0.192157	0.0705882	0.0117647	0.0156863	0.054902	0.0254902	0.00784314
06-17 11:06:32.871 31070 32598 I native  : ..	0.0901961	0.0862745	0.0823529	0.0941176	0.160784	0.466667	0.0862745
06-17 11:06:32.871 31070 32598 I native  : !	0.0196078	0	0.00784314	0.0235294	0.0156863	0.054902	0.705882
06-17 11:06:32.871 31070 32598 I native  : Translation (before postprocess): Even if it is good .. !
06-17 11:06:32.872 31070 32599 D native  : I0617 11:06:32.872471   32599 mergeddicttrans.cc:1860] The current system has NMT.
06-17 11:06:32.872 31070 32599 D native  : I0617 11:06:32.872531   32599 mergeddicttrans.cc:1866] Sentence #0: 郵った相手
06-17 11:06:32.872 31070 32599 D native  : I0617 11:06:32.872559   32599 mergeddicttrans.cc:1918] To be translated by NMT.
06-17 11:06:32.884 31070 32599 I native  : I0617 11:06:32.884371   32599 mergeddicttrans.cc:1827] Sentence #0: 郵った相手
06-17 11:06:32.884 31070 32599 I native  : I0617 11:06:32.884459   32599 mergeddicttrans.cc:1828] 
06-17 11:06:32.884 31070 32599 I native  : Source language: ja, target language: en
06-17 11:06:32.884 31070 32599 I native  : 
06-17 11:06:32.884 31070 32599 I native  : Has period trick: 0
06-17 11:06:32.884 31070 32599 I native  : 
06-17 11:06:32.884 31070 32599 I native  : Full translation: Partner posted
06-17 11:06:32.884 31070 32599 I native  : Translate Instance: 
06-17 11:06:32.884 31070 32599 I native  : Query (raw): 郵った相手
06-17 11:06:32.884 31070 32599 I native  : Query (after preprocess): 郵っ た 相手
06-17 11:06:32.884 31070 32599 I native  : Query ids (after tokenizer): 3 2326 88 15 632 1171 2
06-17 11:06:32.884 31070 32599 I native  : Translation ids: 345 1139 1921 14 2
06-17 11:06:32.884 31070 32599 I native  : Translation (after detokenizer): partner posted
06-17 11:06:32.884 31070 32599 I native  : Alignment probability:
06-17 11:06:32.884 31070 32599 I native  : 	partner	posted
06-17 11:06:32.884 31070 32599 I native  : 郵っ	0.180392	0.5
06-17 11:06:32.884 31070 32599 I native  : た	0.072549	0.0647059
06-17 11:06:32.884 31070 32599 I native  : 相手	0.562745	0.101961
06-17 11:06:32.884 31070 32599 I native  : Translation (before postprocess): partner posted
06-17 11:06:32.885 31070 32649 D native  : I0617 11:06:32.885757   32649 mergeddicttrans.cc:1860] The current system has NMT.
06-17 11:06:32.885 31070 32649 D native  : I0617 11:06:32.885814   32649 mergeddicttrans.cc:1866] Sentence #0: 数いたい一心で
06-17 11:06:32.885 31070 32649 D native  : I0617 11:06:32.885842   32649 mergeddicttrans.cc:1918] To be translated by NMT.
06-17 11:06:32.901 31070 32649 I native  : I0617 11:06:32.901685   32649 mergeddicttrans.cc:1827] Sentence #0: 数いたい一心で
06-17 11:06:32.901 31070 32649 I native  : I0617 11:06:32.901778   32649 mergeddicttrans.cc:1828] 
06-17 11:06:32.901 31070 32649 I native  : Source language: ja, target language: en
06-17 11:06:32.901 31070 32649 I native  : 
06-17 11:06:32.901 31070 32649 I native  : Has period trick: 0
06-17 11:06:32.901 31070 32649 I native  : 
06-17 11:06:32.901 31070 32649 I native  : Full translation: A number of hearts
06-17 11:06:32.901 31070 32649 I native  : Translate Instance: 
06-17 11:06:32.901 31070 32649 I native  : Query (raw): 数いたい一心で
06-17 11:06:32.901 31070 32649 I native  : Query (after preprocess): 数いたい 一心 で
06-17 11:06:32.901 31070 32649 I native  : Query ids (after tokenizer): 308 44 398 44 107 1027 16 2
06-17 11:06:32.901 31070 32649 I native  : Translation ids: 46 274 6 2983 587 2
06-17 11:06:32.901 31070 32649 I native  : Translation (after detokenizer): A number of hearts
06-17 11:06:32.901 31070 32649 I native  : Alignment probability:
06-17 11:06:32.901 31070 32649 I native  : 	A	number	of	hearts
06-17 11:06:32.901 31070 32649 I native  : 数いたい	0.372549	0.254902	0.733333	0.203922
06-17 11:06:32.901 31070 32649 I native  : 一心	0.4	0.454902	0.172549	0.415686
06-17 11:06:32.901 31070 32649 I native  : で	0.141176	0.0235294	0.0392157	0.0254902
06-17 11:06:32.901 31070 32649 I native  : Translation (before postprocess): A number of hearts
06-17 11:06:32.902 31070 32651 D native  : I0617 11:06:32.902908   32651 mergeddicttrans.cc:1860] The current system has NMT.
06-17 11:06:32.902 31070 32651 D native  : I0617 11:06:32.902961   32651 mergeddicttrans.cc:1866] Sentence #0: 大切な人を
06-17 11:06:32.902 31070 32651 D native  : I0617 11:06:32.902985   32651 mergeddicttrans.cc:1918] To be translated by NMT.
06-17 11:06:32.914 31070 32651 I native  : I0617 11:06:32.914215   32651 mergeddicttrans.cc:1827] Sentence #0: 大切な人を
06-17 11:06:32.914 31070 32651 I native  : I0617 11:06:32.914316   32651 mergeddicttrans.cc:1828] 
06-17 11:06:32.914 31070 32651 I native  : Source language: ja, target language: en
06-17 11:06:32.914 31070 32651 I native  : 
06-17 11:06:32.914 31070 32651 I native  : Has period trick: 0
06-17 11:06:32.914 31070 32651 I native  : 
06-17 11:06:32.914 31070 32651 I native  : Full translation: An important person
06-17 11:06:32.914 31070 32651 I native  : Translate Instance: 
06-17 11:06:32.914 31070 32651 I native  : Query (raw): 大切な人を
06-17 11:06:32.914 31070 32651 I native  : Query (after preprocess): 大切 な 人 を
06-17 11:06:32.914 31070 32651 I native  : Query ids (after tokenizer): 445 1028 26 413 7 2
06-17 11:06:32.914 31070 32651 I native  : Translation ids: 327 1401 1804 2
06-17 11:06:32.914 31070 32651 I native  : Translation (after detokenizer): An important person
06-17 11:06:32.914 31070 32651 I native  : Alignment probability:
06-17 11:06:32.914 31070 32651 I native  : 	An	important	person
06-17 11:06:32.914 31070 32651 I native  : 大切	0.576471	0.788235	0.12549
06-17 11:06:32.914 31070 32651 I native  : な	0.0313726	0.0156863	0.027451
06-17 11:06:32.914 31070 32651 I native  : 人	0.105882	0.0117647	0.666667
06-17 11:06:32.914 31070 32651 I native  : を	0.129412	0.00784314	0.027451
06-17 11:06:32.914 31070 32651 I native  : Translation (before postprocess): An important person
06-17 11:06:32.915 31070 32652 D native  : I0617 11:06:32.915341   32652 mergeddicttrans.cc:1860] The current system has NMT.
06-17 11:06:32.915 31070 32652 D native  : I0617 11:06:32.915393   32652 mergeddicttrans.cc:1866] Sentence #0: でも今ままで通り
06-17 11:06:32.915 31070 32652 D native  : I0617 11:06:32.915416   32652 mergeddicttrans.cc:1918] To be translated by NMT.
06-17 11:06:32.929 31070 32652 I native  : I0617 11:06:32.929584   32652 mergeddicttrans.cc:1827] Sentence #0: でも今ままで通り
06-17 11:06:32.929 31070 32652 I native  : I0617 11:06:32.929675   32652 mergeddicttrans.cc:1828] 
06-17 11:06:32.929 31070 32652 I native  : Source language: ja, target language: en
06-17 11:06:32.929 31070 32652 I native  : 
06-17 11:06:32.929 31070 32652 I native  : Has period trick: 0
06-17 11:06:32.929 31070 32652 I native  : 
06-17 11:06:32.929 31070 32652 I native  : Full translation: But now it is
06-17 11:06:32.929 31070 32652 I native  : Translate Instance: 
06-17 11:06:32.929 31070 32652 I native  : Query (raw): でも今ままで通り
06-17 11:06:32.929 31070 32652 I native  : Query (after preprocess): でも 今まま で 通り
06-17 11:06:32.929 31070 32652 I native  : Query ids (after tokenizer): 16 300 1031 194 194 16 414 115 2
06-17 11:06:32.929 31070 32652 I native  : Translation ids: 2536 1561 70 11 2
06-17 11:06:32.929 31070 32652 I native  : Translation (after detokenizer): But now it is
06-17 11:06:32.929 31070 32652 I native  : Alignment probability:
06-17 11:06:32.929 31070 32652 I native  : 	But	now	it	is
06-17 11:06:32.929 31070 32652 I native  : でも	0.65098	0.054902	0.0117647	0.00392157
06-17 11:06:32.929 31070 32652 I native  : 今まま	0.101961	0.490196	0.231373	0.333333
06-17 11:06:32.929 31070 32652 I native  : で	0.0470588	0.109804	0.188235	0.0980392
06-17 11:06:32.929 31070 32652 I native  : 通り	0.156863	0.333333	0.419608	0.423529
06-17 11:06:32.929 31070 32652 I native  : Translation (before postprocess): But now it is
06-17 11:06:32.938 31070 32654 D native  : I0617 11:06:32.938065   32654 mergeddicttrans.cc:1860] The current system has NMT.
06-17 11:06:32.938 31070 32654 D native  : I0617 11:06:32.938397   32654 mergeddicttrans.cc:1866] Sentence #0: 心の底から!
06-17 11:06:32.938 31070 32654 D native  : I0617 11:06:32.938566   32654 mergeddicttrans.cc:1918] To be translated by NMT.
06-17 11:06:32.970 31070 32654 I native  : I0617 11:06:32.970379   32654 mergeddicttrans.cc:1827] Sentence #0: 心の底から!
06-17 11:06:32.970 31070 32654 I native  : I0617 11:06:32.970555   32654 mergeddicttrans.cc:1828] 
06-17 11:06:32.970 31070 32654 I native  : Source language: ja, target language: en
06-17 11:06:32.970 31070 32654 I native  : 
06-17 11:06:32.970 31070 32654 I native  : Has period trick: 0
06-17 11:06:32.970 31070 32654 I native  : 
06-17 11:06:32.970 31070 32654 I native  : Full translation: From the bottom of my heart!
06-17 11:06:32.970 31070 32654 I native  : Translate Instance: 
06-17 11:06:32.970 31070 32654 I native  : Query (raw): 心の底から!
06-17 11:06:32.970 31070 32654 I native  : Query (after preprocess): 心 の 底 から !
06-17 11:06:32.970 31070 32654 I native  : Query ids (after tokenizer): 1391 4 3 1692 56 723 2
06-17 11:06:32.970 31070 32654 I native  : Translation ids: 1737 3 2314 6 1213 2456 430 2
06-17 11:06:32.970 31070 32654 I native  : Translation (after detokenizer): From the bottom of my heart !
06-17 11:06:32.970 31070 32654 I native  : Alignment probability:
06-17 11:06:32.970 31070 32654 I native  : 	From	the	bottom	of	my	heart	!
06-17 11:06:32.970 31070 32654 I native  : 心	0.0431373	0.270588	0.2	0.2	0.882353	0.894118	0.0666667
06-17 11:06:32.970 31070 32654 I native  : の	0.00392157	0.0196078	0.00784314	0.247059	0.00392157	0.00392157	0.0196078
06-17 11:06:32.970 31070 32654 I native  : 底	0.0941176	0.580392	0.776471	0.176471	0.0196078	0.0235294	0.054902
06-17 11:06:32.970 31070 32654 I native  : から	0.701961	0.0627451	0.00392157	0.0862745	0	0	0.0784314
06-17 11:06:32.970 31070 32654 I native  : !	0.054902	0.0196078	0	0.160784	0.0117647	0.00784314	0.662745
06-17 11:06:32.970 31070 32654 I native  : Translation (before postprocess): From the bottom of my heart !
06-17 11:06:32.972 31070 32657 D native  : I0617 11:06:32.972387   32657 mergeddicttrans.cc:1860] The current system has NMT.
06-17 11:06:32.972 31070 32657 D native  : I0617 11:06:32.972670   32657 mergeddicttrans.cc:1866] Sentence #0: -Hミシオの宿を
06-17 11:06:32.972 31070 32657 D native  : I0617 11:06:32.972801   32657 mergeddicttrans.cc:1918] To be translated by NMT.
06-17 11:06:32.995 31070 32657 I native  : I0617 11:06:32.995485   32657 mergeddicttrans.cc:1827] Sentence #0: -Hミシオの宿を
06-17 11:06:32.995 31070 32657 I native  : I0617 11:06:32.995578   32657 mergeddicttrans.cc:1828] 
06-17 11:06:32.995 31070 32657 I native  : Source language: ja, target language: en
06-17 11:06:32.995 31070 32657 I native  : 
06-17 11:06:32.995 31070 32657 I native  : Has period trick: 0
06-17 11:06:32.995 31070 32657 I native  : 
06-17 11:06:32.995 31070 32657 I native  : Full translation: -H Missio hotel
06-17 11:06:32.995 31070 32657 I native  : Translate Instance: 
06-17 11:06:32.995 31070 32657 I native  : Query (raw): -Hミシオの宿を
06-17 11:06:32.995 31070 32657 I native  : Query (after preprocess): -h ミシオ の 宿 を
06-17 11:06:32.995 31070 32657 I native  : Query ids (after tokenizer): 121 80 762 195 319 4 3 1516 7 2
06-17 11:06:32.995 31070 32657 I native  : Translation ids: 15 214 33 1310 509 745 2
06-17 11:06:32.995 31070 32657 I native  : Translation (after detokenizer): -h Missio hotel
06-17 11:06:32.995 31070 32657 I native  : Alignment probability:
06-17 11:06:32.995 31070 32657 I native  : 	-h	Missio	hotel
06-17 11:06:32.995 31070 32657 I native  : -h	0.856863	0.0849673	0
06-17 11:06:32.995 31070 32657 I native  : ミシオ	0.0352941	0.768627	0.00784314
06-17 11:06:32.995 31070 32657 I native  : の	0.00980392	0.0235294	0.278431
06-17 11:06:32.995 31070 32657 I native  : 宿	0.0411765	0.0522876	0.65098
06-17 11:06:32.995 31070 32657 I native  : を	0.0352941	0.0183007	0.0431373
06-17 11:06:32.995 31070 32657 I native  : Translation (before postprocess): -h Missio hotel
06-17 11:06:32.997 31070 32659 D native  : I0617 11:06:32.997463   32659 mergeddicttrans.cc:1860] The current system has NMT.
06-17 11:06:32.997 31070 32659 D native  : I0617 11:06:32.997541   32659 mergeddicttrans.cc:1866] Sentence #0: たとえあなただちが
06-17 11:06:32.997 31070 32659 D native  : I0617 11:06:32.997574   32659 mergeddicttrans.cc:1918] To be translated by NMT.
06-17 11:06:33.015 31070 32659 I native  : I0617 11:06:33.015403   32659 mergeddicttrans.cc:1827] Sentence #0: たとえあなただちが
06-17 11:06:33.015 31070 32659 I native  : I0617 11:06:33.015618   32659 mergeddicttrans.cc:1828] 
06-17 11:06:33.015 31070 32659 I native  : Source language: ja, target language: en
06-17 11:06:33.015 31070 32659 I native  : 
06-17 11:06:33.015 31070 32659 I native  : Has period trick: 0
06-17 11:06:33.015 31070 32659 I native  : 
06-17 11:06:33.015 31070 32659 I native  : Full translation: Even if there is a mistake
06-17 11:06:33.015 31070 32659 I native  : Translate Instance: 
06-17 11:06:33.015 31070 32659 I native  : Query (raw): たとえあなただちが
06-17 11:06:33.015 31070 32659 I native  : Query (after preprocess): たとえ あ なただち が
06-17 11:06:33.015 31070 32659 I native  : Query ids (after tokenizer): 15 291 202 838 26 398 1019 333 10 2
06-17 11:06:33.015 31070 32659 I native  : Translation ids: 2697 264 279 11 9 3428 1161 2
06-17 11:06:33.015 31070 32659 I native  : Translation (after detokenizer): Even if there is a mistake
06-17 11:06:33.015 31070 32659 I native  : Alignment probability:
06-17 11:06:33.015 31070 32659 I native  : 	Even	if	there	is	a	mistake
06-17 11:06:33.015 31070 32659 I native  : たとえ	0.627451	0.360784	0.176471	0.133333	0.0509804	0.0568627
06-17 11:06:33.015 31070 32659 I native  : あ	0.152941	0.329412	0.247059	0.219608	0.152941	0.0686275
06-17 11:06:33.015 31070 32659 I native  : なただち	0.14902	0.2	0.356863	0.396078	0.407843	0.305882
06-17 11:06:33.015 31070 32659 I native  : が	0.0431373	0.0509804	0.0705882	0.0784314	0.0431373	0.0215686
06-17 11:06:33.015 31070 32659 I native  : Translation (before postprocess): Even if there is a mistake
06-17 11:06:33.017 31070 32598 D native  : I0617 11:06:33.017469   32598 mergeddicttrans.cc:1860] The current system has NMT.
06-17 11:06:33.017 31070 32598 D native  : I0617 11:06:33.017529   32598 mergeddicttrans.cc:1866] Sentence #0: あたしは
06-17 11:06:33.017 31070 32598 D native  : I0617 11:06:33.017562   32598 mergeddicttrans.cc:1522] STT before postprocess: あたしは -> I
06-17 11:06:33.049 31070 32599 D PipelineManager: Start process bitmap
06-17 11:06:33.073 31070  1519 I tflite  : Replacing 44 out of 46 node(s) with delegate (TfLiteXNNPackDelegate) node, yielding 3 partitions for the whole graph.
06-17 11:06:33.130 31070 32599 D PipelineManager: OCR process succeeded via visionkit pipeline.
06-17 11:06:33.130 31070 31226 I TRuntime.CctTransportBackend: Status Code: 200
06-17 11:06:33.913 31070 31938 W onnxruntime:  [W:onnxruntime:, nnapi_execution_provider.cc:229 GetCapability] NnapiExecutionProvider::GetCapability, number of partitions supported by NNAPI: 145 number of nodes in the graph: 1537 number of nodes supported by NNAPI: 997
06-17 11:06:33.919 31070 31938 W onnxruntime:  [W:onnxruntime:, nnapi_execution_provider.cc:229 GetCapability] NnapiExecutionProvider::GetCapability, number of partitions supported by NNAPI: 145 number of nodes in the graph: 1553 number of nodes supported by NNAPI: 1011
06-17 11:06:34.075 31070 31938 I ExecutionPlan: ExecutionPlan::SimpleBody::finish: compilation finished successfully on nnapi-reference
06-17 11:06:34.075 31070 31938 I ExecutionPlan: ExecutionPlan::SimpleBody::finish: compilation finished successfully on nnapi-reference
06-17 11:06:34.075 31070 31938 I ExecutionPlan: ExecutionPlan::SimpleBody::finish: compilation finished successfully on nnapi-reference
06-17 11:06:34.075 31070 31938 I ExecutionPlan: ExecutionPlan::SimpleBody::finish: compilation finished successfully on nnapi-reference
06-17 11:06:34.076 31070 31938 I ExecutionPlan: ExecutionPlan::SimpleBody::finish: compilation finished successfully on nnapi-reference
06-17 11:06:34.076 31070 31938 I ExecutionPlan: ExecutionPlan::SimpleBody::finish: compilation finished successfully on nnapi-reference
06-17 11:06:34.076 31070 31938 I ExecutionPlan: ExecutionPlan::SimpleBody::finish: compilation finished successfully on nnapi-reference
06-17 11:06:34.077 31070 31938 I ExecutionPlan: ExecutionPlan::SimpleBody::finish: compilation finished successfully on nnapi-reference
06-17 11:06:34.077 31070 31938 I ExecutionPlan: ExecutionPlan::SimpleBody::finish: compilation finished successfully on nnapi-reference
06-17 11:06:34.077 31070 31938 I ExecutionPlan: ExecutionPlan::SimpleBody::finish: compilation finished successfully on nnapi-reference
06-17 11:06:34.078 31070 31938 I ExecutionPlan: ExecutionPlan::SimpleBody::finish: compilation finished successfully on nnapi-reference
06-17 11:06:34.078 31070 31938 I ExecutionPlan: ExecutionPlan::SimpleBody::finish: compilation finished successfully on nnapi-reference
06-17 11:06:34.078 31070 31938 I ExecutionPlan: ExecutionPlan::SimpleBody::finish: compilation finished successfully on nnapi-reference
06-17 11:06:34.078 31070 31938 I ExecutionPlan: ExecutionPlan::SimpleBody::finish: compilation finished successfully on nnapi-reference
06-17 11:06:34.079 31070 31938 I ExecutionPlan: ExecutionPlan::SimpleBody::finish: compilation finished successfully on nnapi-reference
06-17 11:06:34.079 31070 31938 I ExecutionPlan: ExecutionPlan::SimpleBody::finish: compilation finished successfully on nnapi-reference
06-17 11:06:34.079 31070 31938 I ExecutionPlan: ExecutionPlan::SimpleBody::finish: compilation finished successfully on nnapi-reference
06-17 11:06:34.080 31070 31938 I ExecutionPlan: ExecutionPlan::SimpleBody::finish: compilation finished successfully on nnapi-reference
06-17 11:06:34.080 31070 31938 I ExecutionPlan: ExecutionPlan::SimpleBody::finish: compilation finished successfully on nnapi-reference
06-17 11:06:34.080 31070 31938 I ExecutionPlan: ExecutionPlan::SimpleBody::finish: compilation finished successfully on nnapi-reference
06-17 11:06:34.080 31070 31938 I ExecutionPlan: ExecutionPlan::SimpleBody::finish: compilation finished successfully on nnapi-reference
06-17 11:06:34.081 31070 31938 I ExecutionPlan: ExecutionPlan::SimpleBody::finish: compilation finished successfully on nnapi-reference
06-17 11:06:34.081 31070 31938 I ExecutionPlan: ExecutionPlan::SimpleBody::finish: compilation finished successfully on nnapi-reference
06-17 11:06:34.081 31070 31938 I ExecutionPlan: ExecutionPlan::SimpleBody::finish: compilation finished successfully on nnapi-reference
06-17 11:06:34.082 31070 31938 I ExecutionPlan: ExecutionPlan::SimpleBody::finish: compilation finished successfully on nnapi-reference
06-17 11:06:34.082 31070 31938 I ExecutionPlan: ExecutionPlan::SimpleBody::finish: compilation finished successfully on nnapi-reference
06-17 11:06:34.082 31070 31938 I ExecutionPlan: ExecutionPlan::SimpleBody::finish: compilation finished successfully on nnapi-reference
06-17 11:06:34.082 31070 31938 I ExecutionPlan: ExecutionPlan::SimpleBody::finish: compilation finished successfully on nnapi-reference
06-17 11:06:34.083 31070 31938 I ExecutionPlan: ExecutionPlan::SimpleBody::finish: compilation finished successfully on nnapi-reference
06-17 11:06:34.083 31070 31938 I ExecutionPlan: ExecutionPlan::SimpleBody::finish: compilation finished successfully on nnapi-reference
06-17 11:06:34.083 31070 31938 I ExecutionPlan: ExecutionPlan::SimpleBody::finish: compilation finished successfully on nnapi-reference
06-17 11:06:34.083 31070 31938 I ExecutionPlan: ExecutionPlan::SimpleBody::finish: compilation finished successfully on nnapi-reference
06-17 11:06:34.084 31070 31938 I ExecutionPlan: ExecutionPlan::SimpleBody::finish: compilation finished successfully on nnapi-reference
06-17 11:06:34.084 31070 31938 I ExecutionPlan: ExecutionPlan::SimpleBody::finish: compilation finished successfully on nnapi-reference
06-17 11:06:34.084 31070 31938 I ExecutionPlan: ExecutionPlan::SimpleBody::finish: compilation finished successfully on nnapi-reference
06-17 11:06:34.085 31070 31938 I ExecutionPlan: ExecutionPlan::SimpleBody::finish: compilation finished successfully on nnapi-reference
06-17 11:06:34.085 31070 31938 I ExecutionPlan: ExecutionPlan::SimpleBody::finish: compilation finished successfully on nnapi-reference
06-17 11:06:34.085 31070 31938 I ExecutionPlan: ExecutionPlan::SimpleBody::finish: compilation finished successfully on nnapi-reference
06-17 11:06:34.085 31070 31938 I ExecutionPlan: ExecutionPlan::SimpleBody::finish: compilation finished successfully on nnapi-reference
06-17 11:06:34.086 31070 31938 I ExecutionPlan: ExecutionPlan::SimpleBody::finish: compilation finished successfully on nnapi-reference
06-17 11:06:34.086 31070 31938 I ExecutionPlan: ExecutionPlan::SimpleBody::finish: compilation finished successfully on nnapi-reference
06-17 11:06:34.086 31070 31938 I ExecutionPlan: ExecutionPlan::SimpleBody::finish: compilation finished successfully on nnapi-reference
06-17 11:06:34.087 31070 31938 I ExecutionPlan: ExecutionPlan::SimpleBody::finish: compilation finished successfully on nnapi-reference
06-17 11:06:34.087 31070 31938 I ExecutionPlan: ExecutionPlan::SimpleBody::finish: compilation finished successfully on nnapi-reference
06-17 11:06:34.089 31070 31938 I ExecutionPlan: ExecutionPlan::SimpleBody::finish: compilation finished successfully on nnapi-reference
06-17 11:06:34.089 31070 31938 I ExecutionPlan: ExecutionPlan::SimpleBody::finish: compilation finished successfully on nnapi-reference
06-17 11:06:34.089 31070 31938 I ExecutionPlan: ExecutionPlan::SimpleBody::finish: compilation finished successfully on nnapi-reference
06-17 11:06:34.090 31070 31938 I ExecutionPlan: ExecutionPlan::SimpleBody::finish: compilation finished successfully on nnapi-reference
06-17 11:06:34.090 31070 31938 I ExecutionPlan: ExecutionPlan::SimpleBody::finish: compilation finished successfully on nnapi-reference
06-17 11:06:34.090 31070 31938 I ExecutionPlan: ExecutionPlan::SimpleBody::finish: compilation finished successfully on nnapi-reference
06-17 11:06:34.090 31070 31938 I ExecutionPlan: ExecutionPlan::SimpleBody::finish: compilation finished successfully on nnapi-reference
06-17 11:06:34.099 31070 32651 D DecoupledTextDelegate: Start loading thick OCR module.
06-17 11:06:34.099 31070 32651 I DynamiteModule: Considering local module com.google.mlkit.dynamite.text.japanese:10000 and remote module com.google.mlkit.dynamite.text.japanese:0
06-17 11:06:34.099 31070 32651 I DynamiteModule: Selected local version of com.google.mlkit.dynamite.text.japanese
06-17 11:06:34.100 31070 32651 I native  : I0000 00:00:1781669194.100811   32651 asset_manager_util.cc:61] Created global reference to asset manager.
06-17 11:06:34.105 31070  1587 I native  : I0000 00:00:1781669194.105932    1587 resource_manager.cc:23] Number of optimal threads: 6
06-17 11:06:34.106 31070  1587 I native  : I0000 00:00:1781669194.106216    1587 text_detector_thread_pool_context.cc:38] Compute manager max in flight region detector overwrite: 1
06-17 11:06:34.106 31070  1587 I native  : I0000 00:00:1781669194.106814    1587 common_util.h:41] Resizing Thread Pool: ocr_det_0 to 3
06-17 11:06:34.107 31070  1586 I native  : I0000 00:00:1781669194.106817    1586 text_classifier.cc:32] Creating classifier TfliteTextClassifier
06-17 11:06:34.107 31070  1587 I native  : I0000 00:00:1781669194.107390    1587 tflite_detector_client_with_shape_cache.cc:76] Interpreter threads: 6
06-17 11:06:34.108 31070  1586 I native  : I0000 00:00:1781669194.108082    1586 common_util.h:41] Resizing Thread Pool: ocr_segm to 3
06-17 11:06:34.109 31070  1587 I tflite  : Replacing 44 out of 46 node(s) with delegate (TfLiteXNNPackDelegate) node, yielding 3 partitions for the whole graph.
06-17 11:06:34.110 31070  1587 I native  : I0000 00:00:1781669194.110029    1587 tflite_detector_client_with_shape_cache.cc:105] Caching size: 10
06-17 11:06:34.110 31070  1586 I native  : I0000 00:00:1781669194.110055    1586 tflite_lstm_client_base.cc:371] Resizing interpreter pool to 4
06-17 11:06:34.110 31070  1587 I native  : I0000 00:00:1781669194.110806    1587 multi_pass_line_recognition_mutator.cc:342] Preloading recognizers.
06-17 11:06:34.111 31070 32645 I native  : I0000 00:00:1781669194.110996   32645 tflite_model_pooled_runner.cc:625] Loading mlkit-google-ocr-models/gocr/gocr_models/line_recognition_legacy_mobile/Hani_ctc/optical/conv_model.fb
06-17 11:06:34.111 31070 32617 I native  : I0000 00:00:1781669194.111010   32617 tflite_model_pooled_runner.cc:625] Loading mlkit-google-ocr-models/gocr/gocr_models/line_recognition_legacy_mobile/Latn_ctc/optical/conv_model.fb
06-17 11:06:34.111 31070 32646 I native  : I0000 00:00:1781669194.111012   32646 tflite_model_pooled_runner.cc:625] Loading mlkit-google-ocr-models/gocr/gocr_models/line_recognition_legacy_mobile/Jpan_ctc/optical/conv_model.fb
06-17 11:06:34.111 31070 32645 I native  : I0000 00:00:1781669194.111563   32645 tflite_model_pooled_runner.cc:636] Loading mlkit-google-ocr-models/gocr/gocr_models/line_recognition_legacy_mobile/Hani_ctc/optical/lstm_model.fb
06-17 11:06:34.111 31070  1586 I native  : I0000 00:00:1781669194.111747    1586 tflite_model_pooled_runner.cc:625] Loading mlkit-google-ocr-models/gocr/layout/line_splitting_custom_ops/model.tflite
06-17 11:06:34.112 31070  1586 I native  : I0000 00:00:1781669194.112001    1586 tflite_model_pooled_runner.cc:836] Resizing interpreter pool to 1
06-17 11:06:34.112 31070  1586 I native  : I0000 00:00:1781669194.112242    1586 tflite_model_pooled_runner.cc:625] Loading mlkit-google-ocr-models/gocr/layout/line_clustering_custom_ops/model.tflite
06-17 11:06:34.112 31070 32646 I native  : I0000 00:00:1781669194.112277   32646 tflite_model_pooled_runner.cc:636] Loading mlkit-google-ocr-models/gocr/gocr_models/line_recognition_legacy_mobile/Jpan_ctc/optical/lstm_model.fb
06-17 11:06:34.112 31070  1586 I native  : I0000 00:00:1781669194.112511    1586 tflite_model_pooled_runner.cc:836] Resizing interpreter pool to 1
06-17 11:06:34.112 31070 32617 I native  : I0000 00:00:1781669194.112568   32617 tflite_model_pooled_runner.cc:636] Loading mlkit-google-ocr-models/gocr/gocr_models/line_recognition_legacy_mobile/Latn_ctc/optical/lstm_model.fb
06-17 11:06:34.118 31070 32645 I native  : I0000 00:00:1781669194.118141   32645 tflite_model_pooled_runner.cc:836] Resizing interpreter pool to 4
06-17 11:06:34.119 31070 32646 I native  : I0000 00:00:1781669194.119022   32646 tflite_model_pooled_runner.cc:836] Resizing interpreter pool to 4
06-17 11:06:34.119 31070 32617 I native  : I0000 00:00:1781669194.119144   32617 tflite_model_pooled_runner.cc:836] Resizing interpreter pool to 4
06-17 11:06:34.122 31070 32646 I native  : I0000 00:00:1781669194.122516   32646 mobile_langid_v2.cc:58] MobileLangID V2 initialized.
06-17 11:06:34.122 31070 32617 I native  : I0000 00:00:1781669194.122613   32617 mobile_langid_v2.cc:58] MobileLangID V2 initialized.
06-17 11:06:34.122 31070 32646 I native  : I0000 00:00:1781669194.122728   32646 multi_pass_line_recognition_mutator.cc:364] Finished preloading a recognizer for "Jpan"
06-17 11:06:34.122 31070 32617 I native  : I0000 00:00:1781669194.122817   32617 multi_pass_line_recognition_mutator.cc:364] Finished preloading a recognizer for "Latn"
06-17 11:06:34.122 31070 32645 I native  : I0000 00:00:1781669194.122830   32645 mobile_langid_v2.cc:58] MobileLangID V2 initialized.
06-17 11:06:34.122 31070 32645 I native  : I0000 00:00:1781669194.122964   32645 multi_pass_line_recognition_mutator.cc:364] Finished preloading a recognizer for "Hani"
06-17 11:06:34.123 31070  1587 I native  : I0000 00:00:1781669194.123031    1587 multi_pass_line_recognition_mutator.cc:398] Finished preloading recognizers.
06-17 11:06:34.123 31070 32651 D PipelineManager: Start process bitmap
06-17 11:06:34.130 31070  1586 I tflite  : Replacing 44 out of 46 node(s) with delegate (TfLiteXNNPackDelegate) node, yielding 3 partitions for the whole graph.
06-17 11:06:34.145 31070  1586 I tflite  : Replacing 44 out of 46 node(s) with delegate (TfLiteXNNPackDelegate) node, yielding 3 partitions for the whole graph.
06-17 11:06:34.165 31070  1586 I tflite  : Replacing 44 out of 46 node(s) with delegate (TfLiteXNNPackDelegate) node, yielding 3 partitions for the whole graph.
06-17 11:06:34.189 31070  1586 I tflite  : Replacing 44 out of 46 node(s) with delegate (TfLiteXNNPackDelegate) node, yielding 3 partitions for the whole graph.
06-17 11:06:34.199 31070  1586 I tflite  : Replacing 44 out of 46 node(s) with delegate (TfLiteXNNPackDelegate) node, yielding 3 partitions for the whole graph.
06-17 11:06:34.244 31070 32651 D PipelineManager: OCR process succeeded via visionkit pipeline.
06-17 11:06:34.341 31070 32652 D native  : I0617 11:06:34.341195   32652 mergeddicttrans.cc:1860] The current system has NMT.
06-17 11:06:34.341 31070 32652 D native  : I0617 11:06:34.341399   32652 mergeddicttrans.cc:1866] Sentence #0: 「親友」 である限り..
06-17 11:06:34.341 31070 32652 D native  : I0617 11:06:34.341507   32652 mergeddicttrans.cc:1918] To be translated by NMT.
06-17 11:06:34.370 31070 32652 I native  : I0617 11:06:34.370593   32652 mergeddicttrans.cc:1827] Sentence #0: 「親友」 である限り..
06-17 11:06:34.370 31070 32652 I native  : I0617 11:06:34.370698   32652 mergeddicttrans.cc:1828] 
06-17 11:06:34.370 31070 32652 I native  : Source language: ja, target language: en
06-17 11:06:34.370 31070 32652 I native  : 
06-17 11:06:34.370 31070 32652 I native  : Has period trick: 0
06-17 11:06:34.370 31070 32652 I native  : 
06-17 11:06:34.370 31070 32652 I native  : Full translation: As long as "best friend" ..
06-17 11:06:34.370 31070 32652 I native  : Translate Instance: 
06-17 11:06:34.370 31070 32652 I native  : Query (raw): 「親友」 である限り..
06-17 11:06:34.370 31070 32652 I native  : Query (after preprocess): 「 親友 」 である 限り ..
06-17 11:06:34.370 31070 32652 I native  : Query ids (after tokenizer): 171 3 1447 1743 173 64 945 115 6 62 2
06-17 11:06:34.370 31070 32652 I native  : Translation ids: 242 690 27 34 2011 2668 34 4 64 2
06-17 11:06:34.370 31070 32652 I native  : Translation (after detokenizer): As long as " best friend " ..
06-17 11:06:34.370 31070 32652 I native  : Alignment probability:
06-17 11:06:34.370 31070 32652 I native  : 	As	long	as	"	best	friend	"	..
06-17 11:06:34.370 31070 32652 I native  : 「	0.0784314	0.0823529	0.0392157	0.439216	0.0313726	0	0.0117647	0.0117647
06-17 11:06:34.370 31070 32652 I native  : 親友	0.0352941	0.054902	0.188235	0.12549	0.882353	0.988235	0.14902	0.00392157
06-17 11:06:34.370 31070 32652 I native  : 」	0.00784314	0.00392157	0.0156863	0.0117647	0.0313726	0.00392157	0.588235	0.0156863
06-17 11:06:34.370 31070 32652 I native  : である	0.0980392	0.0823529	0.0588235	0.286275	0.0117647	0	0.0196078	0.0607843
06-17 11:06:34.370 31070 32652 I native  : 限り	0.623529	0.729412	0.145098	0.0941176	0.00392157	0	0.0392157	0.0960784
06-17 11:06:34.370 31070 32652 I native  : ..	0.129412	0.0156863	0.0509804	0.0352941	0.00392157	0.00392157	0.0901961	0.529412
06-17 11:06:34.370 31070 32652 I native  : Translation (before postprocess): As long as " best friend " ..
06-17 11:06:34.372 31070 32654 D native  : I0617 11:06:34.372933   32654 mergeddicttrans.cc:1860] The current system has NMT.
06-17 11:06:34.373 31070 32654 D native  : I0617 11:06:34.373098   32654 mergeddicttrans.cc:1866] Sentence #0: 拓こうとする
06-17 11:06:34.373 31070 32654 D native  : I0617 11:06:34.373181   32654 mergeddicttrans.cc:1918] To be translated by NMT.
06-17 11:06:34.384 31070 32654 I native  : I0617 11:06:34.384809   32654 mergeddicttrans.cc:1827] Sentence #0: 拓こうとする
06-17 11:06:34.384 31070 32654 I native  : I0617 11:06:34.384972   32654 mergeddicttrans.cc:1828] 
06-17 11:06:34.384 31070 32654 I native  : Source language: ja, target language: en
06-17 11:06:34.384 31070 32654 I native  : 
06-17 11:06:34.384 31070 32654 I native  : Has period trick: 0
06-17 11:06:34.384 31070 32654 I native  : 
06-17 11:06:34.384 31070 32654 I native  : Full translation: Pioneer
06-17 11:06:34.384 31070 32654 I native  : Translate Instance: 
06-17 11:06:34.384 31070 32654 I native  : Query (raw): 拓こうとする
06-17 11:06:34.384 31070 32654 I native  : Query (after preprocess): 拓こ う と する
06-17 11:06:34.384 31070 32654 I native  : Query ids (after tokenizer): 3 2973 730 537 14 13 2
06-17 11:06:34.384 31070 32654 I native  : Translation ids: 80 254 3325 2
06-17 11:06:34.384 31070 32654 I native  : Translation (after detokenizer): pioneer
06-17 11:06:34.384 31070 32654 I native  : Alignment probability:
06-17 11:06:34.384 31070 32654 I native  : 	pioneer
06-17 11:06:34.384 31070 32654 I native  : 拓こ	0.402614
06-17 11:06:34.384 31070 32654 I native  : う	0.0287582
06-17 11:06:34.384 31070 32654 I native  : と	0.0352941
06-17 11:06:34.384 31070 32654 I native  : する	0.0614379
06-17 11:06:34.384 31070 32654 I native  : Translation (before postprocess): pioneer
06-17 11:06:34.385 31070 32657 D native  : I0617 11:06:34.385961   32657 mergeddicttrans.cc:1860] The current system has NMT.
06-17 11:06:34.386 31070 32657 D native  : I0617 11:06:34.385997   32657 mergeddicttrans.cc:1866] Sentence #0: 全力で道を
06-17 11:06:34.386 31070 32657 D native  : I0617 11:06:34.386023   32657 mergeddicttrans.cc:1918] To be translated by NMT.
06-17 11:06:34.399 31070 32657 I native  : I0617 11:06:34.399341   32657 mergeddicttrans.cc:1827] Sentence #0: 全力で道を
06-17 11:06:34.399 31070 32657 I native  : I0617 11:06:34.399541   32657 mergeddicttrans.cc:1828] 
06-17 11:06:34.399 31070 32657 I native  : Source language: ja, target language: en
06-17 11:06:34.399 31070 32657 I native  : 
06-17 11:06:34.399 31070 32657 I native  : Has period trick: 0
06-17 11:06:34.399 31070 32657 I native  : 
06-17 11:06:34.399 31070 32657 I native  : Full translation: Road with all my strength
06-17 11:06:34.399 31070 32657 I native  : Translate Instance: 
06-17 11:06:34.399 31070 32657 I native  : Query (raw): 全力で道を
06-17 11:06:34.399 31070 32657 I native  : Query (after preprocess): 全力 で 道 を
06-17 11:06:34.399 31070 32657 I native  : Query ids (after tokenizer): 464 426 16 1647 7 2
06-17 11:06:34.399 31070 32657 I native  : Translation ids: 57 2023 25 210 1213 1836 2
06-17 11:06:34.399 31070 32657 I native  : Translation (after detokenizer): Road with all my strength
06-17 11:06:34.399 31070 32657 I native  : Alignment probability:
06-17 11:06:34.399 31070 32657 I native  : 	Road	with	all	my	strength
06-17 11:06:34.399 31070 32657 I native  : 全力	0.141176	0.14902	0.862745	0.74902	0.843137
06-17 11:06:34.399 31070 32657 I native  : で	0.0764706	0.517647	0.0392157	0.0196078	0.00392157
06-17 11:06:34.399 31070 32657 I native  : 道	0.576471	0.0941176	0.0313726	0.0117647	0.0156863
06-17 11:06:34.399 31070 32657 I native  : を	0.1	0.180392	0.00392157	0.00784314	0
06-17 11:06:34.399 31070 32657 I native  : Translation (before postprocess): Road with all my strength
06-17 11:06:34.400 31070 32659 D native  : I0617 11:06:34.400604   32659 mergeddicttrans.cc:1860] The current system has NMT.
06-17 11:06:34.400 31070 32659 D native  : I0617 11:06:34.400669   32659 mergeddicttrans.cc:1866] Sentence #0: わが身を顧みず
06-17 11:06:34.400 31070 32659 D native  : I0617 11:06:34.400695   32659 mergeddicttrans.cc:1918] To be translated by NMT.
06-17 11:06:34.416 31070 32659 I native  : I0617 11:06:34.416460   32659 mergeddicttrans.cc:1827] Sentence #0: わが身を顧みず
06-17 11:06:34.416 31070 32659 I native  : I0617 11:06:34.416549   32659 mergeddicttrans.cc:1828] 
06-17 11:06:34.416 31070 32659 I native  : Source language: ja, target language: en
06-17 11:06:34.416 31070 32659 I native  : 
06-17 11:06:34.416 31070 32659 I native  : Has period trick: 0
06-17 11:06:34.416 31070 32659 I native  : 
06-17 11:06:34.416 31070 32659 I native  : Full translation: Do not look as
06-17 11:06:34.416 31070 32659 I native  : Translate Instance: 
06-17 11:06:34.416 31070 32659 I native  : Query (raw): わが身を顧みず
06-17 11:06:34.416 31070 32659 I native  : Query (after preprocess): わが 身 を 顧み ず
06-17 11:06:34.416 31070 32659 I native  : Query ids (after tokenizer): 1188 740 3 1384 7 3 1707 189 1003 2
06-17 11:06:34.416 31070 32659 I native  : Translation ids: 1440 53 2454 27 2
06-17 11:06:34.416 31070 32659 I native  : Translation (after detokenizer): Do not look as
06-17 11:06:34.416 31070 32659 I native  : Alignment probability:
06-17 11:06:34.416 31070 32659 I native  : 	Do	not	look	as
06-17 11:06:34.416 31070 32659 I native  : わが	0.180392	0.145098	0.0431373	0.12549
06-17 11:06:34.416 31070 32659 I native  : 身	0.0156863	0.00392157	0.129412	0.101961
06-17 11:06:34.416 31070 32659 I native  : を	0.027451	0.0313726	0.0431373	0.392157
06-17 11:06:34.416 31070 32659 I native  : 顧み	0.235294	0.101961	0.721569	0.184314
06-17 11:06:34.416 31070 32659 I native  : ず	0.423529	0.47451	0.0117647	0.0313726
06-17 11:06:34.416 31070 32659 I native  : Translation (before postprocess): Do not look as
06-17 11:06:34.418 31070 32598 D native  : I0617 11:06:34.417995   32598 mergeddicttrans.cc:1860] The current system has NMT.
06-17 11:06:34.418 31070 32598 D native  : I0617 11:06:34.418050   32598 mergeddicttrans.cc:1866] Sentence #0: なりたいと思う!
06-17 11:06:34.418 31070 32598 D native  : I0617 11:06:34.418077   32598 mergeddicttrans.cc:1918] To be translated by NMT.
06-17 11:06:34.432 31070 32598 I native  : I0617 11:06:34.431981   32598 mergeddicttrans.cc:1827] Sentence #0: なりたいと思う!
06-17 11:06:34.432 31070 32598 I native  : I0617 11:06:34.432075   32598 mergeddicttrans.cc:1828] 
06-17 11:06:34.432 31070 32598 I native  : Source language: ja, target language: en
06-17 11:06:34.432 31070 32598 I native  : 
06-17 11:06:34.432 31070 32598 I native  : Has period trick: 0
06-17 11:06:34.432 31070 32598 I native  : 
06-17 11:06:34.432 31070 32598 I native  : Full translation: I want to be!
06-17 11:06:34.432 31070 32598 I native  : Translate Instance: 
06-17 11:06:34.432 31070 32598 I native  : Query (raw): なりたいと思う!
06-17 11:06:34.432 31070 32598 I native  : Query (after preprocess): なり たい と 思う !
06-17 11:06:34.432 31070 32598 I native  : Query ids (after tokenizer): 557 1221 14 1557 368 723 2
06-17 11:06:34.432 31070 32598 I native  : Translation ids: 63 799 7 20 430 2
06-17 11:06:34.432 31070 32598 I native  : Translation (after detokenizer): I want to be !
06-17 11:06:34.432 31070 32598 I native  : Alignment probability:
06-17 11:06:34.432 31070 32598 I native  : 	I	want	to	be	!
06-17 11:06:34.432 31070 32598 I native  : なり	0.0313726	0.0392157	0.341176	0.733333	0.329412
06-17 11:06:34.432 31070 32598 I native  : たい	0.219608	0.501961	0.117647	0.0313726	0.0392157
06-17 11:06:34.432 31070 32598 I native  : と	0.145098	0.176471	0.0784314	0.0156863	0.027451
06-17 11:06:34.432 31070 32598 I native  : 思う	0.447059	0.188235	0.027451	0.00392157	0.0117647
06-17 11:06:34.432 31070 32598 I native  : !	0.0627451	0.0196078	0.0980392	0.0470588	0.329412
06-17 11:06:34.432 31070 32598 I native  : Translation (before postprocess): I want to be !
06-17 11:06:34.437 31070 32599 D native  : I0617 11:06:34.437176   32599 mergeddicttrans.cc:1860] The current system has NMT.
06-17 11:06:34.437 31070 32599 D native  : I0617 11:06:34.437232   32599 mergeddicttrans.cc:1866] Sentence #0: あなたたちの力に
06-17 11:06:34.437 31070 32599 D native  : I0617 11:06:34.437256   32599 mergeddicttrans.cc:1918] To be translated by NMT.
06-17 11:06:34.455 31070 32599 I native  : I0617 11:06:34.455500   32599 mergeddicttrans.cc:1827] Sentence #0: あなたたちの力に
06-17 11:06:34.455 31070 32599 I native  : I0617 11:06:34.455687   32599 mergeddicttrans.cc:1828] 
06-17 11:06:34.455 31070 32599 I native  : Source language: ja, target language: en
06-17 11:06:34.455 31070 32599 I native  : 
06-17 11:06:34.455 31070 32599 I native  : Has period trick: 0
06-17 11:06:34.455 31070 32599 I native  : 
06-17 11:06:34.455 31070 32599 I native  : Full translation: To your power
06-17 11:06:34.455 31070 32599 I native  : Translate Instance: 
06-17 11:06:34.455 31070 32599 I native  : Query (raw): あなたたちの力に
06-17 11:06:34.455 31070 32599 I native  : Query (after preprocess): あなたたち の 力 に
06-17 11:06:34.455 31070 32599 I native  : Query ids (after tokenizer): 958 398 333 4 1158 8 2
06-17 11:06:34.455 31070 32599 I native  : Translation ids: 7 301 323 2
06-17 11:06:34.455 31070 32599 I native  : Translation (after detokenizer): to your power
06-17 11:06:34.455 31070 32599 I native  : Alignment probability:
06-17 11:06:34.455 31070 32599 I native  : 	to	your	power
06-17 11:06:34.455 31070 32599 I native  : あなたたち	0.380392	0.592157	0.176471
06-17 11:06:34.455 31070 32599 I native  : の	0.0196078	0.0509804	0.141176
06-17 11:06:34.455 31070 32599 I native  : 力	0.0313726	0.0980392	0.619608
06-17 11:06:34.455 31070 32599 I native  : に	0.254902	0.0784314	0.00392157
06-17 11:06:34.455 31070 32599 I native  : Translation (before postprocess): to your power
06-17 11:06:34.457 31070 32649 D native  : I0617 11:06:34.457634   32649 mergeddicttrans.cc:1860] The current system has NMT.
06-17 11:06:34.457 31070 32649 D native  : I0617 11:06:34.457693   32649 mergeddicttrans.cc:1866] Sentence #0: だどいても..!
06-17 11:06:34.457 31070 32649 D native  : I0617 11:06:34.457722   32649 mergeddicttrans.cc:1918] To be translated by NMT.
06-17 11:06:34.479 31070 32649 I native  : I0617 11:06:34.479102   32649 mergeddicttrans.cc:1827] Sentence #0: だどいても..!
06-17 11:06:34.479 31070 32649 I native  : I0617 11:06:34.479282   32649 mergeddicttrans.cc:1828] 
06-17 11:06:34.479 31070 32649 I native  : Source language: ja, target language: en
06-17 11:06:34.479 31070 32649 I native  : 
06-17 11:06:34.479 31070 32649 I native  : Has period trick: 0
06-17 11:06:34.479 31070 32649 I native  : 
06-17 11:06:34.479 31070 32649 I native  : Full translation: Even if it is good ..!
06-17 11:06:34.479 31070 32649 I native  : Translate Instance: 
06-17 11:06:34.479 31070 32649 I native  : Query (raw): だどいても..!
06-17 11:06:34.479 31070 32649 I native  : Query (after preprocess): だどい て も .. !
06-17 11:06:34.479 31070 32649 I native  : Query ids (after tokenizer): 804 1010 44 12 54 6 62 723 2
06-17 11:06:34.479 31070 32649 I native  : Translation ids: 2697 264 70 11 1171 4 64 430 2
06-17 11:06:34.479 31070 32649 I native  : Translation (after detokenizer): Even if it is good .. !
06-17 11:06:34.479 31070 32649 I native  : Alignment probability:
06-17 11:06:34.479 31070 32649 I native  : 	Even	if	it	is	good	..	!
06-17 11:06:34.479 31070 32649 I native  : だどい	0.478431	0.501961	0.627451	0.545098	0.568627	0.268627	0.00392157
06-17 11:06:34.479 31070 32649 I native  : て	0.156863	0.301961	0.176471	0.0862745	0.0431373	0.0490196	0
06-17 11:06:34.479 31070 32649 I native  : も	0.192157	0.0705882	0.0117647	0.0156863	0.054902	0.0254902	0.00784314
06-17 11:06:34.479 31070 32649 I native  : ..	0.0901961	0.0862745	0.0823529	0.0941176	0.160784	0.466667	0.0862745
06-17 11:06:34.479 31070 32649 I native  : !	0.0196078	0	0.00784314	0.0235294	0.0156863	0.054902	0.705882
06-17 11:06:34.479 31070 32649 I native  : Translation (before postprocess): Even if it is good .. !
06-17 11:06:34.481 31070 32651 D native  : I0617 11:06:34.481669   32651 mergeddicttrans.cc:1860] The current system has NMT.
06-17 11:06:34.481 31070 32651 D native  : I0617 11:06:34.481742   32651 mergeddicttrans.cc:1866] Sentence #0: 郵った相手
06-17 11:06:34.481 31070 32651 D native  : I0617 11:06:34.481770   32651 mergeddicttrans.cc:1918] To be translated by NMT.
06-17 11:06:34.494 31070 32651 I native  : I0617 11:06:34.494663   32651 mergeddicttrans.cc:1827] Sentence #0: 郵った相手
06-17 11:06:34.494 31070 32651 I native  : I0617 11:06:34.494733   32651 mergeddicttrans.cc:1828] 
06-17 11:06:34.494 31070 32651 I native  : Source language: ja, target language: en
06-17 11:06:34.494 31070 32651 I native  : 
06-17 11:06:34.494 31070 32651 I native  : Has period trick: 0
06-17 11:06:34.494 31070 32651 I native  : 
06-17 11:06:34.494 31070 32651 I native  : Full translation: Partner posted
06-17 11:06:34.494 31070 32651 I native  : Translate Instance: 
06-17 11:06:34.494 31070 32651 I native  : Query (raw): 郵った相手
06-17 11:06:34.494 31070 32651 I native  : Query (after preprocess): 郵っ た 相手
06-17 11:06:34.494 31070 32651 I native  : Query ids (after tokenizer): 3 2326 88 15 632 1171 2
06-17 11:06:34.494 31070 32651 I native  : Translation ids: 345 1139 1921 14 2
06-17 11:06:34.494 31070 32651 I native  : Translation (after detokenizer): partner posted
06-17 11:06:34.494 31070 32651 I native  : Alignment probability:
06-17 11:06:34.494 31070 32651 I native  : 	partner	posted
06-17 11:06:34.494 31070 32651 I native  : 郵っ	0.180392	0.5
06-17 11:06:34.494 31070 32651 I native  : た	0.072549	0.0647059
06-17 11:06:34.494 31070 32651 I native  : 相手	0.562745	0.101961
06-17 11:06:34.494 31070 32651 I native  : Translation (before postprocess): partner posted
06-17 11:06:34.496 31070 32652 D native  : I0617 11:06:34.495986   32652 mergeddicttrans.cc:1860] The current system has NMT.
06-17 11:06:34.496 31070 32652 D native  : I0617 11:06:34.496048   32652 mergeddicttrans.cc:1866] Sentence #0: 数いたい一心で
06-17 11:06:34.496 31070 32652 D native  : I0617 11:06:34.496076   32652 mergeddicttrans.cc:1918] To be translated by NMT.
06-17 11:06:34.510 31070 32652 I native  : I0617 11:06:34.510629   32652 mergeddicttrans.cc:1827] Sentence #0: 数いたい一心で
06-17 11:06:34.510 31070 32652 I native  : I0617 11:06:34.510709   32652 mergeddicttrans.cc:1828] 
06-17 11:06:34.510 31070 32652 I native  : Source language: ja, target language: en
06-17 11:06:34.510 31070 32652 I native  : 
06-17 11:06:34.510 31070 32652 I native  : Has period trick: 0
06-17 11:06:34.510 31070 32652 I native  : 
06-17 11:06:34.510 31070 32652 I native  : Full translation: A number of hearts
06-17 11:06:34.510 31070 32652 I native  : Translate Instance: 
06-17 11:06:34.510 31070 32652 I native  : Query (raw): 数いたい一心で
06-17 11:06:34.510 31070 32652 I native  : Query (after preprocess): 数いたい 一心 で
06-17 11:06:34.510 31070 32652 I native  : Query ids (after tokenizer): 308 44 398 44 107 1027 16 2
06-17 11:06:34.510 31070 32652 I native  : Translation ids: 46 274 6 2983 587 2
06-17 11:06:34.510 31070 32652 I native  : Translation (after detokenizer): A number of hearts
06-17 11:06:34.510 31070 32652 I native  : Alignment probability:
06-17 11:06:34.510 31070 32652 I native  : 	A	number	of	hearts
06-17 11:06:34.510 31070 32652 I native  : 数いたい	0.372549	0.254902	0.733333	0.203922
06-17 11:06:34.510 31070 32652 I native  : 一心	0.4	0.454902	0.172549	0.415686
06-17 11:06:34.510 31070 32652 I native  : で	0.141176	0.0235294	0.0392157	0.0254902
06-17 11:06:34.510 31070 32652 I native  : Translation (before postprocess): A number of hearts
06-17 11:06:34.512 31070 32654 D native  : I0617 11:06:34.512159   32654 mergeddicttrans.cc:1860] The current system has NMT.
06-17 11:06:34.512 31070 32654 D native  : I0617 11:06:34.512305   32654 mergeddicttrans.cc:1866] Sentence #0: 大切な人を
06-17 11:06:34.512 31070 32654 D native  : I0617 11:06:34.512384   32654 mergeddicttrans.cc:1918] To be translated by NMT.
06-17 11:06:34.524 31070 32654 I native  : I0617 11:06:34.524706   32654 mergeddicttrans.cc:1827] Sentence #0: 大切な人を
06-17 11:06:34.524 31070 32654 I native  : I0617 11:06:34.524754   32654 mergeddicttrans.cc:1828] 
06-17 11:06:34.524 31070 32654 I native  : Source language: ja, target language: en
06-17 11:06:34.524 31070 32654 I native  : 
06-17 11:06:34.524 31070 32654 I native  : Has period trick: 0
06-17 11:06:34.524 31070 32654 I native  : 
06-17 11:06:34.524 31070 32654 I native  : Full translation: An important person
06-17 11:06:34.524 31070 32654 I native  : Translate Instance: 
06-17 11:06:34.524 31070 32654 I native  : Query (raw): 大切な人を
06-17 11:06:34.524 31070 32654 I native  : Query (after preprocess): 大切 な 人 を
06-17 11:06:34.524 31070 32654 I native  : Query ids (after tokenizer): 445 1028 26 413 7 2
06-17 11:06:34.524 31070 32654 I native  : Translation ids: 327 1401 1804 2
06-17 11:06:34.524 31070 32654 I native  : Translation (after detokenizer): An important person
06-17 11:06:34.524 31070 32654 I native  : Alignment probability:
06-17 11:06:34.524 31070 32654 I native  : 	An	important	person
06-17 11:06:34.524 31070 32654 I native  : 大切	0.576471	0.788235	0.12549
06-17 11:06:34.524 31070 32654 I native  : な	0.0313726	0.0156863	0.027451
06-17 11:06:34.524 31070 32654 I native  : 人	0.105882	0.0117647	0.666667
06-17 11:06:34.524 31070 32654 I native  : を	0.129412	0.00784314	0.027451
06-17 11:06:34.524 31070 32654 I native  : Translation (before postprocess): An important person
06-17 11:06:34.530 31070 32657 D native  : I0617 11:06:34.530031   32657 mergeddicttrans.cc:1860] The current system has NMT.
06-17 11:06:34.530 31070 32657 D native  : I0617 11:06:34.530095   32657 mergeddicttrans.cc:1866] Sentence #0: でも今ままで通り
06-17 11:06:34.530 31070 32657 D native  : I0617 11:06:34.530121   32657 mergeddicttrans.cc:1918] To be translated by NMT.
06-17 11:06:34.546 31070 32657 I native  : I0617 11:06:34.546803   32657 mergeddicttrans.cc:1827] Sentence #0: でも今ままで通り
06-17 11:06:34.546 31070 32657 I native  : I0617 11:06:34.546888   32657 mergeddicttrans.cc:1828] 
06-17 11:06:34.546 31070 32657 I native  : Source language: ja, target language: en
06-17 11:06:34.546 31070 32657 I native  : 
06-17 11:06:34.546 31070 32657 I native  : Has period trick: 0
06-17 11:06:34.546 31070 32657 I native  : 
06-17 11:06:34.546 31070 32657 I native  : Full translation: But now it is
06-17 11:06:34.546 31070 32657 I native  : Translate Instance: 
06-17 11:06:34.546 31070 32657 I native  : Query (raw): でも今ままで通り
06-17 11:06:34.546 31070 32657 I native  : Query (after preprocess): でも 今まま で 通り
06-17 11:06:34.546 31070 32657 I native  : Query ids (after tokenizer): 16 300 1031 194 194 16 414 115 2
06-17 11:06:34.546 31070 32657 I native  : Translation ids: 2536 1561 70 11 2
06-17 11:06:34.546 31070 32657 I native  : Translation (after detokenizer): But now it is
06-17 11:06:34.546 31070 32657 I native  : Alignment probability:
06-17 11:06:34.546 31070 32657 I native  : 	But	now	it	is
06-17 11:06:34.546 31070 32657 I native  : でも	0.65098	0.054902	0.0117647	0.00392157
06-17 11:06:34.546 31070 32657 I native  : 今まま	0.101961	0.490196	0.231373	0.333333
06-17 11:06:34.546 31070 32657 I native  : で	0.0470588	0.109804	0.188235	0.0980392
06-17 11:06:34.546 31070 32657 I native  : 通り	0.156863	0.333333	0.419608	0.423529
06-17 11:06:34.546 31070 32657 I native  : Translation (before postprocess): But now it is
06-17 11:06:34.548 31070 32659 D native  : I0617 11:06:34.548045   32659 mergeddicttrans.cc:1860] The current system has NMT.
06-17 11:06:34.548 31070 32659 D native  : I0617 11:06:34.548111   32659 mergeddicttrans.cc:1866] Sentence #0: 心の底から!
06-17 11:06:34.548 31070 32659 D native  : I0617 11:06:34.548137   32659 mergeddicttrans.cc:1918] To be translated by NMT.
06-17 11:06:34.566 31070 32659 I native  : I0617 11:06:34.566638   32659 mergeddicttrans.cc:1827] Sentence #0: 心の底から!
06-17 11:06:34.566 31070 32659 I native  : I0617 11:06:34.566727   32659 mergeddicttrans.cc:1828] 
06-17 11:06:34.566 31070 32659 I native  : Source language: ja, target language: en
06-17 11:06:34.566 31070 32659 I native  : 
06-17 11:06:34.566 31070 32659 I native  : Has period trick: 0
06-17 11:06:34.566 31070 32659 I native  : 
06-17 11:06:34.566 31070 32659 I native  : Full translation: From the bottom of my heart!
06-17 11:06:34.566 31070 32659 I native  : Translate Instance: 
06-17 11:06:34.566 31070 32659 I native  : Query (raw): 心の底から!
06-17 11:06:34.566 31070 32659 I native  : Query (after preprocess): 心 の 底 から !
06-17 11:06:34.566 31070 32659 I native  : Query ids (after tokenizer): 1391 4 3 1692 56 723 2
06-17 11:06:34.566 31070 32659 I native  : Translation ids: 1737 3 2314 6 1213 2456 430 2
06-17 11:06:34.566 31070 32659 I native  : Translation (after detokenizer): From the bottom of my heart !
06-17 11:06:34.566 31070 32659 I native  : Alignment probability:
06-17 11:06:34.566 31070 32659 I native  : 	From	the	bottom	of	my	heart	!
06-17 11:06:34.566 31070 32659 I native  : 心	0.0431373	0.270588	0.2	0.2	0.882353	0.894118	0.0666667
06-17 11:06:34.566 31070 32659 I native  : の	0.00392157	0.0196078	0.00784314	0.247059	0.00392157	0.00392157	0.0196078
06-17 11:06:34.566 31070 32659 I native  : 底	0.0941176	0.580392	0.776471	0.176471	0.0196078	0.0235294	0.054902
06-17 11:06:34.566 31070 32659 I native  : から	0.701961	0.0627451	0.00392157	0.0862745	0	0	0.0784314
06-17 11:06:34.566 31070 32659 I native  : !	0.054902	0.0196078	0	0.160784	0.0117647	0.00784314	0.662745
06-17 11:06:34.566 31070 32659 I native  : Translation (before postprocess): From the bottom of my heart !
06-17 11:06:34.571 31070 32598 D native  : I0617 11:06:34.571611   32598 mergeddicttrans.cc:1860] The current system has NMT.
06-17 11:06:34.571 31070 32598 D native  : I0617 11:06:34.571671   32598 mergeddicttrans.cc:1866] Sentence #0: -Hミシオの宿を
06-17 11:06:34.571 31070 32598 D native  : I0617 11:06:34.571700   32598 mergeddicttrans.cc:1918] To be translated by NMT.
06-17 11:06:34.590 31070 32598 I native  : I0617 11:06:34.590061   32598 mergeddicttrans.cc:1827] Sentence #0: -Hミシオの宿を
06-17 11:06:34.590 31070 32598 I native  : I0617 11:06:34.590128   32598 mergeddicttrans.cc:1828] 
06-17 11:06:34.590 31070 32598 I native  : Source language: ja, target language: en
06-17 11:06:34.590 31070 32598 I native  : 
06-17 11:06:34.590 31070 32598 I native  : Has period trick: 0
06-17 11:06:34.590 31070 32598 I native  : 
06-17 11:06:34.590 31070 32598 I native  : Full translation: -H Missio hotel
06-17 11:06:34.590 31070 32598 I native  : Translate Instance: 
06-17 11:06:34.590 31070 32598 I native  : Query (raw): -Hミシオの宿を
06-17 11:06:34.590 31070 32598 I native  : Query (after preprocess): -h ミシオ の 宿 を
06-17 11:06:34.590 31070 32598 I native  : Query ids (after tokenizer): 121 80 762 195 319 4 3 1516 7 2
06-17 11:06:34.590 31070 32598 I native  : Translation ids: 15 214 33 1310 509 745 2
06-17 11:06:34.590 31070 32598 I native  : Translation (after detokenizer): -h Missio hotel
06-17 11:06:34.590 31070 32598 I native  : Alignment probability:
06-17 11:06:34.590 31070 32598 I native  : 	-h	Missio	hotel
06-17 11:06:34.590 31070 32598 I native  : -h	0.856863	0.0849673	0
06-17 11:06:34.590 31070 32598 I native  : ミシオ	0.0352941	0.768627	0.00784314
06-17 11:06:34.590 31070 32598 I native  : の	0.00980392	0.0235294	0.278431
06-17 11:06:34.590 31070 32598 I native  : 宿	0.0411765	0.0522876	0.65098
06-17 11:06:34.590 31070 32598 I native  : を	0.0352941	0.0183007	0.0431373
06-17 11:06:34.590 31070 32598 I native  : Translation (before postprocess): -h Missio hotel
06-17 11:06:34.591 31070 32599 D native  : I0617 11:06:34.591696   32599 mergeddicttrans.cc:1860] The current system has NMT.
06-17 11:06:34.591 31070 32599 D native  : I0617 11:06:34.591736   32599 mergeddicttrans.cc:1866] Sentence #0: たとえあなただちが
06-17 11:06:34.591 31070 32599 D native  : I0617 11:06:34.591769   32599 mergeddicttrans.cc:1918] To be translated by NMT.
06-17 11:06:34.609 31070 32599 I native  : I0617 11:06:34.609000   32599 mergeddicttrans.cc:1827] Sentence #0: たとえあなただちが
06-17 11:06:34.609 31070 32599 I native  : I0617 11:06:34.609097   32599 mergeddicttrans.cc:1828] 
06-17 11:06:34.609 31070 32599 I native  : Source language: ja, target language: en
06-17 11:06:34.609 31070 32599 I native  : 
06-17 11:06:34.609 31070 32599 I native  : Has period trick: 0
06-17 11:06:34.609 31070 32599 I native  : 
06-17 11:06:34.609 31070 32599 I native  : Full translation: Even if there is a mistake
06-17 11:06:34.609 31070 32599 I native  : Translate Instance: 
06-17 11:06:34.609 31070 32599 I native  : Query (raw): たとえあなただちが
06-17 11:06:34.609 31070 32599 I native  : Query (after preprocess): たとえ あ なただち が
06-17 11:06:34.609 31070 32599 I native  : Query ids (after tokenizer): 15 291 202 838 26 398 1019 333 10 2
06-17 11:06:34.609 31070 32599 I native  : Translation ids: 2697 264 279 11 9 3428 1161 2
06-17 11:06:34.609 31070 32599 I native  : Translation (after detokenizer): Even if there is a mistake
06-17 11:06:34.609 31070 32599 I native  : Alignment probability:
06-17 11:06:34.609 31070 32599 I native  : 	Even	if	there	is	a	mistake
06-17 11:06:34.609 31070 32599 I native  : たとえ	0.627451	0.360784	0.176471	0.133333	0.0509804	0.0568627
06-17 11:06:34.609 31070 32599 I native  : あ	0.152941	0.329412	0.247059	0.219608	0.152941	0.0686275
06-17 11:06:34.609 31070 32599 I native  : なただち	0.14902	0.2	0.356863	0.396078	0.407843	0.305882
06-17 11:06:34.609 31070 32599 I native  : が	0.0431373	0.0509804	0.0705882	0.0784314	0.0431373	0.0215686
06-17 11:06:34.609 31070 32599 I native  : Translation (before postprocess): Even if there is a mistake
06-17 11:06:34.610 31070 32649 D native  : I0617 11:06:34.610417   32649 mergeddicttrans.cc:1860] The current system has NMT.
06-17 11:06:34.610 31070 32649 D native  : I0617 11:06:34.610491   32649 mergeddicttrans.cc:1866] Sentence #0: あたしは
06-17 11:06:34.610 31070 32649 D native  : I0617 11:06:34.610521   32649 mergeddicttrans.cc:1522] STT before postprocess: あたしは -> I
06-17 11:06:34.638 31070 32651 D PipelineManager: Start process bitmap
06-17 11:06:34.649 31070  1587 I tflite  : Replacing 44 out of 46 node(s) with delegate (TfLiteXNNPackDelegate) node, yielding 3 partitions for the whole graph.
06-17 11:06:34.714 31070 32651 D PipelineManager: OCR process succeeded via visionkit pipeline.
06-17 11:06:35.582 31070 31938 W onnxruntime:  [W:onnxruntime:, nnapi_execution_provider.cc:229 GetCapability] NnapiExecutionProvider::GetCapability, number of partitions supported by NNAPI: 145 number of nodes in the graph: 1537 number of nodes supported by NNAPI: 997
06-17 11:06:35.590 31070 31938 W onnxruntime:  [W:onnxruntime:, nnapi_execution_provider.cc:229 GetCapability] NnapiExecutionProvider::GetCapability, number of partitions supported by NNAPI: 145 number of nodes in the graph: 1553 number of nodes supported by NNAPI: 1011
06-17 11:06:35.747 31070 31938 I ExecutionPlan: ExecutionPlan::SimpleBody::finish: compilation finished successfully on nnapi-reference
06-17 11:06:35.747 31070 31938 I ExecutionPlan: ExecutionPlan::SimpleBody::finish: compilation finished successfully on nnapi-reference
06-17 11:06:35.747 31070 31938 I ExecutionPlan: ExecutionPlan::SimpleBody::finish: compilation finished successfully on nnapi-reference
06-17 11:06:35.747 31070 31938 I ExecutionPlan: ExecutionPlan::SimpleBody::finish: compilation finished successfully on nnapi-reference
06-17 11:06:35.747 31070 31938 I ExecutionPlan: ExecutionPlan::SimpleBody::finish: compilation finished successfully on nnapi-reference
06-17 11:06:35.748 31070 31938 I ExecutionPlan: ExecutionPlan::SimpleBody::finish: compilation finished successfully on nnapi-reference
06-17 11:06:35.748 31070 31938 I ExecutionPlan: ExecutionPlan::SimpleBody::finish: compilation finished successfully on nnapi-reference
06-17 11:06:35.748 31070 31938 I ExecutionPlan: ExecutionPlan::SimpleBody::finish: compilation finished successfully on nnapi-reference
06-17 11:06:35.748 31070 31938 I ExecutionPlan: ExecutionPlan::SimpleBody::finish: compilation finished successfully on nnapi-reference
06-17 11:06:35.748 31070 31938 I ExecutionPlan: ExecutionPlan::SimpleBody::finish: compilation finished successfully on nnapi-reference
06-17 11:06:35.748 31070 31938 I ExecutionPlan: ExecutionPlan::SimpleBody::finish: compilation finished successfully on nnapi-reference
06-17 11:06:35.749 31070 31938 I ExecutionPlan: ExecutionPlan::SimpleBody::finish: compilation finished successfully on nnapi-reference
06-17 11:06:35.749 31070 31938 I ExecutionPlan: ExecutionPlan::SimpleBody::finish: compilation finished successfully on nnapi-reference
06-17 11:06:35.749 31070 31938 I ExecutionPlan: ExecutionPlan::SimpleBody::finish: compilation finished successfully on nnapi-reference
06-17 11:06:35.749 31070 31938 I ExecutionPlan: ExecutionPlan::SimpleBody::finish: compilation finished successfully on nnapi-reference
06-17 11:06:35.749 31070 31938 I ExecutionPlan: ExecutionPlan::SimpleBody::finish: compilation finished successfully on nnapi-reference
06-17 11:06:35.749 31070 31938 I ExecutionPlan: ExecutionPlan::SimpleBody::finish: compilation finished successfully on nnapi-reference
06-17 11:06:35.749 31070 31938 I ExecutionPlan: ExecutionPlan::SimpleBody::finish: compilation finished successfully on nnapi-reference
06-17 11:06:35.750 31070 31938 I ExecutionPlan: ExecutionPlan::SimpleBody::finish: compilation finished successfully on nnapi-reference
06-17 11:06:35.750 31070 31938 I ExecutionPlan: ExecutionPlan::SimpleBody::finish: compilation finished successfully on nnapi-reference
06-17 11:06:35.750 31070 31938 I ExecutionPlan: ExecutionPlan::SimpleBody::finish: compilation finished successfully on nnapi-reference
06-17 11:06:35.750 31070 31938 I ExecutionPlan: ExecutionPlan::SimpleBody::finish: compilation finished successfully on nnapi-reference
06-17 11:06:35.750 31070 31938 I ExecutionPlan: ExecutionPlan::SimpleBody::finish: compilation finished successfully on nnapi-reference
06-17 11:06:35.750 31070 31938 I ExecutionPlan: ExecutionPlan::SimpleBody::finish: compilation finished successfully on nnapi-reference
06-17 11:06:35.750 31070 31938 I ExecutionPlan: ExecutionPlan::SimpleBody::finish: compilation finished successfully on nnapi-reference
06-17 11:06:35.751 31070 31938 I ExecutionPlan: ExecutionPlan::SimpleBody::finish: compilation finished successfully on nnapi-reference
06-17 11:06:35.751 31070 31938 I ExecutionPlan: ExecutionPlan::SimpleBody::finish: compilation finished successfully on nnapi-reference
06-17 11:06:35.751 31070 31938 I ExecutionPlan: ExecutionPlan::SimpleBody::finish: compilation finished successfully on nnapi-reference
06-17 11:06:35.751 31070 31938 I ExecutionPlan: ExecutionPlan::SimpleBody::finish: compilation finished successfully on nnapi-reference
06-17 11:06:35.751 31070 31938 I ExecutionPlan: ExecutionPlan::SimpleBody::finish: compilation finished successfully on nnapi-reference
06-17 11:06:35.751 31070 31938 I ExecutionPlan: ExecutionPlan::SimpleBody::finish: compilation finished successfully on nnapi-reference
06-17 11:06:35.751 31070 31938 I ExecutionPlan: ExecutionPlan::SimpleBody::finish: compilation finished successfully on nnapi-reference
06-17 11:06:35.752 31070 31938 I ExecutionPlan: ExecutionPlan::SimpleBody::finish: compilation finished successfully on nnapi-reference
06-17 11:06:35.752 31070 31938 I ExecutionPlan: ExecutionPlan::SimpleBody::finish: compilation finished successfully on nnapi-reference
06-17 11:06:35.752 31070 31938 I ExecutionPlan: ExecutionPlan::SimpleBody::finish: compilation finished successfully on nnapi-reference
06-17 11:06:35.752 31070 31938 I ExecutionPlan: ExecutionPlan::SimpleBody::finish: compilation finished successfully on nnapi-reference
06-17 11:06:35.752 31070 31938 I ExecutionPlan: ExecutionPlan::SimpleBody::finish: compilation finished successfully on nnapi-reference
06-17 11:06:35.752 31070 31938 I ExecutionPlan: ExecutionPlan::SimpleBody::finish: compilation finished successfully on nnapi-reference
06-17 11:06:35.752 31070 31938 I ExecutionPlan: ExecutionPlan::SimpleBody::finish: compilation finished successfully on nnapi-reference
06-17 11:06:35.753 31070 31938 I ExecutionPlan: ExecutionPlan::SimpleBody::finish: compilation finished successfully on nnapi-reference
06-17 11:06:35.753 31070 31938 I ExecutionPlan: ExecutionPlan::SimpleBody::finish: compilation finished successfully on nnapi-reference
06-17 11:06:35.753 31070 31938 I ExecutionPlan: ExecutionPlan::SimpleBody::finish: compilation finished successfully on nnapi-reference
06-17 11:06:35.753 31070 31938 I ExecutionPlan: ExecutionPlan::SimpleBody::finish: compilation finished successfully on nnapi-reference
06-17 11:06:35.754 31070 31938 I ExecutionPlan: ExecutionPlan::SimpleBody::finish: compilation finished successfully on nnapi-reference
06-17 11:06:35.755 31070 31938 I ExecutionPlan: ExecutionPlan::SimpleBody::finish: compilation finished successfully on nnapi-reference
06-17 11:06:35.755 31070 31938 I ExecutionPlan: ExecutionPlan::SimpleBody::finish: compilation finished successfully on nnapi-reference
06-17 11:06:35.755 31070 31938 I ExecutionPlan: ExecutionPlan::SimpleBody::finish: compilation finished successfully on nnapi-reference
06-17 11:06:35.755 31070 31938 I ExecutionPlan: ExecutionPlan::SimpleBody::finish: compilation finished successfully on nnapi-reference
06-17 11:06:35.755 31070 31938 I ExecutionPlan: ExecutionPlan::SimpleBody::finish: compilation finished successfully on nnapi-reference
06-17 11:06:35.755 31070 31938 I ExecutionPlan: ExecutionPlan::SimpleBody::finish: compilation finished successfully on nnapi-reference
06-17 11:06:35.756 31070 31938 I ExecutionPlan: ExecutionPlan::SimpleBody::finish: compilation finished successfully on nnapi-reference
06-17 11:06:35.767 31070 32654 D DecoupledTextDelegate: Start loading thick OCR module.
06-17 11:06:35.768 31070 32654 I DynamiteModule: Considering local module com.google.mlkit.dynamite.text.japanese:10000 and remote module com.google.mlkit.dynamite.text.japanese:0
06-17 11:06:35.768 31070 32654 I DynamiteModule: Selected local version of com.google.mlkit.dynamite.text.japanese
06-17 11:06:35.769 31070 32654 I native  : I0000 00:00:1781669195.769362   32654 asset_manager_util.cc:61] Created global reference to asset manager.
06-17 11:06:35.775 31070  1649 I native  : I0000 00:00:1781669195.775198    1649 resource_manager.cc:23] Number of optimal threads: 6
06-17 11:06:35.775 31070  1648 I native  : I0000 00:00:1781669195.775582    1648 text_detector_thread_pool_context.cc:38] Compute manager max in flight region detector overwrite: 1
06-17 11:06:35.775 31070  1649 I native  : I0000 00:00:1781669195.775601    1649 text_classifier.cc:32] Creating classifier TfliteTextClassifier
06-17 11:06:35.775 31070  1648 I native  : I0000 00:00:1781669195.775897    1648 common_util.h:41] Resizing Thread Pool: ocr_det_0 to 3
06-17 11:06:35.776 31070  1649 I native  : I0000 00:00:1781669195.776169    1649 common_util.h:41] Resizing Thread Pool: ocr_segm to 3
06-17 11:06:35.776 31070  1648 I native  : I0000 00:00:1781669195.776398    1648 tflite_detector_client_with_shape_cache.cc:76] Interpreter threads: 6
06-17 11:06:35.777 31070  1648 I tflite  : Replacing 44 out of 46 node(s) with delegate (TfLiteXNNPackDelegate) node, yielding 3 partitions for the whole graph.
06-17 11:06:35.777 31070  1649 I native  : I0000 00:00:1781669195.777818    1649 tflite_lstm_client_base.cc:371] Resizing interpreter pool to 4
06-17 11:06:35.778 31070  1648 I native  : I0000 00:00:1781669195.778531    1648 tflite_detector_client_with_shape_cache.cc:105] Caching size: 10
06-17 11:06:35.779 31070  1649 I native  : I0000 00:00:1781669195.779038    1649 multi_pass_line_recognition_mutator.cc:342] Preloading recognizers.
06-17 11:06:35.779 31070  1648 I native  : I0000 00:00:1781669195.779268    1648 tflite_model_pooled_runner.cc:625] Loading mlkit-google-ocr-models/gocr/layout/line_splitting_custom_ops/model.tflite
06-17 11:06:35.779 31070 32646 I native  : I0000 00:00:1781669195.779270   32646 tflite_model_pooled_runner.cc:625] Loading mlkit-google-ocr-models/gocr/gocr_models/line_recognition_legacy_mobile/Latn_ctc/optical/conv_model.fb
06-17 11:06:35.779 31070 32617 I native  : I0000 00:00:1781669195.779291   32617 tflite_model_pooled_runner.cc:625] Loading mlkit-google-ocr-models/gocr/gocr_models/line_recognition_legacy_mobile/Hani_ctc/optical/conv_model.fb
06-17 11:06:35.779 31070 32645 I native  : I0000 00:00:1781669195.779295   32645 tflite_model_pooled_runner.cc:625] Loading mlkit-google-ocr-models/gocr/gocr_models/line_recognition_legacy_mobile/Jpan_ctc/optical/conv_model.fb
06-17 11:06:35.779 31070  1648 I native  : I0000 00:00:1781669195.779500    1648 tflite_model_pooled_runner.cc:836] Resizing interpreter pool to 1
06-17 11:06:35.779 31070  1648 I native  : I0000 00:00:1781669195.779725    1648 tflite_model_pooled_runner.cc:625] Loading mlkit-google-ocr-models/gocr/layout/line_clustering_custom_ops/model.tflite
06-17 11:06:35.779 31070 32617 I native  : I0000 00:00:1781669195.779760   32617 tflite_model_pooled_runner.cc:636] Loading mlkit-google-ocr-models/gocr/gocr_models/line_recognition_legacy_mobile/Hani_ctc/optical/lstm_model.fb
06-17 11:06:35.779 31070 32646 I native  : I0000 00:00:1781669195.779943   32646 tflite_model_pooled_runner.cc:636] Loading mlkit-google-ocr-models/gocr/gocr_models/line_recognition_legacy_mobile/Latn_ctc/optical/lstm_model.fb
06-17 11:06:35.780 31070  1648 I native  : I0000 00:00:1781669195.780097    1648 tflite_model_pooled_runner.cc:836] Resizing interpreter pool to 1
06-17 11:06:35.780 31070 32645 I native  : I0000 00:00:1781669195.780488   32645 tflite_model_pooled_runner.cc:636] Loading mlkit-google-ocr-models/gocr/gocr_models/line_recognition_legacy_mobile/Jpan_ctc/optical/lstm_model.fb
06-17 11:06:35.781 31070 32646 I native  : I0000 00:00:1781669195.781808   32646 tflite_model_pooled_runner.cc:836] Resizing interpreter pool to 4
06-17 11:06:35.783 31070 32646 I native  : I0000 00:00:1781669195.783262   32646 mobile_langid_v2.cc:58] MobileLangID V2 initialized.
06-17 11:06:35.783 31070 32646 I native  : I0000 00:00:1781669195.783450   32646 multi_pass_line_recognition_mutator.cc:364] Finished preloading a recognizer for "Latn"
06-17 11:06:35.785 31070 32617 I native  : I0000 00:00:1781669195.785650   32617 tflite_model_pooled_runner.cc:836] Resizing interpreter pool to 4
06-17 11:06:35.790 31070 32617 I native  : I0000 00:00:1781669195.790569   32617 mobile_langid_v2.cc:58] MobileLangID V2 initialized.
06-17 11:06:35.790 31070 32617 I native  : I0000 00:00:1781669195.790729   32617 multi_pass_line_recognition_mutator.cc:364] Finished preloading a recognizer for "Hani"
06-17 11:06:35.795 31070 32645 I native  : I0000 00:00:1781669195.795072   32645 tflite_model_pooled_runner.cc:836] Resizing interpreter pool to 4
06-17 11:06:35.798 31070 32645 I native  : I0000 00:00:1781669195.798400   32645 mobile_langid_v2.cc:58] MobileLangID V2 initialized.
06-17 11:06:35.798 31070 32645 I native  : I0000 00:00:1781669195.798492   32645 multi_pass_line_recognition_mutator.cc:364] Finished preloading a recognizer for "Jpan"
06-17 11:06:35.798 31070  1649 I native  : I0000 00:00:1781669195.798558    1649 multi_pass_line_recognition_mutator.cc:398] Finished preloading recognizers.
06-17 11:06:35.799 31070 32654 D PipelineManager: Start process bitmap
06-17 11:06:35.809 31070  1648 I tflite  : Replacing 44 out of 46 node(s) with delegate (TfLiteXNNPackDelegate) node, yielding 3 partitions for the whole graph.
06-17 11:06:35.820 31070  1648 I tflite  : Replacing 44 out of 46 node(s) with delegate (TfLiteXNNPackDelegate) node, yielding 3 partitions for the whole graph.
06-17 11:06:35.836 31070  1648 I tflite  : Replacing 44 out of 46 node(s) with delegate (TfLiteXNNPackDelegate) node, yielding 3 partitions for the whole graph.
06-17 11:06:35.861 31070  1648 I tflite  : Replacing 44 out of 46 node(s) with delegate (TfLiteXNNPackDelegate) node, yielding 3 partitions for the whole graph.
06-17 11:06:35.873 31070  1648 I tflite  : Replacing 44 out of 46 node(s) with delegate (TfLiteXNNPackDelegate) node, yielding 3 partitions for the whole graph.
06-17 11:06:35.931 31070 32654 D PipelineManager: OCR process succeeded via visionkit pipeline.
06-17 11:06:36.104 31070 32657 D native  : I0617 11:06:36.104794   32657 mergeddicttrans.cc:1860] The current system has NMT.
06-17 11:06:36.104 31070 32657 D native  : I0617 11:06:36.104970   32657 mergeddicttrans.cc:1866] Sentence #0: だから
06-17 11:06:36.105 31070 32657 D native  : I0617 11:06:36.105037   32657 mergeddicttrans.cc:1918] To be translated by NMT.
06-17 11:06:36.112 31070 32657 I native  : I0617 11:06:36.112662   32657 mergeddicttrans.cc:1827] Sentence #0: だから
06-17 11:06:36.112 31070 32657 I native  : I0617 11:06:36.112893   32657 mergeddicttrans.cc:1828] 
06-17 11:06:36.112 31070 32657 I native  : Source language: ja, target language: en
06-17 11:06:36.112 31070 32657 I native  : 
06-17 11:06:36.112 31070 32657 I native  : Has period trick: 0
06-17 11:06:36.112 31070 32657 I native  : 
06-17 11:06:36.112 31070 32657 I native  : Full translation: So
06-17 11:06:36.112 31070 32657 I native  : Translate Instance: 
06-17 11:06:36.112 31070 32657 I native  : Query (raw): だから
06-17 11:06:36.112 31070 32657 I native  : Query (after preprocess): だ から
06-17 11:06:36.112 31070 32657 I native  : Query ids (after tokenizer): 804 56 2
06-17 11:06:36.112 31070 32657 I native  : Translation ids: 340 2
06-17 11:06:36.112 31070 32657 I native  : Translation (after detokenizer): so
06-17 11:06:36.112 31070 32657 I native  : Alignment probability:
06-17 11:06:36.112 31070 32657 I native  : 	so
06-17 11:06:36.112 31070 32657 I native  : だ	0.121569
06-17 11:06:36.112 31070 32657 I native  : から	0.227451
06-17 11:06:36.112 31070 32657 I native  : Translation (before postprocess): so
06-17 11:06:36.114 31070 32659 D native  : I0617 11:06:36.114663   32659 mergeddicttrans.cc:1860] The current system has NMT.
06-17 11:06:36.114 31070 32659 D native  : I0617 11:06:36.114722   32659 mergeddicttrans.cc:1866] Sentence #0: 得意分野
06-17 11:06:36.114 31070 32659 D native  : I0617 11:06:36.114753   32659 mergeddicttrans.cc:1522] STT before postprocess: 得意分野 -> Specialty
06-17 11:06:36.115 31070 32598 D native  : I0617 11:06:36.115675   32598 mergeddicttrans.cc:1860] The current system has NMT.
06-17 11:06:36.115 31070 32598 D native  : I0617 11:06:36.115746   32598 mergeddicttrans.cc:1866] Sentence #0: メディスの
06-17 11:06:36.115 31070 32598 D native  : I0617 11:06:36.115774   32598 mergeddicttrans.cc:1918] To be translated by NMT.
06-17 11:06:36.124 31070 32598 I native  : I0617 11:06:36.124545   32598 mergeddicttrans.cc:1827] Sentence #0: メディスの
06-17 11:06:36.124 31070 32598 I native  : I0617 11:06:36.124629   32598 mergeddicttrans.cc:1828] 
06-17 11:06:36.124 31070 32598 I native  : Source language: ja, target language: en
06-17 11:06:36.124 31070 32598 I native  : 
06-17 11:06:36.124 31070 32598 I native  : Has period trick: 0
06-17 11:06:36.124 31070 32598 I native  : 
06-17 11:06:36.124 31070 32598 I native  : Full translation: Medis
06-17 11:06:36.124 31070 32598 I native  : Translate Instance: 
06-17 11:06:36.124 31070 32598 I native  : Query (raw): メディスの
06-17 11:06:36.124 31070 32598 I native  : Query (after preprocess): メディス の
06-17 11:06:36.124 31070 32598 I native  : Query ids (after tokenizer): 111 552 48 4 2
06-17 11:06:36.124 31070 32598 I native  : Translation ids: 2953 163 2
06-17 11:06:36.124 31070 32598 I native  : Translation (after detokenizer): medis
06-17 11:06:36.124 31070 32598 I native  : Alignment probability:
06-17 11:06:36.124 31070 32598 I native  : 	medis
06-17 11:06:36.124 31070 32598 I native  : メディス	0.841177
06-17 11:06:36.124 31070 32598 I native  : の	0.0784314
06-17 11:06:36.124 31070 32598 I native  : Translation (before postprocess): medis
06-17 11:06:36.126 31070 32599 D native  : I0617 11:06:36.126699   32599 mergeddicttrans.cc:1860] The current system has NMT.
06-17 11:06:36.126 31070 32599 D native  : I0617 11:06:36.126762   32599 mergeddicttrans.cc:1866] Sentence #0: ちゃんと
06-17 11:06:36.126 31070 32599 D native  : I0617 11:06:36.126800   32599 mergeddicttrans.cc:1918] To be translated by NMT.
06-17 11:06:36.134 31070 32599 I native  : I0617 11:06:36.134015   32599 mergeddicttrans.cc:1827] Sentence #0: ちゃんと
06-17 11:06:36.134 31070 32599 I native  : I0617 11:06:36.134074   32599 mergeddicttrans.cc:1828] 
06-17 11:06:36.134 31070 32599 I native  : Source language: ja, target language: en
06-17 11:06:36.134 31070 32599 I native  : 
06-17 11:06:36.134 31070 32599 I native  : Has period trick: 0
06-17 11:06:36.134 31070 32599 I native  : 
06-17 11:06:36.134 31070 32599 I native  : Full translation: Properly
06-17 11:06:36.134 31070 32599 I native  : Translate Instance: 
06-17 11:06:36.134 31070 32599 I native  : Query (raw): ちゃんと
06-17 11:06:36.134 31070 32599 I native  : Query (after preprocess): ちゃんと
06-17 11:06:36.134 31070 32599 I native  : Query ids (after tokenizer): 2212 354 291 2
06-17 11:06:36.134 31070 32599 I native  : Translation ids: 2531 55 2
06-17 11:06:36.134 31070 32599 I native  : Translation (after detokenizer): properly
06-17 11:06:36.134 31070 32599 I native  : Alignment probability:
06-17 11:06:36.134 31070 32599 I native  : 	properly
06-17 11:06:36.134 31070 32599 I native  : ちゃんと	0.335294
06-17 11:06:36.134 31070 32599 I native  : Translation (before postprocess): properly
06-17 11:06:36.136 31070 32649 D native  : I0617 11:06:36.136011   32649 mergeddicttrans.cc:1860] The current system has NMT.
06-17 11:06:36.136 31070 32649 D native  : I0617 11:06:36.136071   32649 mergeddicttrans.cc:1866] Sentence #0: 要求は
06-17 11:06:36.136 31070 32649 D native  : I0617 11:06:36.136096   32649 mergeddicttrans.cc:1918] To be translated by NMT.
06-17 11:06:36.143 31070 32649 I native  : I0617 11:06:36.143836   32649 mergeddicttrans.cc:1827] Sentence #0: 要求は
06-17 11:06:36.144 31070 32649 I native  : I0617 11:06:36.144027   32649 mergeddicttrans.cc:1828] 
06-17 11:06:36.144 31070 32649 I native  : Source language: ja, target language: en
06-17 11:06:36.144 31070 32649 I native  : 
06-17 11:06:36.144 31070 32649 I native  : Has period trick: 0
06-17 11:06:36.144 31070 32649 I native  : 
06-17 11:06:36.144 31070 32649 I native  : Full translation: Is the request
06-17 11:06:36.144 31070 32649 I native  : Translate Instance: 
06-17 11:06:36.144 31070 32649 I native  : Query (raw): 要求は
06-17 11:06:36.144 31070 32649 I native  : Query (after preprocess): 要求 は
06-17 11:06:36.144 31070 32649 I native  : Query ids (after tokenizer): 430 769 9 2
06-17 11:06:36.144 31070 32649 I native  : Translation ids: 11 3 855 2
06-17 11:06:36.144 31070 32649 I native  : Translation (after detokenizer): is the request
06-17 11:06:36.144 31070 32649 I native  : Alignment probability:
06-17 11:06:36.144 31070 32649 I native  : 	is	the	request
06-17 11:06:36.144 31070 32649 I native  : 要求	0.286275	0.368627	0.619608
06-17 11:06:36.144 31070 32649 I native  : は	0.431373	0.188235	0.0705882
06-17 11:06:36.144 31070 32649 I native  : Translation (before postprocess): is the request
06-17 11:06:36.146 31070 32651 D native  : I0617 11:06:36.146510   32651 mergeddicttrans.cc:1860] The current system has NMT.
06-17 11:06:36.146 31070 32651 D native  : I0617 11:06:36.146572   32651 mergeddicttrans.cc:1866] Sentence #0: あたしの
06-17 11:06:36.146 31070 32651 D native  : I0617 11:06:36.146600   32651 mergeddicttrans.cc:1522] STT before postprocess: あたしの -> my
06-17 11:06:36.148 31070 32652 D native  : I0617 11:06:36.148287   32652 mergeddicttrans.cc:1860] The current system has NMT.
06-17 11:06:36.148 31070 32652 D native  : I0617 11:06:36.148336   32652 mergeddicttrans.cc:1866] Sentence #0: なくてい
06-17 11:06:36.148 31070 32652 D native  : I0617 11:06:36.148356   32652 mergeddicttrans.cc:1918] To be translated by NMT.
06-17 11:06:36.158 31070 32652 I native  : I0617 11:06:36.158348   32652 mergeddicttrans.cc:1827] Sentence #0: なくてい
06-17 11:06:36.158 31070 32652 I native  : I0617 11:06:36.158440   32652 mergeddicttrans.cc:1828] 
06-17 11:06:36.158 31070 32652 I native  : Source language: ja, target language: en
06-17 11:06:36.158 31070 32652 I native  : 
06-17 11:06:36.158 31070 32652 I native  : Has period trick: 0
06-17 11:06:36.158 31070 32652 I native  : 
06-17 11:06:36.158 31070 32652 I native  : Full translation: Absent
06-17 11:06:36.158 31070 32652 I native  : Translate Instance: 
06-17 11:06:36.158 31070 32652 I native  : Query (raw): なくてい
06-17 11:06:36.158 31070 32652 I native  : Query (after preprocess): なく てい
06-17 11:06:36.158 31070 32652 I native  : Query ids (after tokenizer): 1051 12 44 2
06-17 11:06:36.158 31070 32652 I native  : Translation ids: 2610 117 2
06-17 11:06:36.158 31070 32652 I native  : Translation (after detokenizer): absent
06-17 11:06:36.158 31070 32652 I native  : Alignment probability:
06-17 11:06:36.158 31070 32652 I native  : 	absent
06-17 11:06:36.158 31070 32652 I native  : なく	0.233333
06-17 11:06:36.158 31070 32652 I native  : てい	0.0588235
06-17 11:06:36.158 31070 32652 I native  : Translation (before postprocess): absent
06-17 11:06:36.159 31070 32654 D native  : I0617 11:06:36.159622   32654 mergeddicttrans.cc:1860] The current system has NMT.
06-17 11:06:36.159 31070 32654 D native  : I0617 11:06:36.159701   32654 mergeddicttrans.cc:1866] Sentence #0: お堅い話橋じゃ
06-17 11:06:36.159 31070 32654 D native  : I0617 11:06:36.159727   32654 mergeddicttrans.cc:1918] To be translated by NMT.
06-17 11:06:36.173 31070 32654 I native  : I0617 11:06:36.173597   32654 mergeddicttrans.cc:1827] Sentence #0: お堅い話橋じゃ
06-17 11:06:36.173 31070 32654 I native  : I0617 11:06:36.173684   32654 mergeddicttrans.cc:1828] 
06-17 11:06:36.173 31070 32654 I native  : Source language: ja, target language: en
06-17 11:06:36.173 31070 32654 I native  : 
06-17 11:06:36.173 31070 32654 I native  : Has period trick: 0
06-17 11:06:36.173 31070 32654 I native  : 
06-17 11:06:36.173 31070 32654 I native  : Full translation: A tough story bridge
06-17 11:06:36.173 31070 32654 I native  : Translate Instance: 
06-17 11:06:36.173 31070 32654 I native  : Query (raw): お堅い話橋じゃ
06-17 11:06:36.173 31070 32654 I native  : Query (after preprocess): お堅い 話橋 じゃ
06-17 11:06:36.173 31070 32654 I native  : Query ids (after tokenizer): 296 2440 44 1668 1731 2133 1958 2
06-17 11:06:36.173 31070 32654 I native  : Translation ids: 46 110 2565 3251 349 1981 2
06-17 11:06:36.173 31070 32654 I native  : Translation (after detokenizer): A tough story bridge
06-17 11:06:36.173 31070 32654 I native  : Alignment probability:
06-17 11:06:36.173 31070 32654 I native  : 	A	tough	story	bridge
06-17 11:06:36.173 31070 32654 I native  : お堅い	0.4	0.752941	0.0784314	0.00196078
06-17 11:06:36.173 31070 32654 I native  : 話橋	0.0705882	0.113725	0.894118	0.952941
06-17 11:06:36.173 31070 32654 I native  : じゃ	0.431373	0.0117647	0.00392157	0.0196078
06-17 11:06:36.173 31070 32654 I native  : Translation (before postprocess): A tough story bridge
06-17 11:06:36.174 31070 32657 D native  : I0617 11:06:36.174828   32657 mergeddicttrans.cc:1860] The current system has NMT.
06-17 11:06:36.174 31070 32657 D native  : I0617 11:06:36.174883   32657 mergeddicttrans.cc:1866] Sentence #0: そういう
06-17 11:06:36.174 31070 32657 D native  : I0617 11:06:36.174917   32657 mergeddicttrans.cc:1918] To be translated by NMT.
06-17 11:06:36.183 31070 32657 I native  : I0617 11:06:36.183184   32657 mergeddicttrans.cc:1827] Sentence #0: そういう
06-17 11:06:36.183 31070 32657 I native  : I0617 11:06:36.183267   32657 mergeddicttrans.cc:1828] 
06-17 11:06:36.183 31070 32657 I native  : Source language: ja, target language: en
06-17 11:06:36.183 31070 32657 I native  : 
06-17 11:06:36.183 31070 32657 I native  : Has period trick: 0
06-17 11:06:36.183 31070 32657 I native  : 
06-17 11:06:36.183 31070 32657 I native  : Full translation: Such
06-17 11:06:36.183 31070 32657 I native  : Translate Instance: 
06-17 11:06:36.183 31070 32657 I native  : Query (raw): そういう
06-17 11:06:36.183 31070 32657 I native  : Query (after preprocess): そういう
06-17 11:06:36.183 31070 32657 I native  : Query ids (after tokenizer): 1602 44 368 2
06-17 11:06:36.183 31070 32657 I native  : Translation ids: 183 2
06-17 11:06:36.183 31070 32657 I native  : Translation (after detokenizer): such
06-17 11:06:36.183 31070 32657 I native  : Alignment probability:
06-17 11:06:36.183 31070 32657 I native  : 	such
06-17 11:06:36.183 31070 32657 I native  : そういう	0.654902
06-17 11:06:36.183 31070 32657 I native  : Translation (before postprocess): such
06-17 11:06:36.188 31070 32659 D native  : I0617 11:06:36.188044   32659 mergeddicttrans.cc:1860] The current system has NMT.
06-17 11:06:36.188 31070 32659 D native  : I0617 11:06:36.188103   32659 mergeddicttrans.cc:1866] Sentence #0: だった!
06-17 11:06:36.188 31070 32659 D native  : I0617 11:06:36.188125   32659 mergeddicttrans.cc:1918] To be translated by NMT.
06-17 11:06:36.201 31070 32659 I native  : I0617 11:06:36.201115   32659 mergeddicttrans.cc:1827] Sentence #0: だった!
06-17 11:06:36.201 31070 32659 I native  : I0617 11:06:36.201231   32659 mergeddicttrans.cc:1828] 
06-17 11:06:36.201 31070 32659 I native  : Source language: ja, target language: en
06-17 11:06:36.201 31070 32659 I native  : 
06-17 11:06:36.201 31070 32659 I native  : Has period trick: 0
06-17 11:06:36.201 31070 32659 I native  : 
06-17 11:06:36.201 31070 32659 I native  : Full translation: It was!
06-17 11:06:36.201 31070 32659 I native  : Translate Instance: 
06-17 11:06:36.201 31070 32659 I native  : Query (raw): だった!
06-17 11:06:36.201 31070 32659 I native  : Query (after preprocess): だっ た !
06-17 11:06:36.201 31070 32659 I native  : Query ids (after tokenizer): 1720 15 723 2
06-17 11:06:36.201 31070 32659 I native  : Translation ids: 209 107 430 2
06-17 11:06:36.201 31070 32659 I native  : Translation (after detokenizer): It was !
06-17 11:06:36.201 31070 32659 I native  : Alignment probability:
06-17 11:06:36.201 31070 32659 I native  : 	It	was	!
06-17 11:06:36.201 31070 32659 I native  : だっ	0.466667	0.286275	0.0980392
06-17 11:06:36.201 31070 32659 I native  : た	0.160784	0.439216	0.027451
06-17 11:06:36.201 31070 32659 I native  : !	0.247059	0.152941	0.439216
06-17 11:06:36.201 31070 32659 I native  : Translation (before postprocess): It was !
06-17 11:06:36.203 31070 32598 D native  : I0617 11:06:36.203911   32598 mergeddicttrans.cc:1860] The current system has NMT.
06-17 11:06:36.203 31070 32598 D native  : I0617 11:06:36.203975   32598 mergeddicttrans.cc:1866] Sentence #0: 撃率な番言
06-17 11:06:36.204 31070 32598 D native  : I0617 11:06:36.204002   32598 mergeddicttrans.cc:1918] To be translated by NMT.
06-17 11:06:36.222 31070 32598 I native  : I0617 11:06:36.222603   32598 mergeddicttrans.cc:1827] Sentence #0: 撃率な番言
06-17 11:06:36.222 31070 32598 I native  : I0617 11:06:36.222685   32598 mergeddicttrans.cc:1828] 
06-17 11:06:36.222 31070 32598 I native  : Source language: ja, target language: en
06-17 11:06:36.222 31070 32598 I native  : 
06-17 11:06:36.222 31070 32598 I native  : Has period trick: 0
06-17 11:06:36.222 31070 32598 I native  : 
06-17 11:06:36.222 31070 32598 I native  : Full translation: Watermanth
06-17 11:06:36.222 31070 32598 I native  : Translate Instance: 
06-17 11:06:36.222 31070 32598 I native  : Query (raw): 撃率な番言
06-17 11:06:36.222 31070 32598 I native  : Query (after preprocess): 撃率 な 番言
06-17 11:06:36.222 31070 32598 I native  : Query ids (after tokenizer): 3 1628 600 26 881 1814 2
06-17 11:06:36.222 31070 32598 I native  : Translation ids: 133 153 490 146 299 2
06-17 11:06:36.222 31070 32598 I native  : Translation (after detokenizer): Watermanth
06-17 11:06:36.222 31070 32598 I native  : Alignment probability:
06-17 11:06:36.222 31070 32598 I native  : 	Watermanth
06-17 11:06:36.222 31070 32598 I native  : 撃率	0.628235
06-17 11:06:36.222 31070 32598 I native  : な	0.0454902
06-17 11:06:36.222 31070 32598 I native  : 番言	0.162353
06-17 11:06:36.222 31070 32598 I native  : Translation (before postprocess): Watermanth
06-17 11:06:36.226 31070 32599 D native  : I0617 11:06:36.226613   32599 mergeddicttrans.cc:1860] The current system has NMT.
06-17 11:06:36.226 31070 32599 D native  : I0617 11:06:36.226680   32599 mergeddicttrans.cc:1866] Sentence #0: あまりにも
06-17 11:06:36.226 31070 32599 D native  : I0617 11:06:36.226705   32599 mergeddicttrans.cc:1918] To be translated by NMT.
06-17 11:06:36.235 31070 32599 I native  : I0617 11:06:36.235214   32599 mergeddicttrans.cc:1827] Sentence #0: あまりにも
06-17 11:06:36.235 31070 32599 I native  : I0617 11:06:36.235441   32599 mergeddicttrans.cc:1828] 
06-17 11:06:36.235 31070 32599 I native  : Source language: ja, target language: en
06-17 11:06:36.235 31070 32599 I native  : 
06-17 11:06:36.235 31070 32599 I native  : Has period trick: 0
06-17 11:06:36.235 31070 32599 I native  : 
06-17 11:06:36.235 31070 32599 I native  : Full translation: Too
06-17 11:06:36.235 31070 32599 I native  : Translate Instance: 
06-17 11:06:36.235 31070 32599 I native  : Query (raw): あまりにも
06-17 11:06:36.235 31070 32599 I native  : Query (after preprocess): あまり に も
06-17 11:06:36.235 31070 32599 I native  : Query ids (after tokenizer): 838 1289 8 54 2
06-17 11:06:36.235 31070 32599 I native  : Translation ids: 2467 2
06-17 11:06:36.235 31070 32599 I native  : Translation (after detokenizer): too
06-17 11:06:36.235 31070 32599 I native  : Alignment probability:
06-17 11:06:36.235 31070 32599 I native  : 	too
06-17 11:06:36.235 31070 32599 I native  : あまり	0.47451
06-17 11:06:36.235 31070 32599 I native  : に	0.027451
06-17 11:06:36.235 31070 32599 I native  : も	0.0666667
06-17 11:06:36.235 31070 32599 I native  : Translation (before postprocess): too
06-17 11:06:36.236 31070 32649 D native  : I0617 11:06:36.236956   32649 mergeddicttrans.cc:1860] The current system has NMT.
06-17 11:06:36.237 31070 32649 D native  : I0617 11:06:36.237043   32649 mergeddicttrans.cc:1866] Sentence #0: まだ..
06-17 11:06:36.237 31070 32649 D native  : I0617 11:06:36.237080   32649 mergeddicttrans.cc:1918] To be translated by NMT.
06-17 11:06:36.250 31070 32649 I native  : I0617 11:06:36.250932   32649 mergeddicttrans.cc:1827] Sentence #0: まだ..
06-17 11:06:36.251 31070 32649 I native  : I0617 11:06:36.251042   32649 mergeddicttrans.cc:1828] 
06-17 11:06:36.251 31070 32649 I native  : Source language: ja, target language: en
06-17 11:06:36.251 31070 32649 I native  : 
06-17 11:06:36.251 31070 32649 I native  : Has period trick: 0
06-17 11:06:36.251 31070 32649 I native  : 
06-17 11:06:36.251 31070 32649 I native  : Full translation: Still ..
06-17 11:06:36.251 31070 32649 I native  : Translate Instance: 
06-17 11:06:36.251 31070 32649 I native  : Query (raw): まだ..
06-17 11:06:36.251 31070 32649 I native  : Query (after preprocess): まだ ..
06-17 11:06:36.251 31070 32649 I native  : Query ids (after tokenizer): 436 1019 6 62 2
06-17 11:06:36.251 31070 32649 I native  : Translation ids: 233 673 4 64 2
06-17 11:06:36.251 31070 32649 I native  : Translation (after detokenizer): Still ..
06-17 11:06:36.251 31070 32649 I native  : Alignment probability:
06-17 11:06:36.251 31070 32649 I native  : 	Still	..
06-17 11:06:36.251 31070 32649 I native  : まだ	0.847059	0.123529
06-17 11:06:36.251 31070 32649 I native  : ..	0.072549	0.686275
06-17 11:06:36.251 31070 32649 I native  : Translation (before postprocess): Still ..
06-17 11:06:36.252 31070 32651 D native  : I0617 11:06:36.252861   32651 mergeddicttrans.cc:1860] The current system has NMT.
06-17 11:06:36.252 31070 32651 D native  : I0617 11:06:36.252951   32651 mergeddicttrans.cc:1866] Sentence #0: わたしには
06-17 11:06:36.252 31070 32651 D native  : I0617 11:06:36.252990   32651 mergeddicttrans.cc:1522] STT before postprocess: わたしには -> for me
06-17 11:06:36.254 31070 32652 D native  : I0617 11:06:36.254763   32652 mergeddicttrans.cc:1860] The current system has NMT.
06-17 11:06:36.254 31070 32652 D native  : I0617 11:06:36.254795   32652 mergeddicttrans.cc:1866] Sentence #0: 梅限とかは...
06-17 11:06:36.254 31070 32652 D native  : I0617 11:06:36.254816   32652 mergeddicttrans.cc:1918] To be translated by NMT.
06-17 11:06:36.277 31070 32652 I native  : I0617 11:06:36.277795   32652 mergeddicttrans.cc:1827] Sentence #0: 梅限とかは...
06-17 11:06:36.278 31070 32652 I native  : I0617 11:06:36.277960   32652 mergeddicttrans.cc:1828] 
06-17 11:06:36.278 31070 32652 I native  : Source language: ja, target language: en
06-17 11:06:36.278 31070 32652 I native  : 
06-17 11:06:36.278 31070 32652 I native  : Has period trick: 0
06-17 11:06:36.278 31070 32652 I native  : 
06-17 11:06:36.278 31070 32652 I native  : Full translation: Plum Literature ...
06-17 11:06:36.278 31070 32652 I native  : Translate Instance: 
06-17 11:06:36.278 31070 32652 I native  : Query (raw): 梅限とかは...
06-17 11:06:36.278 31070 32652 I native  : Query (after preprocess): 梅限 とか は ...
06-17 11:06:36.278 31070 32652 I native  : Query ids (after tokenizer): 3 2959 873 14 375 9 1198 2
06-17 11:06:36.278 31070 32652 I native  : Translation ids: 37 85 169 49 93 22 1845 983 2
06-17 11:06:36.278 31070 32652 I native  : Translation (after detokenizer): Plum Literature ...
06-17 11:06:36.278 31070 32652 I native  : Alignment probability:
06-17 11:06:36.278 31070 32652 I native  : 	Plum	Literature	...
06-17 11:06:36.278 31070 32652 I native  : 梅限	0.831373	0.546079	0.152941
06-17 11:06:36.278 31070 32652 I native  : とか	0.0509804	0.0911765	0.470588
06-17 11:06:36.278 31070 32652 I native  : は	0.0444444	0.0245098	0.0509804
06-17 11:06:36.278 31070 32652 I native  : ...	0.0130719	0.0803922	0.266667
06-17 11:06:36.278 31070 32652 I native  : Translation (before postprocess): Plum Literature ...
06-17 11:06:36.279 31070 32654 D native  : I0617 11:06:36.279303   32654 mergeddicttrans.cc:1860] The current system has NMT.
06-17 11:06:36.279 31070 32654 D native  : I0617 11:06:36.279506   32654 mergeddicttrans.cc:1866] Sentence #0: ででも
06-17 11:06:36.279 31070 32654 D native  : I0617 11:06:36.279545   32654 mergeddicttrans.cc:1918] To be translated by NMT.
06-17 11:06:36.287 31070 32654 I native  : I0617 11:06:36.287029   32654 mergeddicttrans.cc:1827] Sentence #0: ででも
06-17 11:06:36.287 31070 32654 I native  : I0617 11:06:36.287110   32654 mergeddicttrans.cc:1828] 
06-17 11:06:36.287 31070 32654 I native  : Source language: ja, target language: en
06-17 11:06:36.287 31070 32654 I native  : 
06-17 11:06:36.287 31070 32654 I native  : Has period trick: 0
06-17 11:06:36.287 31070 32654 I native  : 
06-17 11:06:36.287 31070 32654 I native  : Full translation: In
06-17 11:06:36.287 31070 32654 I native  : Translate Instance: 
06-17 11:06:36.287 31070 32654 I native  : Query (raw): ででも
06-17 11:06:36.287 31070 32654 I native  : Query (after preprocess): で で も
06-17 11:06:36.287 31070 32654 I native  : Query ids (after tokenizer): 16 16 54 2
06-17 11:06:36.287 31070 32654 I native  : Translation ids: 12 2
06-17 11:06:36.287 31070 32654 I native  : Translation (after detokenizer): in
06-17 11:06:36.287 31070 32654 I native  : Alignment probability:
06-17 11:06:36.287 31070 32654 I native  : 	in
06-17 11:06:36.287 31070 32654 I native  : で	0.388235
06-17 11:06:36.287 31070 32654 I native  : で	0.0901961
06-17 11:06:36.287 31070 32654 I native  : も	0.137255
06-17 11:06:36.287 31070 32654 I native  : Translation (before postprocess): in
06-17 11:06:36.293 31070 32657 D native  : I0617 11:06:36.293066   32657 mergeddicttrans.cc:1860] The current system has NMT.
06-17 11:06:36.293 31070 32657 D native  : I0617 11:06:36.293126   32657 mergeddicttrans.cc:1866] Sentence #0: 国を代表しての
06-17 11:06:36.293 31070 32657 D native  : I0617 11:06:36.293151   32657 mergeddicttrans.cc:1918] To be translated by NMT.
06-17 11:06:36.312 31070 32657 I native  : I0617 11:06:36.312354   32657 mergeddicttrans.cc:1827] Sentence #0: 国を代表しての
06-17 11:06:36.312 31070 32657 I native  : I0617 11:06:36.312450   32657 mergeddicttrans.cc:1828] 
06-17 11:06:36.312 31070 32657 I native  : Source language: ja, target language: en
06-17 11:06:36.312 31070 32657 I native  : 
06-17 11:06:36.312 31070 32657 I native  : Has period trick: 0
06-17 11:06:36.312 31070 32657 I native  : 
06-17 11:06:36.312 31070 32657 I native  : Full translation: Representing the country
06-17 11:06:36.312 31070 32657 I native  : Translate Instance: 
06-17 11:06:36.312 31070 32657 I native  : Query (raw): 国を代表しての
06-17 11:06:36.312 31070 32657 I native  : Query (after preprocess): 国 を 代表 し て の
06-17 11:06:36.312 31070 32657 I native  : Query ids (after tokenizer): 751 7 1004 1386 11 12 4 2
06-17 11:06:36.312 31070 32657 I native  : Translation ids: 1237 74 3245 13 3 2607 2
06-17 11:06:36.312 31070 32657 I native  : Translation (after detokenizer): Representing the country
06-17 11:06:36.312 31070 32657 I native  : Alignment probability:
06-17 11:06:36.312 31070 32657 I native  : 	Representing	the	country
06-17 11:06:36.312 31070 32657 I native  : 国	0.0617647	0.709804	0.796078
06-17 11:06:36.312 31070 32657 I native  : を	0.0186275	0.0313726	0.00784314
06-17 11:06:36.312 31070 32657 I native  : 代表	0.676471	0.133333	0.101961
06-17 11:06:36.312 31070 32657 I native  : し	0.054902	0.0156863	0.00392157
06-17 11:06:36.312 31070 32657 I native  : て	0.0362745	0.0156863	0
06-17 11:06:36.312 31070 32657 I native  : の	0.0245098	0.0117647	0
06-17 11:06:36.312 31070 32657 I native  : Translation (before postprocess): Representing the country
06-17 11:06:36.314 31070 32659 D native  : I0617 11:06:36.314117   32659 mergeddicttrans.cc:1860] The current system has NMT.
06-17 11:06:36.314 31070 32659 D native  : I0617 11:06:36.314170   32659 mergeddicttrans.cc:1866] Sentence #0: カリオペ.…
06-17 11:06:36.314 31070 32659 D native  : I0617 11:06:36.314198   32659 mergeddicttrans.cc:1918] To be translated by NMT.
06-17 11:06:36.328 31070 32659 I native  : I0617 11:06:36.328808   32659 mergeddicttrans.cc:1827] Sentence #0: カリオペ.…
06-17 11:06:36.328 31070 32659 I native  : I0617 11:06:36.328896   32659 mergeddicttrans.cc:1828] 
06-17 11:06:36.328 31070 32659 I native  : Source language: ja, target language: en
06-17 11:06:36.328 31070 32659 I native  : 
06-17 11:06:36.328 31070 32659 I native  : Has period trick: 0
06-17 11:06:36.328 31070 32659 I native  : 
06-17 11:06:36.328 31070 32659 I native  : Full translation: Calio P. ...
06-17 11:06:36.328 31070 32659 I native  : Translate Instance: 
06-17 11:06:36.328 31070 32659 I native  : Query (raw): カリオペ.…
06-17 11:06:36.328 31070 32659 I native  : Query (after preprocess): カリオペ . ...
06-17 11:06:36.328 31070 32659 I native  : Query ids (after tokenizer): 129 40 319 495 6 1198 2
06-17 11:06:36.328 31070 32659 I native  : Translation ids: 28 39 509 37 64 983 2
06-17 11:06:36.328 31070 32659 I native  : Translation (after detokenizer): Calio P. ...
06-17 11:06:36.328 31070 32659 I native  : Alignment probability:
06-17 11:06:36.328 31070 32659 I native  : 	Calio	P.	...
06-17 11:06:36.328 31070 32659 I native  : カリオペ	0.873203	0.464706	0.0980392
06-17 11:06:36.328 31070 32659 I native  : .	0.0222222	0.17451	0.0431373
06-17 11:06:36.328 31070 32659 I native  : ...	0.020915	0.103922	0.521569
06-17 11:06:36.328 31070 32659 I native  : Translation (before postprocess): Calio P. ...
06-17 11:06:36.330 31070 32598 D native  : I0617 11:06:36.330632   32598 mergeddicttrans.cc:1860] The current system has NMT.
06-17 11:06:36.330 31070 32598 D native  : I0617 11:06:36.330687   32598 mergeddicttrans.cc:1866] Sentence #0: ごめんなさい
06-17 11:06:36.330 31070 32598 D native  : I0617 11:06:36.330721   32598 mergeddicttrans.cc:1918] To be translated by NMT.
06-17 11:06:36.339 31070 32598 I native  : I0617 11:06:36.339714   32598 mergeddicttrans.cc:1827] Sentence #0: ごめんなさい
06-17 11:06:36.339 31070 32598 I native  : I0617 11:06:36.339803   32598 mergeddicttrans.cc:1828] 
06-17 11:06:36.339 31070 32598 I native  : Source language: ja, target language: en
06-17 11:06:36.339 31070 32598 I native  : 
06-17 11:06:36.339 31070 32598 I native  : Has period trick: 0
06-17 11:06:36.339 31070 32598 I native  : 
06-17 11:06:36.339 31070 32598 I native  : Full translation: Sorry
06-17 11:06:36.339 31070 32598 I native  : Translate Instance: 
06-17 11:06:36.339 31070 32598 I native  : Query (raw): ごめんなさい
06-17 11:06:36.339 31070 32598 I native  : Query (after preprocess): ごめんなさい
06-17 11:06:36.339 31070 32598 I native  : Query ids (after tokenizer): 598 299 1742 1443 2
06-17 11:06:36.339 31070 32598 I native  : Translation ids: 3562 2
06-17 11:06:36.339 31070 32598 I native  : Translation (after detokenizer): sorry
06-17 11:06:36.339 31070 32598 I native  : Alignment probability:
06-17 11:06:36.339 31070 32598 I native  : 	sorry
06-17 11:06:36.339 31070 32598 I native  : ごめんなさい	0.780392
06-17 11:06:36.339 31070 32598 I native  : Translation (before postprocess): sorry
06-17 11:06:36.341 31070 32599 D native  : I0617 11:06:36.341133   32599 mergeddicttrans.cc:1860] The current system has NMT.
06-17 11:06:36.341 31070 32599 D native  : I0617 11:06:36.341209   32599 mergeddicttrans.cc:1866] Sentence #0: メディス
06-17 11:06:36.341 31070 32599 D native  : I0617 11:06:36.341236   32599 mergeddicttrans.cc:1918] To be translated by NMT.
06-17 11:06:36.350 31070 32599 I native  : I0617 11:06:36.350568   32599 mergeddicttrans.cc:1827] Sentence #0: メディス
06-17 11:06:36.350 31070 32599 I native  : I0617 11:06:36.350659   32599 mergeddicttrans.cc:1828] 
06-17 11:06:36.350 31070 32599 I native  : Source language: ja, target language: en
06-17 11:06:36.350 31070 32599 I native  : 
06-17 11:06:36.350 31070 32599 I native  : Has period trick: 0
06-17 11:06:36.350 31070 32599 I native  : 
06-17 11:06:36.350 31070 32599 I native  : Full translation: Media
06-17 11:06:36.350 31070 32599 I native  : Translate Instance: 
06-17 11:06:36.350 31070 32599 I native  : Query (raw): メディス
06-17 11:06:36.350 31070 32599 I native  : Query (after preprocess): メディス
06-17 11:06:36.350 31070 32599 I native  : Query ids (after tokenizer): 111 552 48 2
06-17 11:06:36.350 31070 32599 I native  : Translation ids: 1973 2
06-17 11:06:36.350 31070 32599 I native  : Translation (after detokenizer): media
06-17 11:06:36.350 31070 32599 I native  : Alignment probability:
06-17 11:06:36.350 31070 32599 I native  : 	media
06-17 11:06:36.350 31070 32599 I native  : メディス	0.556863
06-17 11:06:36.350 31070 32599 I native  : Translation (before postprocess): media
06-17 11:06:36.353 31070 32649 D native  : I0617 11:06:36.353571   32649 mergeddicttrans.cc:1860] The current system has NMT.
06-17 11:06:36.353 31070 32649 D native  : I0617 11:06:36.353639   32649 mergeddicttrans.cc:1866] Sentence #0: いい子よね
06-17 11:06:36.353 31070 32649 D native  : I0617 11:06:36.353674   32649 mergeddicttrans.cc:1918] To be translated by NMT.
06-17 11:06:36.364 31070 32649 I native  : I0617 11:06:36.364372   32649 mergeddicttrans.cc:1827] Sentence #0: いい子よね
06-17 11:06:36.364 31070 32649 I native  : I0617 11:06:36.364472   32649 mergeddicttrans.cc:1828] 
06-17 11:06:36.364 31070 32649 I native  : Source language: ja, target language: en
06-17 11:06:36.364 31070 32649 I native  : 
06-17 11:06:36.364 31070 32649 I native  : Has period trick: 0
06-17 11:06:36.364 31070 32649 I native  : 
06-17 11:06:36.364 31070 32649 I native  : Full translation: Good child
06-17 11:06:36.364 31070 32649 I native  : Translate Instance: 
06-17 11:06:36.364 31070 32649 I native  : Query (raw): いい子よね
06-17 11:06:36.364 31070 32649 I native  : Query (after preprocess): いい 子 よ ね
06-17 11:06:36.364 31070 32649 I native  : Query ids (after tokenizer): 1816 1046 904 1326 2
06-17 11:06:36.364 31070 32649 I native  : Translation ids: 2900 2641 2
06-17 11:06:36.364 31070 32649 I native  : Translation (after detokenizer): Good child
06-17 11:06:36.364 31070 32649 I native  : Alignment probability:
06-17 11:06:36.364 31070 32649 I native  : 	Good	child
06-17 11:06:36.364 31070 32649 I native  : いい	0.588235	0.0352941
06-17 11:06:36.364 31070 32649 I native  : 子	0.109804	0.847059
06-17 11:06:36.364 31070 32649 I native  : よ	0.0862745	0.0235294
06-17 11:06:36.364 31070 32649 I native  : ね	0.109804	0.0156863
06-17 11:06:36.364 31070 32649 I native  : Translation (before postprocess): Good child
06-17 11:06:36.365 31070 32651 D native  : I0617 11:06:36.365689   32651 mergeddicttrans.cc:1860] The current system has NMT.
06-17 11:06:36.365 31070 32651 D native  : I0617 11:06:36.365751   32651 mergeddicttrans.cc:1866] Sentence #0: あげなうい
06-17 11:06:36.365 31070 32651 D native  : I0617 11:06:36.365777   32651 mergeddicttrans.cc:1918] To be translated by NMT.
06-17 11:06:36.378 31070 32651 I native  : I0617 11:06:36.378238   32651 mergeddicttrans.cc:1827] Sentence #0: あげなうい
06-17 11:06:36.378 31070 32651 I native  : I0617 11:06:36.378334   32651 mergeddicttrans.cc:1828] 
06-17 11:06:36.378 31070 32651 I native  : Source language: ja, target language: en
06-17 11:06:36.378 31070 32651 I native  : 
06-17 11:06:36.378 31070 32651 I native  : Has period trick: 0
06-17 11:06:36.378 31070 32651 I native  : 
06-17 11:06:36.378 31070 32651 I native  : Full translation: Greedy
06-17 11:06:36.378 31070 32651 I native  : Translate Instance: 
06-17 11:06:36.378 31070 32651 I native  : Query (raw): あげなうい
06-17 11:06:36.378 31070 32651 I native  : Query (after preprocess): あげ なうい
06-17 11:06:36.378 31070 32651 I native  : Query ids (after tokenizer): 838 941 26 368 44 2
06-17 11:06:36.378 31070 32651 I native  : Translation ids: 186 3367 79 2
06-17 11:06:36.378 31070 32651 I native  : Translation (after detokenizer): greedy
06-17 11:06:36.378 31070 32651 I native  : Alignment probability:
06-17 11:06:36.378 31070 32651 I native  : 	greedy
06-17 11:06:36.378 31070 32651 I native  : あげ	0.198693
06-17 11:06:36.378 31070 32651 I native  : なうい	0.235294
06-17 11:06:36.378 31070 32651 I native  : Translation (before postprocess): greedy
06-17 11:06:36.379 31070 32652 D native  : I0617 11:06:36.379544   32652 mergeddicttrans.cc:1860] The current system has NMT.
06-17 11:06:36.379 31070 32652 D native  : I0617 11:06:36.379602   32652 mergeddicttrans.cc:1866] Sentence #0: タダで許しては
06-17 11:06:36.379 31070 32652 D native  : I0617 11:06:36.379629   32652 mergeddicttrans.cc:1918] To be translated by NMT.
06-17 11:06:36.396 31070 32652 I native  : I0617 11:06:36.396192   32652 mergeddicttrans.cc:1827] Sentence #0: タダで許しては
06-17 11:06:36.396 31070 32652 I native  : I0617 11:06:36.396284   32652 mergeddicttrans.cc:1828] 
06-17 11:06:36.396 31070 32652 I native  : Source language: ja, target language: en
06-17 11:06:36.396 31070 32652 I native  : 
06-17 11:06:36.396 31070 32652 I native  : Has period trick: 0
06-17 11:06:36.396 31070 32652 I native  : 
06-17 11:06:36.396 31070 32652 I native  : Full translation: Forgive you
06-17 11:06:36.396 31070 32652 I native  : Translate Instance: 
06-17 11:06:36.396 31070 32652 I native  : Query (raw): タダで許しては
06-17 11:06:36.396 31070 32652 I native  : Query (after preprocess): タダ で 許し て は
06-17 11:06:36.396 31070 32652 I native  : Query ids (after tokenizer): 351 355 16 3 925 51 12 9 2
06-17 11:06:36.396 31070 32652 I native  : Translation ids: 194 122 245 87 2
06-17 11:06:36.396 31070 32652 I native  : Translation (after detokenizer): Forgive you
06-17 11:06:36.396 31070 32652 I native  : Alignment probability:
06-17 11:06:36.396 31070 32652 I native  : 	Forgive	you
06-17 11:06:36.396 31070 32652 I native  : タダ	0.117647	0.243137
06-17 11:06:36.396 31070 32652 I native  : で	0.0522876	0.294118
06-17 11:06:36.396 31070 32652 I native  : 許し	0.636601	0.145098
06-17 11:06:36.396 31070 32652 I native  : て	0.0535948	0.0666667
06-17 11:06:36.396 31070 32652 I native  : は	0.0444444	0.054902
06-17 11:06:36.396 31070 32652 I native  : Translation (before postprocess): Forgive you
06-17 11:06:36.397 31070 32654 D native  : I0617 11:06:36.397420   32654 mergeddicttrans.cc:1860] The current system has NMT.
06-17 11:06:36.397 31070 32654 D native  : I0617 11:06:36.397482   32654 mergeddicttrans.cc:1866] Sentence #0: やっぱ
06-17 11:06:36.397 31070 32654 D native  : I0617 11:06:36.397510   32654 mergeddicttrans.cc:1918] To be translated by NMT.
06-17 11:06:36.405 31070 32654 I native  : I0617 11:06:36.405097   32654 mergeddicttrans.cc:1827] Sentence #0: やっぱ
06-17 11:06:36.405 31070 32654 I native  : I0617 11:06:36.405189   32654 mergeddicttrans.cc:1828] 
06-17 11:06:36.405 31070 32654 I native  : Source language: ja, target language: en
06-17 11:06:36.405 31070 32654 I native  : 
06-17 11:06:36.405 31070 32654 I native  : Has period trick: 0
06-17 11:06:36.405 31070 32654 I native  : 
06-17 11:06:36.405 31070 32654 I native  : Full translation: After all
06-17 11:06:36.405 31070 32654 I native  : Translate Instance: 
06-17 11:06:36.405 31070 32654 I native  : Query (raw): やっぱ
06-17 11:06:36.405 31070 32654 I native  : Query (after preprocess): やっぱ
06-17 11:06:36.405 31070 32654 I native  : Query ids (after tokenizer): 197 88 2162 2
06-17 11:06:36.405 31070 32654 I native  : Translation ids: 401 210 2
06-17 11:06:36.405 31070 32654 I native  : Translation (after detokenizer): after all
06-17 11:06:36.405 31070 32654 I native  : Alignment probability:
06-17 11:06:36.405 31070 32654 I native  : 	after	all
06-17 11:06:36.405 31070 32654 I native  : やっぱ	0.443137	0.623529
06-17 11:06:36.405 31070 32654 I native  : Translation (before postprocess): after all
06-17 11:06:36.407 31070 32657 D native  : I0617 11:06:36.407579   32657 mergeddicttrans.cc:1860] The current system has NMT.
06-17 11:06:36.407 31070 32657 D native  : I0617 11:06:36.407652   32657 mergeddicttrans.cc:1866] Sentence #0: だけど
06-17 11:06:36.407 31070 32657 D native  : I0617 11:06:36.407684   32657 mergeddicttrans.cc:1522] STT before postprocess: だけど -> However
06-17 11:06:36.437 31070 32659 D PipelineManager: Start process bitmap
06-17 11:06:36.450 31070  1649 I tflite  : Replacing 44 out of 46 node(s) with delegate (TfLiteXNNPackDelegate) node, yielding 3 partitions for the whole graph.
06-17 11:06:36.516 31070 32659 D PipelineManager: OCR process succeeded via visionkit pipeline.
