--------- beginning of main
06-17 11:29:11.186 19335 19335 I hiyomi.at.debug: isSwordfishLaunchAppEnabled_ 1 isSwordfishInstallAppEnabled_ 1
06-17 11:29:11.186 19335 19335 I hiyomi.at.debug: Late-enabling -Xcheck:jni
06-17 11:29:11.210 19335 19335 E hiyomi.at.debug: Unknown bits set in runtime_flags: 0x40000000
06-17 11:29:11.210 19335 19335 I hiyomi.at.debug: Using CollectorTypeCMC GC.
06-17 11:29:11.218 19335 19335 D nativeloader: Load libframework-connectivity-tiramisu-jni.so using APEX ns com_android_tethering for caller /apex/com.android.tethering/javalib/framework-connectivity-t.jar: ok
06-17 11:29:11.222 19335 19335 W libc    : Access denied finding property "persist.vendor.sys.activitylog"
06-17 11:29:11.222 19335 19335 I OneTrace: Mark active for pid=19335? true
06-17 11:29:11.222 19335 19335 D cutils-dev: otrace_set_tracing_enabled? true tag:0
06-17 11:29:11.223 19335 19335 D cutils-dev: properties changed in otrace_seq_number_changed!
06-17 11:29:11.242 19335 19358 D OplusActivityManager: get AMS extension: android.os.BinderProxy@448ddb8
06-17 11:29:11.243 19335 19335 I ActivityThread: Relaunch all activities: onCoreSettingsChange
06-17 11:29:11.244 19335 19358 D SurfaceSyncGroup: preCreateSurfaceSyncGroupTimerThread
06-17 11:29:11.245 19335 19335 D CompactWindowAppManager: initCompactApplicationInfo CompactMode: , NormalMode: 
06-17 11:29:11.247 19335 19358 D ColorModeChangeItem: preExecute mColorMode=0
--------- beginning of system
06-17 11:29:11.248 19335 19335 V Configuration: Updating configuration, locales updated from [] to [en_US]
06-17 11:29:11.248 19335 19335 D OplusScrollToTopManager: setIsInWhiteList false
06-17 11:29:11.249 19335 19335 D OplusViewDebugManager: OplusViewDebugManager Constructor android.view.debug.OplusViewDebugManager@98fb6f6 [mHasViewDebugProperty true] [mHasMsgDebugProperty false] [DEBUG false] [EXTRAINFOENABLE false] [LIGHT_OS false]
06-17 11:29:11.252 19335 19335 D CompatChangeReporter: Compat change id reported: 242716250; UID 10612; state: ENABLED
06-17 11:29:11.258 19335 19335 W libc    : Access denied finding property "ro.odm.prev.product.name"
06-17 11:29:11.261 19335 19335 D ApplicationLoaders: Returning zygote-cached class loader: /system_ext/framework/androidx.window.extensions.jar
06-17 11:29:11.261 19335 19335 D ApplicationLoaders: Returning zygote-cached class loader: /system_ext/framework/androidx.window.sidecar.jar
06-17 11:29:11.896 19335 19335 I Quality : Odex status:io-error-no-oat filter:run-from-apk reason:unknown location:/data/app/~~qsFC3noIqffnDTQsLzzPNw==/app.kanade.tachiyomi.at.debug-wJ6sca8I0LPMx8kXHiBn8A==/base.apk cost:634
06-17 11:29:11.899 19335 19335 D nativeloader: Configuring clns-9 for other apk /data/app/~~qsFC3noIqffnDTQsLzzPNw==/app.kanade.tachiyomi.at.debug-wJ6sca8I0LPMx8kXHiBn8A==/base.apk. target_sdk_version=34, uses_libraries=, library_path=/data/app/~~qsFC3noIqffnDTQsLzzPNw==/app.kanade.tachiyomi.at.debug-wJ6sca8I0LPMx8kXHiBn8A==/lib/arm64:/data/app/~~qsFC3noIqffnDTQsLzzPNw==/app.kanade.tachiyomi.at.debug-wJ6sca8I0LPMx8kXHiBn8A==/base.apk!/lib/arm64-v8a, permitted_path=/data:/mnt/expand:/data/user/0/app.kanade.tachiyomi.at.debug
06-17 11:29:11.902 19335 19335 I hiyomi.at.debug: AssetManager2(0xb4000070bfc9b128) locale list changing from [] to [en-US]
06-17 11:29:11.905 19335 19335 V GraphicsEnvironment: Currently set values for:
06-17 11:29:11.905 19335 19335 V GraphicsEnvironment:   angle_gl_driver_selection_pkgs=[]
06-17 11:29:11.905 19335 19335 V GraphicsEnvironment:   angle_gl_driver_selection_values=[]
06-17 11:29:11.905 19335 19335 V GraphicsEnvironment: app.kanade.tachiyomi.at.debug is not listed in per-application setting
06-17 11:29:11.905 19335 19335 V GraphicsEnvironment: ANGLE allowlist from config: 
06-17 11:29:11.905 19335 19335 V GraphicsEnvironment: app.kanade.tachiyomi.at.debug is not listed in ANGLE allowlist or settings, returning default
06-17 11:29:11.905 19335 19335 V GraphicsEnvironment: Updatable production driver is not supported on the device.
06-17 11:29:11.906 19335 19335 D ResourcesManagerExtImpl: applyConfigurationToAppResourcesLocked app.getDisplayId() return callback.displayId:-1
06-17 11:29:11.924 19335 19335 D SessionsDependencies: Dependency to CRASHLYTICS added.
06-17 11:29:11.926 19335 19335 I FirebaseApp: Device unlocked: initializing all Firebase APIs for app [DEFAULT]
06-17 11:29:11.947 19335 19335 D FirebaseSessions: Initializing Firebase Sessions SDK.
06-17 11:29:11.952 19335 19335 D CompatChangeReporter: Compat change id reported: 3400644; UID 10612; state: ENABLED
06-17 11:29:11.952 19335 19335 I FirebaseCrashlytics: Initializing Firebase Crashlytics 19.3.0 for app.kanade.tachiyomi.at.debug
06-17 11:29:11.958 19335 19335 D SessionsDependencies: Subscriber CRASHLYTICS registered.
06-17 11:29:11.993 19335 19663 E ashmem  : Pinning is deprecated since Android Q. Please use trim or other methods.
06-17 11:29:11.995 19335 19335 I FirebaseInitProvider: FirebaseApp initialization successful
06-17 11:29:12.006 19335 19663 D CompatChangeReporter: Compat change id reported: 253665015; UID 10612; state: ENABLED
06-17 11:29:12.028 19335 19652 W hiyomi.at.debug: ClassLoaderContext classpath size mismatch. expected=1, found=0 (DLC[];PCL[base.apk*1981305934]{PCL[/system/framework/org.apache.http.legacy.jar*2241503858]#PCL[/system/framework/com.android.location.provider.jar*1570284764]#PCL[/system/framework/com.android.media.remotedisplay.jar*487574312]#PCL[/system_ext/framework/com.android.extensions.appfunctions.jar*2880224042]#PCL[/system_ext/framework/androidx.window.extensions.jar*2427015362]#PCL[/system_ext/framework/androidx.window.sidecar.jar*621982722]} | DLC[];PCL[])
06-17 11:29:12.031 19335 19335 D WM-WrkMgrInitializer: Initializing WorkManager with default configuration.
06-17 11:29:12.039 19335 19335 D WM-PackageManagerHelper: Skipping component enablement for androidx.work.impl.background.systemjob.SystemJobService
06-17 11:29:12.039 19335 19335 D WM-Schedulers: Created SystemJobScheduler and enabled SystemJobService
06-17 11:29:12.046 19335 19674 I FirebaseCrashlytics: No version control information found
06-17 11:29:12.049 19335 19652 I DynamiteModule: Considering local module com.google.android.gms.measurement.dynamite:127 and remote module com.google.android.gms.measurement.dynamite:193
06-17 11:29:12.049 19335 19652 I DynamiteModule: Selected remote version of com.google.android.gms.measurement.dynamite, version >= 193
06-17 11:29:12.049 19335 19652 V DynamiteModule: Dynamite loader version >= 2, using loadModule2NoCrashUtils
06-17 11:29:12.049 19335 19335 D OplusGraphicsEvent: OplusGraphicsEventListener create now!
06-17 11:29:12.050 19335 19335 D OplusGraphicsEvent: addEventListener success!
06-17 11:29:12.051 19335 19335 E [UAH_CLIENT]: uahInit enter
06-17 11:29:12.051 19335 19335 W hiyomi.at.debug: AIBinder_linkToDeath is being called with a non-null cookie and no onUnlink callback set. This might not be intended. AIBinder_DeathRecipient_setOnUnlinked should be called first.
06-17 11:29:12.051 19335 19335 I [UAH_CLIENT]: UahGetFeatureStatus enter
06-17 11:29:12.051 19335 19705 D WM-ForceStopRunnable: The default process name was not specified.
06-17 11:29:12.052 19335 19335 I hiyomi.at.debug: hiddenapi: Accessing hidden method Landroid/os/ServiceManager;->getService(Ljava/lang/String;)Landroid/os/IBinder; (runtime_flags=0, domain=platform, api=unsupported) from Lrikka/shizuku/SystemServiceHelper; (domain=app) using reflection: allowed
06-17 11:29:12.052 19335 19335 D ShizukuProvider: Initialize Sui: false
06-17 11:29:12.082 19335 19705 D WM-ForceStopRunnable: Performing cleanup operations.
06-17 11:29:12.086 19335 19652 W System  : ClassLoader referenced unknown path: 
06-17 11:29:12.086 19335 19652 D nativeloader: Configuring clns-10 for other apk . target_sdk_version=37, uses_libraries=, library_path=/data/app/~~3RaWn6QSMc70Km14trhmNQ==/com.google.android.gms-dMk4jUqwe9DuL9Cwaln-Bg==/lib/arm64:/data/app/~~3RaWn6QSMc70Km14trhmNQ==/com.google.android.gms-dMk4jUqwe9DuL9Cwaln-Bg==/base.apk!/lib/arm64-v8a, permitted_path=/data:/mnt/expand:/data/user/0/com.google.android.gms
06-17 11:29:12.088 19335 19652 I hiyomi.at.debug: AssetManager2(0xb4000070ccda7328) locale list changing from [] to [en-US]
06-17 11:29:12.093 19335 19652 W hiyomi.at.debug: ClassLoaderContext classpath element checksum mismatch. expected=1981305934, found=1090097826 (DLC[];PCL[base.apk*1981305934]{PCL[/system/framework/org.apache.http.legacy.jar*2241503858]#PCL[/system/framework/com.android.location.provider.jar*1570284764]#PCL[/system/framework/com.android.media.remotedisplay.jar*487574312]#PCL[/system_ext/framework/com.android.extensions.appfunctions.jar*2880224042]#PCL[/system_ext/framework/androidx.window.extensions.jar*2427015362]#PCL[/system_ext/framework/androidx.window.sidecar.jar*621982722]} | DLC[];PCL[/data/app/~~qsFC3noIqffnDTQsLzzPNw==/app.kanade.tachiyomi.at.debug-wJ6sca8I0LPMx8kXHiBn8A==/base.apk*1090097826]{PCL[/system_ext/framework/androidx.window.extensions.jar*2427015362]#PCL[/system_ext/framework/androidx.window.sidecar.jar*621982722]})
06-17 11:29:12.095 19335 19335 I HWUI    : SupportApps size 0
06-17 11:29:12.095 19335 19335 D ExtensionsLoader: createInstance(64bit) : createExtendedFactory
06-17 11:29:12.095 19335 19335 D ExtensionsLoader: Opened libSchedAssistExtImpl.so
06-17 11:29:12.096 19335 19335 E SchedAssist: open sharedFd failed with error=Permission denied
06-17 11:29:12.096 19335 19335 E SchedAssist: open sharedFd failed with error=Permission denied
06-17 11:29:12.096 19335 19728 D ExtensionsLoader: createInstance(64bit) : createExtendedFactory
06-17 11:29:12.096 19335 19335 E SchedAssist: open sharedFd failed with error=Permission denied
06-17 11:29:12.096 19335 19728 D ExtensionsLoader: Opened libSchedAssistExtImpl.so
06-17 11:29:12.096 19335 19728 I DisplayManager: Choreographer implicitly registered for the refresh rate.
06-17 11:29:12.098 19335 19335 I hiyomi.at.debug: AssetManager2(0xb4000070bfc9b428) locale list changing from [] to [en-US]
06-17 11:29:12.098 19335 19728 I AdrenoGLES-0: QUALCOMM build                   : f6b5df5188, I29aebc4401
06-17 11:29:12.098 19335 19728 I AdrenoGLES-0: Build Date                       : 09/19/25
06-17 11:29:12.098 19335 19728 I AdrenoGLES-0: OpenGL ES Shader Compiler Version: E031.45.02.26
06-17 11:29:12.098 19335 19728 I AdrenoGLES-0: Local Branch                     : 
06-17 11:29:12.098 19335 19728 I AdrenoGLES-0: Remote Branch                    : refs/tags/AU_LINUX_ANDROID_LA.VENDOR.14.3.0.11.00.00.974.010
06-17 11:29:12.098 19335 19728 I AdrenoGLES-0: Remote Branch                    : NONE
06-17 11:29:12.098 19335 19728 I AdrenoGLES-0: Reconstruct Branch               : NOTHING
06-17 11:29:12.098 19335 19728 I AdrenoGLES-0: Build Config                     : S P 16.1.2 AArch64
06-17 11:29:12.098 19335 19728 I AdrenoGLES-0: Driver Path                      : /vendor/lib64/egl/libGLESv2_adreno.so
06-17 11:29:12.098 19335 19728 I AdrenoGLES-0: Driver Version                   : 0762.41
06-17 11:29:12.098 19335 19728 I AdrenoGLES-0: Process Name                     : app.kanade.tachiyomi.at.debug
06-17 11:29:12.098 19335 19335 D ResourcesManagerExtImpl: applyConfigurationToAppResourcesLocked app.getDisplayId() return callback.displayId:0
06-17 11:29:12.099 19335 19652 I hiyomi.at.debug: AssetManager2(0xb4000070ccda7628) locale list changing from [] to [en-US]
06-17 11:29:12.099 19335 19652 I hiyomi.at.debug: AssetManager2(0xb4000070ccda8b28) locale list changing from [] to [en-US]
06-17 11:29:12.101 19335 19728 I AdrenoGLES-0: PFP: 0x01520181, ME: 0x01520023
06-17 11:29:12.106 19335 19728 I AdrenoUtils: <ReadGpuID:357>: Reading chip ID through GSL
06-17 11:29:12.107 19335 19705 D WM-SystemJobScheduler: Reconciling jobs
06-17 11:29:12.109 19335 19728 D ExtensionsLoader: createInstance(64bit) : createExtendedFactory
06-17 11:29:12.109 19335 19728 D ExtensionsLoader: Opened libeglextimpl.so
06-17 11:29:12.109 19335 19728 D PreCache: [IPreCacheRus]loadRUSConfigs#102 failed to transact: -22 prc:app.kanade.tachiyomi.at.debug
06-17 11:29:12.117 19335 19705 D WM-ForceStopRunnable: Found unfinished work, scheduling it.
06-17 11:29:12.119 19335 19335 I hiyomi.at.debug: AssetManager2(0xb4000070bfc9bd28) locale list changing from [] to [en-US]
06-17 11:29:12.119 19335 19335 I hiyomi.at.debug: AssetManager2(0xb4000070b1de2028) locale list changing from [] to [en-US]
06-17 11:29:12.122 19335 19705 D WM-SystemJobScheduler: Scheduling work ID e1e17957-c4a8-4d5f-9bfb-0afa8d10961dJob ID 2
06-17 11:29:12.123 19335 19335 I oplus.android.OplusFrameworkFactoryImpl: Unknow feature:IOplusTextViewRTLUtilForUG
06-17 11:29:12.125 19335 19335 E hiyomi.at.debug: Invalid resource ID 0x00000000.
06-17 11:29:12.126 19335 19645 D LifecycleServiceBinder: Binding service to application.
06-17 11:29:12.127 19335 19335 D DesktopModeFlags: Toggle override initialized to: OVERRIDE_UNSET
06-17 11:29:12.128 19335 19335 D OplusWindowManager: get WMS extension: android.os.BinderProxy@2de9339
06-17 11:29:12.134 19335 19705 D WM-PackageManagerHelper: Skipping component enablement for androidx.work.impl.background.systemalarm.RescheduleReceiver
06-17 11:29:12.145 19335 19335 E OplusPredictiveBackController:  NoSuchMethodException 
06-17 11:29:12.145 19335 19335 E OplusPredictiveBackController:  NoSuchMethodException 
06-17 11:29:12.145 19335 19335 E OplusPredictiveBackController:  NoSuchMethodException 
06-17 11:29:12.145 19335 19335 E OplusPredictiveBackController:  NoSuchMethodException 
06-17 11:29:12.145 19335 19335 D OplusPredictiveBackController: should not HookOnBackInvokedCallbackEnabled for application eu.kanade.tachiyomi.ui.main.MainActivity@820b3af hasOnBackInvokedCallBackEnabled
06-17 11:29:12.145 19335 19335 D OplusPredictiveBackController: initPredictiveBackConfig for eu.kanade.tachiyomi.ui.main.MainActivity@820b3af initPredictiveBackConfig mShouldInterceptKeyEvent false
06-17 11:29:12.145 19335 19335 D OplusPredictiveBackController: should not HookOnBackInvokedCallbackEnabled for application eu.kanade.tachiyomi.ui.main.MainActivity@820b3af hasOnBackInvokedCallBackEnabled
06-17 11:29:12.157 19335 19335 I hiyomi.at.debug: hiddenapi: Accessing hidden method Landroid/view/ViewGroup;->makeOptionalFitsSystemWindows()V (runtime_flags=0, domain=platform, api=unsupported) from Landroidx/appcompat/widget/ViewUtils; (domain=app) using reflection: allowed
06-17 11:29:12.169 19335 19335 D ActivityThread: ComponentInfo{app.kanade.tachiyomi.at.debug/eu.kanade.tachiyomi.ui.main.MainActivity} checkFinished=false 2
06-17 11:29:12.170 19335 19335 D ResourcesManagerExtImpl: applyConfigurationToAppResourcesLocked app.getDisplayId() return callback.displayId:0
06-17 11:29:12.173 19335 19335 D OplusInputMethodUtil: init sDebug to false, init sDebugIme to false, init sAlwaysOn to false
06-17 11:29:12.173 19335 19335 D OplusInputMethodUtil: updateDebugToClass InputMethodManager.DEBUG = false
06-17 11:29:12.173 19335 19335 D OplusInputMethodUtil: updateDebugToClass ImeFocusController.DEBUG = false
06-17 11:29:12.174 19335 19335 D OplusInputMethodUtil: updateDebugToClass OnBackInvokedDispatcher.DEBUG = false
06-17 11:29:12.174 19335 19335 D OplusInputMethodUtil: updateDebugToClass InsetsController.DEBUG = false
06-17 11:29:12.174 19335 19335 D OplusInputMethodUtil: updateDebugToClass BaseInputConnection.DEBUG = false
06-17 11:29:12.177 19335 19674 D SessionLifecycleClient: Queued message 1. Queue size 1
06-17 11:29:12.179 19335 19335 D WindowManager: Add to mViews: com.android.internal.policy.DecorView{510c787 I.E...... R.....ID 0,0-0,0 alpha=1.0 viewInfo = }[MainActivity],pkg= app.kanade.tachiyomi.at.debug
06-17 11:29:12.180 19335 19728 D ExtensionsLoader: createInstance(64bit) : createExtendedFactory
06-17 11:29:12.181 19335 19728 D ExtensionsLoader: Opened libhwuiextimpl.so
06-17 11:29:12.181 19335 19728 D skia    : setRusSupported enable 1
06-17 11:29:12.182 19335 19790 I hiyomi.at.debug: hiddenapi: Accessing hidden method Ldalvik/system/VMStack;->getStackClass2()Ljava/lang/Class; (runtime_flags=0, domain=core-platform, api=unsupported) from Lm7/apl; (domain=app) using reflection: allowed
06-17 11:29:12.188 19335 19335 I ViewRootImplExtImpl: not create nav bar bg layer surface is invalid title = app.kanade.tachiyomi.at.debug/eu.kanade.tachiyomi.ui.main.MainActivity
06-17 11:29:12.188 19335 19335 D ViewRootImplExtImpl: onDisplayChanged -1 for VRI android.view.ViewRootImpl@64d4b50
06-17 11:29:12.190 19335 19335 D ResourcesManagerExtImpl: applyConfigurationToAppResourcesLocked app.getDisplayId() return callback.displayId:0
06-17 11:29:12.191 19335 19335 E OplusBracketLog: [OplusViewMirrorManager] updateHostViewRootIfNeeded, not support android.view.ViewRootImpl@64d4b50
06-17 11:29:12.196 19335 19768 E hiyomi.at.debug: No package ID 6a found for resource ID 0x6a0b0013.
06-17 11:29:12.197 19335 19768 I FA      : App measurement initialized, version: 169000
06-17 11:29:12.197 19335 19768 I FA      : To enable debug logging run: adb shell setprop log.tag.FA VERBOSE
06-17 11:29:12.197 19335 19768 I FA      : To enable faster debug mode event logging run:
06-17 11:29:12.197 19335 19768 I FA      :   adb shell setprop debug.firebase.analytics.app app.kanade.tachiyomi.at.debug
06-17 11:29:12.665 19335 19335 W hiyomi.at.debug: Unsupported class loader: java.lang.Class<eu.kanade.tachiyomi.util.system.ChildFirstPathClassLoader>
06-17 11:29:12.666 19335 19335 W hiyomi.at.debug: Unsupported class loader: java.lang.Class<eu.kanade.tachiyomi.util.system.ChildFirstPathClassLoader>
06-17 11:29:12.677 19335 19335 I hiyomi.at.debug: AssetManager2(0xb40000705e677028) locale list changing from [] to [en-US]
06-17 11:29:12.680 19335 19335 W hiyomi.at.debug: Unsupported class loader: java.lang.Class<eu.kanade.tachiyomi.util.system.ChildFirstPathClassLoader>
06-17 11:29:12.680 19335 19335 W hiyomi.at.debug: Unsupported class loader: java.lang.Class<eu.kanade.tachiyomi.util.system.ChildFirstPathClassLoader>
06-17 11:29:12.689 19335 19335 I hiyomi.at.debug: AssetManager2(0xb40000705e677628) locale list changing from [] to [en-US]
06-17 11:29:12.689 19335 19335 I WebViewFactory: Loading com.google.android.webview version 148.0.7778.217 (code 777821703)
06-17 11:29:12.692 19335 19335 D ApplicationLoaders: Returning zygote-cached class loader: /system/framework/android.test.base.jar
06-17 11:29:12.692 19335 19335 D ApplicationLoaders: Returning zygote-cached class loader: /system_ext/framework/androidx.window.extensions.jar
06-17 11:29:12.693 19335 19335 W hiyomi.at.debug: Loading /data/app/~~1zmHR9vW86h2k8-kfgKNUA==/com.google.android.webview-nk9H0x-PblTPst6k-ZdG8Q==/oat/arm64/base.odex non-executable as it requires an image which we failed to load
06-17 11:29:12.694 19335 19335 D nativeloader: Configuring clns-11 for other apk /data/app/~~1zmHR9vW86h2k8-kfgKNUA==/com.google.android.webview-nk9H0x-PblTPst6k-ZdG8Q==/base.apk. target_sdk_version=36, uses_libraries=, library_path=/data/app/~~1zmHR9vW86h2k8-kfgKNUA==/com.google.android.webview-nk9H0x-PblTPst6k-ZdG8Q==/lib/arm64:/data/app/~~1zmHR9vW86h2k8-kfgKNUA==/com.google.android.webview-nk9H0x-PblTPst6k-ZdG8Q==/base.apk!/lib/arm64-v8a, permitted_path=/data:/mnt/expand
06-17 11:29:12.706 19335 19335 I cr_WVCFactoryProvider: version=148.0.7778.217 (777821703) minSdkVersion=29 multiprocess=true packageId=2 splits=<none>
06-17 11:29:12.716 19335 19335 D nativeloader: Load /data/app/~~1zmHR9vW86h2k8-kfgKNUA==/com.google.android.webview-nk9H0x-PblTPst6k-ZdG8Q==/base.apk!/lib/arm64-v8a/libwebviewchromium.so using class loader ns clns-11 (caller=/data/app/~~1zmHR9vW86h2k8-kfgKNUA==/com.google.android.webview-nk9H0x-PblTPst6k-ZdG8Q==/base.apk): ok
06-17 11:29:12.717 19335 19335 D nativeloader: Load /system/lib64/libwebviewchromium_plat_support.so using class loader ns clns-11 (caller=/data/app/~~1zmHR9vW86h2k8-kfgKNUA==/com.google.android.webview-nk9H0x-PblTPst6k-ZdG8Q==/base.apk): ok
06-17 11:29:12.723 19335 19335 I cr_LibraryLoader: Successfully loaded native library
06-17 11:29:12.723 19335 19335 I cr_CachingUmaRecorder: Flushed 16 samples from 16 histograms, 0 samples were dropped.
06-17 11:29:12.734 19335 19335 I hiyomi.at.debug: ThrowNoClassDefFoundError when open swordfish
06-17 11:29:12.734 19335 19335 I hiyomi.at.debug: ThrowNoClassDefFoundError when open swordfish
06-17 11:29:12.734 19335 19335 I hiyomi.at.debug: ThrowNoClassDefFoundError when open swordfish
06-17 11:29:12.734 19335 19335 I hiyomi.at.debug: ThrowNoClassDefFoundError when open swordfish
06-17 11:29:12.734 19335 19335 I hiyomi.at.debug: ThrowNoClassDefFoundError when open swordfish
06-17 11:29:12.735 19335 19335 I hiyomi.at.debug: ThrowNoClassDefFoundError when open swordfish
06-17 11:29:12.735 19335 19335 I hiyomi.at.debug: ThrowNoClassDefFoundError when open swordfish
06-17 11:29:12.735 19335 19335 I hiyomi.at.debug: ThrowNoClassDefFoundError when open swordfish
06-17 11:29:12.735 19335 19335 I hiyomi.at.debug: ThrowNoClassDefFoundError when open swordfish
06-17 11:29:12.740 19335 19335 I hiyomi.at.debug: AssetManager2(0xb40000705e677928) locale list changing from [] to [en-US]
06-17 11:29:12.742 19335 19335 W hiyomi.at.debug: Unsupported class loader: java.lang.Class<eu.kanade.tachiyomi.util.system.ChildFirstPathClassLoader>
06-17 11:29:12.743 19335 19335 W hiyomi.at.debug: Unsupported class loader: java.lang.Class<eu.kanade.tachiyomi.util.system.ChildFirstPathClassLoader>
06-17 11:29:12.748 19335 19335 I hiyomi.at.debug: AssetManager2(0xb40000705e677c28) locale list changing from [] to [en-US]
06-17 11:29:12.796 19335 19335 D OplusPredictiveBackController: should not HookOnBackInvokedCallbackEnabled for application eu.kanade.tachiyomi.ui.main.MainActivity@820b3af hasOnBackInvokedCallBackEnabled
06-17 11:29:12.798 19335 19335 D ViewRootImplExtImpl: wrapConfigInfoIntoFlags rotation=0, smallestScreenWidthDp=0, residentWS=false, scenario=0, bounds=Rect(0, 0 - 1080, 2376), relayoutAsync=false, flags=0, newFlags=1245708288, title=app.kanade.tachiyomi.at.debug/eu.kanade.tachiyomi.ui.main.MainActivity
06-17 11:29:12.805 19335 19335 D VRI[MainActivity]: relayoutWindow result, sizeChanged:true, surfaceControlChanged:true, transformHintChanged:false, mSurfaceSize:Point(1080, 2376), mLastSurfaceSize:Point(0, 0), mWidth:-1, mHeight:-1, requestedWidth:1080, requestedHeight:2376, transformHint:0, installOrientation:0, displayRotation:0, isSurfaceValid:true, attr.flag:-2122252032, tmpFrames:ClientWindowFrames{frame=[0,0][1080,2376] display=[0,0][1080,2376] parentFrame=[0,0][0,0]}, relayoutAsync:false, mSyncSeqId:0
06-17 11:29:12.805 19335 19335 W VRI[MainActivity]: updateBlastSurfaceIfNeeded, surfaceSize:Point(1080, 2376), lastSurfaceSize:Point(0, 0), format:-1, blastBufferQueue:null
06-17 11:29:12.805 19335 19335 D BufferQueueConsumer: [](id:4b8700000000,api:0,p:-1,c:19335) connect: controlledByApp=false
06-17 11:29:12.806 19335 19335 D BufferQueueConsumer: [VRI[MainActivity]#0(BLAST Consumer)0](id:4b8700000000,api:0,p:-1,c:19335) setMaxAcquiredBufferCount: 2
06-17 11:29:12.807 19335 19728 D HWUI    : createSurface new attribs array
06-17 11:29:12.808 19335 19728 D libEGL  : this is from skia gles
06-17 11:29:12.808 19335 19728 D BufferQueueProducer: [VRI[MainActivity]#0(BLAST Consumer)0](id:4b8700000000,api:1,p:19335,c:19335) connect: api=1 producerControlledByApp=true
06-17 11:29:13.153 19335 19335 W VRI[MainActivity]: performTraversals: cancelAndRedraw, mLastPerformTraversalsSkipDrawReasonpredraw_androidx.core.splashscreen.SplashScreen$Impl31$setKeepOnScreenCondition$1
06-17 11:29:13.156 19335 19335 D SessionLifecycleService: Service bound to new client on process 19335
06-17 11:29:13.157 19335 20179 D SessionLifecycleService: App has not yet foregrounded. Using previously stored session.
06-17 11:29:13.159 19335 20179 D SessionLifecycleService: Client android.os.Messenger@790e2b3 bound at 1273876520. Clients: 1
06-17 11:29:13.173 19335 19335 I Choreographer: Skipped 86 frames!  The application may be doing too much work on its main thread.
06-17 11:29:13.207 19335 19335 W VRI[MainActivity]: performTraversals: cancelAndRedraw, mLastPerformTraversalsSkipDrawReasonpredraw_androidx.core.splashscreen.SplashScreen$Impl31$setKeepOnScreenCondition$1
06-17 11:29:13.208 19335 19335 W VRI[MainActivity]: handleResized, msg:, frameChanged:false, configChanged:false, displayChanged:false, attachedFrameChanged:false, compatScaleChanged:false, pendingDragResizing=false
06-17 11:29:13.212 19335 19335 I DynamicFramerate [FRTCConfigManager]: initFrameRateConfig: 
06-17 11:29:13.212 19335 19335 I DynamicFramerate [FRTCConfigManager]: 	levelsFor120hz: [120, 90, 72, 60]
06-17 11:29:13.212 19335 19335 I DynamicFramerate [FRTCConfigManager]: 	thresholdsFor120hz: [1080, 300, 200]
06-17 11:29:13.212 19335 19335 I DynamicFramerate [FRTCConfigManager]: 	levelsFor90hz: [90]
06-17 11:29:13.212 19335 19335 I DynamicFramerate [FRTCConfigManager]: 	thresholdsFor90hz: []
06-17 11:29:13.212 19335 19335 I DynamicFramerate [FRTCConfigManager]: FRTCConfigManager: FRTC_CAPABILITY = 360, package name = app.kanade.tachiyomi.at.debug, WINDOW_ANIMATION_SPEED_RATE = 10, SCROLL_ANIMATION_SPEED_RATE = 20, PACKAGE_ENABLE = false
06-17 11:29:13.212 19335 19335 I DynamicFramerate [DynamicFrameRateController]: init info: mPackageName = app.kanade.tachiyomi.at.debug, mIsEnabled = false
06-17 11:29:13.212 19335 19335 D SessionLifecycleClient: Connected to SessionLifecycleService. Queue size 1
06-17 11:29:13.215 19335 19674 D SessionLifecycleClient: Sending lifecycle 1 to service
06-17 11:29:13.215 19335 20179 D SessionLifecycleService: Activity foregrounding at 1273876579.
06-17 11:29:13.215 19335 20179 D SessionLifecycleService: Cold start detected.
06-17 11:29:13.217 19335 20179 D SessionLifecycleService: Generated new session.
06-17 11:29:13.217 19335 20179 D SessionLifecycleService: Broadcasting new session
06-17 11:29:13.221 19335 19335 W VRI[MainActivity]: performTraversals: cancelAndRedraw, mLastPerformTraversalsSkipDrawReasonpredraw_androidx.core.splashscreen.SplashScreen$Impl31$setKeepOnScreenCondition$1
06-17 11:29:13.225 19335 19335 D SessionLifecycleClient: Session update received.
06-17 11:29:13.226 19335 19675 D SessionFirelogPublisher: Data Collection is enabled for at least one Subscriber
06-17 11:29:13.226 19335 19335 W VRI[MainActivity]: performTraversals: cancelAndRedraw, mLastPerformTraversalsSkipDrawReasonpredraw_androidx.core.splashscreen.SplashScreen$Impl31$setKeepOnScreenCondition$1
06-17 11:29:13.227 19335 19665 D SessionLifecycleClient: Notified CRASHLYTICS of new session 2685fb5e9de24a01aa8365733ccf3018
06-17 11:29:13.232 19335 19335 W VRI[MainActivity]: performTraversals: cancelAndRedraw, mLastPerformTraversalsSkipDrawReasonpredraw_androidx.core.splashscreen.SplashScreen$Impl31$setKeepOnScreenCondition$1
06-17 11:29:13.233 19335 19675 D EventGDTLogger: Session Event Type: SESSION_START
06-17 11:29:13.233 19335 19675 D SessionFirelogPublisher: Successfully logged Session Start event.
06-17 11:29:13.243 19335 19335 W VRI[MainActivity]: performTraversals: cancelAndRedraw, mLastPerformTraversalsSkipDrawReasonpredraw_androidx.core.splashscreen.SplashScreen$Impl31$setKeepOnScreenCondition$1
06-17 11:29:13.254 19335 19335 W VRI[MainActivity]: performTraversals: cancelAndRedraw, mLastPerformTraversalsSkipDrawReasonpredraw_androidx.core.splashscreen.SplashScreen$Impl31$setKeepOnScreenCondition$1
06-17 11:29:13.265 19335 19335 W VRI[MainActivity]: performTraversals: cancelAndRedraw, mLastPerformTraversalsSkipDrawReasonpredraw_androidx.core.splashscreen.SplashScreen$Impl31$setKeepOnScreenCondition$1
06-17 11:29:13.277 19335 19335 W VRI[MainActivity]: performTraversals: cancelAndRedraw, mLastPerformTraversalsSkipDrawReasonpredraw_androidx.core.splashscreen.SplashScreen$Impl31$setKeepOnScreenCondition$1
06-17 11:29:13.288 19335 19335 W VRI[MainActivity]: performTraversals: cancelAndRedraw, mLastPerformTraversalsSkipDrawReasonpredraw_androidx.core.splashscreen.SplashScreen$Impl31$setKeepOnScreenCondition$1
06-17 11:29:13.298 19335 19335 W VRI[MainActivity]: performTraversals: cancelAndRedraw, mLastPerformTraversalsSkipDrawReasonpredraw_androidx.core.splashscreen.SplashScreen$Impl31$setKeepOnScreenCondition$1
06-17 11:29:13.310 19335 19335 W VRI[MainActivity]: performTraversals: cancelAndRedraw, mLastPerformTraversalsSkipDrawReasonpredraw_androidx.core.splashscreen.SplashScreen$Impl31$setKeepOnScreenCondition$1
06-17 11:29:13.321 19335 19335 W VRI[MainActivity]: performTraversals: cancelAndRedraw, mLastPerformTraversalsSkipDrawReasonpredraw_androidx.core.splashscreen.SplashScreen$Impl31$setKeepOnScreenCondition$1
06-17 11:29:13.332 19335 19335 W VRI[MainActivity]: performTraversals: cancelAndRedraw, mLastPerformTraversalsSkipDrawReasonpredraw_androidx.core.splashscreen.SplashScreen$Impl31$setKeepOnScreenCondition$1
06-17 11:29:13.343 19335 19335 W VRI[MainActivity]: performTraversals: cancelAndRedraw, mLastPerformTraversalsSkipDrawReasonpredraw_androidx.core.splashscreen.SplashScreen$Impl31$setKeepOnScreenCondition$1
06-17 11:29:13.355 19335 19335 W VRI[MainActivity]: performTraversals: cancelAndRedraw, mLastPerformTraversalsSkipDrawReasonpredraw_androidx.core.splashscreen.SplashScreen$Impl31$setKeepOnScreenCondition$1
06-17 11:29:13.366 19335 19335 W VRI[MainActivity]: performTraversals: cancelAndRedraw, mLastPerformTraversalsSkipDrawReasonpredraw_androidx.core.splashscreen.SplashScreen$Impl31$setKeepOnScreenCondition$1
06-17 11:29:13.377 19335 19335 W VRI[MainActivity]: performTraversals: cancelAndRedraw, mLastPerformTraversalsSkipDrawReasonpredraw_androidx.core.splashscreen.SplashScreen$Impl31$setKeepOnScreenCondition$1
06-17 11:29:13.388 19335 19335 W VRI[MainActivity]: performTraversals: cancelAndRedraw, mLastPerformTraversalsSkipDrawReasonpredraw_androidx.core.splashscreen.SplashScreen$Impl31$setKeepOnScreenCondition$1
06-17 11:29:13.399 19335 19335 W VRI[MainActivity]: performTraversals: cancelAndRedraw, mLastPerformTraversalsSkipDrawReasonpredraw_androidx.core.splashscreen.SplashScreen$Impl31$setKeepOnScreenCondition$1
06-17 11:29:13.410 19335 19335 W VRI[MainActivity]: performTraversals: cancelAndRedraw, mLastPerformTraversalsSkipDrawReasonpredraw_androidx.core.splashscreen.SplashScreen$Impl31$setKeepOnScreenCondition$1
06-17 11:29:13.442 19335 19335 W VRI[MainActivity]: performTraversals: cancelAndRedraw, mLastPerformTraversalsSkipDrawReasonpredraw_androidx.core.splashscreen.SplashScreen$Impl31$setKeepOnScreenCondition$1
06-17 11:29:13.446 19335 19335 I SurfaceControl:  setExtendedRangeBrightness sc=Surface(name=app.kanade.tachiyomi.at.debug/eu.kanade.tachiyomi.ui.main.MainActivity)/@0xf90fe5b,currentBufferRatio=1.0,desiredRatio=1.0
06-17 11:29:13.493 19335 19728 D BLASTBufferQueue: [VRI[MainActivity]#0](f:0,a:1) acquireNextBufferLocked size=1080x2376 mFrameNumber=1 applyTransaction=true mTimestamp=1273876857817121(auto) mPendingTransactions.size=0 graphicBufferId=83043192668163 transform=0
06-17 11:29:13.493 19335 19728 D VRI[MainActivity]: Received frameCommittedCallback lastAttemptedDrawFrameNum=1 didProduceBuffer=true syncBuffer=false
06-17 11:29:13.494 19335 19728 D ExtensionsLoader: createInstance(64bit) : createExtendedFactory
06-17 11:29:13.494 19335 19728 D ExtensionsLoader: Opened libSchedAssistExtImpl.so
06-17 11:29:13.494 19335 19335 D VRI[MainActivity]: draw finished. seqId=0
06-17 11:29:13.518 19335 19335 D VRI[MainActivity]: onFocusEvent true
06-17 11:29:13.527 19335 19335 D InsetsController: hide(ime(), fromIme=false)
06-17 11:29:13.527 19335 19335 I ImeTracker: app.kanade.tachiyomi.at.debug:d9cbf5fe: onCancelled at PHASE_CLIENT_ALREADY_HIDDEN
06-17 11:29:13.626 19335 19352 I hiyomi.at.debug: Compiler allocated 7246KB to compile void android.view.ViewRootImpl.performTraversals()
06-17 11:29:14.520 19335 19369 D OplusScrollToTopManager: app.kanade.tachiyomi.at.debug/eu.kanade.tachiyomi.ui.main.MainActivity,This com.android.internal.policy.DecorView{510c787 V.E...... R....... 0,0-1080,2376 aid=0 alpha=1.0 viewInfo = }[MainActivity] change focus to true
06-17 11:29:15.642 19335 19335 D OplusActivityThreadExtImpl: init method, sSupressionGC = public static native void dalvik.system.VMRuntime.SupressionGC(int,int), sDesupressionGC = public static native void dalvik.system.VMRuntime.DesupressionGC(int)
06-17 11:29:15.643 19335 19335 E IJankManager: slideSceneEnd unknown scene 1000 mScene:-1
06-17 11:29:15.646 19335 19335 D ViewExtract: [OplusViewExtractManager] OplusViewExtractManager init app.kanade.tachiyomi.at.debug
06-17 11:29:15.683 19335 19335 D OplusInputMethodManagerInternal: get inputMethodManager extension: com.android.internal.view.IInputMethodManager$Stub$Proxy@7147548
06-17 11:29:15.688 19335 19335 D ViewRootImplExtImpl: the up motion event handled by client, just return
06-17 11:29:15.753 19335 19335 D OplusPredictiveBackController: should not HookOnBackInvokedCallbackEnabled for application eu.kanade.tachiyomi.ui.main.MainActivity@820b3af hasOnBackInvokedCallBackEnabled
06-17 11:29:15.753 19335 19335 D OplusPredictiveBackController: should not HookOnBackInvokedCallbackEnabled for application eu.kanade.tachiyomi.ui.main.MainActivity@820b3af hasOnBackInvokedCallBackEnabled
06-17 11:29:16.022 19335 20153 D nativeloader: Load /data/app/~~qsFC3noIqffnDTQsLzzPNw==/app.kanade.tachiyomi.at.debug-wJ6sca8I0LPMx8kXHiBn8A==/base.apk!/lib/arm64-v8a/libimagedecoder.so using class loader ns clns-9 (caller=/data/app/~~qsFC3noIqffnDTQsLzzPNw==/app.kanade.tachiyomi.at.debug-wJ6sca8I0LPMx8kXHiBn8A==/base.apk!classes37.dex): ok
06-17 11:29:16.032 19335 20320 W qdgralloc: Failed to load libubwcp.so
06-17 11:29:17.564 19335 20405 D ProfileInstaller: Installing profile for app.kanade.tachiyomi.at.debug
06-17 11:29:33.838 19335 19335 E IJankManager: slideSceneEnd unknown scene 1000 mScene:-1
06-17 11:29:33.937 19335 19335 D ViewRootImplExtImpl: the up motion event handled by client, just return
06-17 11:29:33.978 19335 19681 W LibraryVersion: Failed to get app version for libraryName: shared-installation-id
06-17 11:29:33.987 19335 19681 W LibraryVersion: Failed to get app version for libraryName: shared-remote-config
06-17 11:29:34.003 19335 20494 I MLKit RemoteConfigRestC: Saved remote config is past its expiration time.
06-17 11:29:34.003 19335 20494 D MLKit RemoteConfigRestC: Getting installation id...
06-17 11:29:34.005 19335 20494 D MLKitInstallationIdSaver: fid: com.google.android.gms.internal.mlkit_translate.zztw@3d8c59cc
06-17 11:29:34.005 19335 20494 D MLKitInstallationIdSaver: refresh_token: 3_AS3qfwIEzXJOlJu2jWMv1EzuWfVaT3tUSEkxnwApE-L6EHMLMyvc4mSSshS1yUpuvcg34kQ4xMCYOcgC383BkXt9Uiwgzyj7SbSfNrC2DzAMRhs
06-17 11:29:34.005 19335 20494 D MLKitInstallationIdSaver: temporary_token: eyJhbGciOiJFUzI1NiIsInR5cCI6IkpXVCJ9.eyJhcHBJZCI6IjE6NzIyNTUwNTQ1NTI5OmFuZHJvaWQ6ODJjNjIyMDVmMGVmMGVhOTY2MDhhOCIsImV4cCI6MTc4MjE4NTcxNiwiZmlkIjoiZmoyUTVYTzhtaHA0QmktdGlneFNsYyIsInByb2plY3ROdW1iZXIiOjcyMjU1MDU0NTUyOX0.AB2LPV8wRAIgEP2iJdWTZuY7NHiqxW6nSdVcn4Q_t5CcBhLg4eFYjSECIGgvdssnDqmFp-VLrqTeVX3he3m8jgQDXZaD99if-eo2
06-17 11:29:34.005 19335 20494 D MLKitInstallationIdSaver: temporary token expiry: 1782185714848
06-17 11:29:34.005 19335 20494 D MLKit RemoteConfigRestC: Got installation id. Checking temporary token for expiry...
06-17 11:29:34.006 19335 20494 D MLKit RemoteConfigRestC: Got valid temporary auth token. Fetching remote config...
06-17 11:29:34.006 19335 20494 D MLKit RemoteConfigRestC: Creating HTTP connection to remote config service
06-17 11:29:34.009 19335 20494 I DpmTcmClient: RegisterTcmMonitor from: $Proxy3
06-17 11:29:34.010 19335 20494 W System  : Ignoring header If-None-Match because its value was null.
06-17 11:29:34.012 19335 20494 D MLKitRemoteConfigFetch: APP_VERSION: 0.17.1-6-MLKit-null
06-17 11:29:34.013 19335 20494 D MLKitRemoteConfigFetch: Getting remote config
06-17 11:29:34.013 19335 20494 D MLKitRemoteConfigFetch: Connecting: com.android.okhttp.internal.huc.HttpURLConnectionImpl:https://firebaseremoteconfig.googleapis.com/v1/projects/722550545529/namespaces/firebase:fetch
06-17 11:29:34.187 19335 20494 D MLKitRemoteConfigFetch: Remote config: got response code 200
06-17 11:29:34.206 19335 20494 D MLKitRemoteConfigFetch: Remote config: got response ETag: etag-722550545529-firebase-fetch-1684699002
06-17 11:29:34.208 19335 20494 D MLKitRemoteConfigFetch: Remote config: got response: {"entries":{"integration_test_key":"\"integration_test_value\"","nl_smartreply_context_regex_avoidlist":"\"\"","nl_smartreply_context_regex_blacklist":"\"\"","nl_smartreply_input_regex_avoidlist":"\"(?i).*amber alert.*,(?i).*http.*|.*www.*\"","nl_smartreply_input_regex_blacklist":"\"(?i).*amber alert.*,(?i).*http.*|.*www.*\"","nl_smartreply_output_regex_avoidlist":"\"(?i)lmao,(?i)you welcome!,(?i)Love you to :\\\\),😘,😙,😚,💍,(?i)i'm good and you,(?i).*(\\\\b)man\\\\pP*($|\\\\s.*),(?i).*(\\\\b)woman\\\\pP*($|\\\\s.*),(?i).*(\\\\b)men\\\\pP*($|\\\\s.*),(?i).*(\\\\b)women\\\\pP*($|\\\\s.*),(?i).*(\\\\b)boy\\\\pP*($|\\\\s.*),(?i).*(\\\\b)girl\\\\pP*($|\\\\s.*),(?i).*(\\\\b)babe\\\\pP*($|\\\\s.*),(?i).*(\\\\b)baby\\\\pP*($|\\\\s.*),(?i).*(\\\\b)sir\\\\pP*($|\\\\s.*)\"","nl_smartreply_output_regex_blacklist":"\"(?i)lmao,(?i)you welcome!,(?i)Love you to :\\\\),😘,😙,😚,💍,(?i)i'm good and you,(?i).*(\\\\b)man\\\\pP*($|\\\\s.*),(?i).*(\\\\b)woman\\\\pP*($|\\\\s.*),(?i).*(\\\\b)men\\\\pP*($|\\\\s.*),(?i).*(\\\\b)women\\\\pP*($|\\\\s.*),(?i).*(\\\\b)boy\\\\pP*($|\\\\s.*),(?i).*(\\\\b)girl\\\\pP*($|\\\\s.*),(?i).*(\\\\b)babe\\\\pP*($|\\\\s.*),(?i).*(\\\\b)baby\\\\pP*($|\\\\s.*),(?i).*(\\\\b)sir\\\\pP*($|\\\\s.*)\"","nl_toxicity_detection_is_abuse_client":"\"false\"","nl_translate_rapid_response_nmt_af_en":"","nl_translate_rapid_response_nmt_ar_en":"","nl_translate_rapid_response_nmt_be_en":"","nl_translate_rapid_response_nmt_bg_en":"","nl_translate_rapid_response_nmt_bn_en":"","nl_translate_rapid_response_nmt_ca_en":"","nl_translate_rapid_response_nmt_cs_en":"","nl_translate_rapid_response_nmt_cy_en":"","nl_translate_rapid_response_nmt_da_en":"","nl_translate_rapid_response_nmt_de_en":"","nl_translate_rapid_response_nmt_el_en":"","nl_translate_rapid_response_nmt_en_af":"","nl_translate_rapid_response_nmt_en_ar":"","nl_translate_rapid_response_nmt_en_be":"","nl_translate_rapid_response_nmt_en_bg":"","nl_translate_rapid_response_nmt_en_bn":"","nl_translate_rapid_response_nmt_en_ca":"","nl_translate_rapid_response_nmt_en_cs":"","nl_translate_rapid_response_nmt_en_cy":"","nl_translate_rapid_response_nmt_en_da":"","nl_translate_rapid_response_nmt_en_de":"","nl_translate_rapid_response_nmt_en_el":"","nl_translate_rapid_response_nmt_en_eo":"","nl_translate_rapid_response_nmt_en_es":"","nl_translate_rapid_response_nmt_en_et":"","nl_translate_rapid_response_nmt_en_fa":"","nl_translate_rapid_response_nmt_en_fi":"","nl_translate_rapid_response_nmt_en_fr":"","nl_translate_rapid_response_nmt_en_ga":"","nl_translate_rapid_response_nmt_en_gl":"","nl_translate_rapid_response_nmt_en_gu":"","nl_translate_rapid_response_nmt_en_hi":"","nl_translate_rapid_response_nmt_en_hr":"","nl_translate_rapid_response_nmt_en_ht":"","nl_translate_rapid_response_nmt_en_hu":"","nl_translate_rapid_response_nmt_en_id":"","nl_translate_rapid_response_nmt_en_is":"","nl_translate_rapid_response_nmt_en_it":"","nl_translate_rapid_response_nmt_en_iw":"","nl_translate_rapid_response_nmt_en_ja":"","nl_translate_rapid_response_nmt_en_ka":"","nl_translate_rapid_response_nmt_en_kn":"","nl_translate_rapid_response_nmt_en_ko":"","nl_translate_rapid_response_nmt_en_lt":"","nl_translate_rapid_response_nmt_en_lv":"","nl_translate_rapid_response_nmt_en_mk":"","nl_translate_rapid_response_nmt_en_mr":"","nl_translate_rapid_response_nmt_en_ms":"","nl_translate_rapid_response_nmt_en_mt":"","nl_translate_rapid_response_nmt_en_nl":"","nl_translate_rapid_response_nmt_en_no":"","nl_translate_rapid_response_nmt_en_pl":"","nl_translate_rapid_response_nmt_en_pt":"","nl_translate_rapid_response_nmt_en_ro":"","nl_translate_rapid_response_nmt_en_ru":"","nl_translate_rapid_response_nmt_en_sk":"","nl_translate_rapid_response_nmt_en_sl":"","nl_translate_rapid_response_nmt_en_sq":"","nl_translate_rapid_response_nmt_en_sv":"","nl_translate_rapid_response_nmt_en_sw":"","nl_translate_rapid_response_nmt_en_ta":"","nl_translate_rapid_response_nmt_en_te":"","nl_translate_rapid_response_nmt_en_th":"","nl_transla
06-17 11:29:34.208 19335 20494 D MLKitRemoteConfigFetch: Remote config: disconnecting...
06-17 11:29:34.208 19335 20494 D MLKitRemoteConfigFetch: Remote config: disconnected
06-17 11:29:34.211 19335 20494 D MLKit RemoteConfigRestC: Got FetchResponse
06-17 11:29:34.215 19335 20494 D MLKit RemoteConfigRestC: writeAndSetFetchedConfig: {integration_test_key=integration_test_value, nl_smartreply_context_regex_avoidlist=, nl_smartreply_context_regex_blacklist=, nl_smartreply_input_regex_avoidlist=(?i).*amber alert.*,(?i).*http.*|.*www.*, nl_smartreply_input_regex_blacklist=(?i).*amber alert.*,(?i).*http.*|.*www.*, nl_smartreply_output_regex_avoidlist=(?i)lmao,(?i)you welcome!,(?i)Love you to :\),😘,😙,😚,💍,(?i)i'm good and you,(?i).*(\b)man\pP*($|\s.*),(?i).*(\b)woman\pP*($|\s.*),(?i).*(\b)men\pP*($|\s.*),(?i).*(\b)women\pP*($|\s.*),(?i).*(\b)boy\pP*($|\s.*),(?i).*(\b)girl\pP*($|\s.*),(?i).*(\b)babe\pP*($|\s.*),(?i).*(\b)baby\pP*($|\s.*),(?i).*(\b)sir\pP*($|\s.*), nl_smartreply_output_regex_blacklist=(?i)lmao,(?i)you welcome!,(?i)Love you to :\),😘,😙,😚,💍,(?i)i'm good and you,(?i).*(\b)man\pP*($|\s.*),(?i).*(\b)woman\pP*($|\s.*),(?i).*(\b)men\pP*($|\s.*),(?i).*(\b)women\pP*($|\s.*),(?i).*(\b)boy\pP*($|\s.*),(?i).*(\b)girl\pP*($|\s.*),(?i).*(\b)babe\pP*($|\s.*),(?i).*(\b)baby\pP*($|\s.*),(?i).*(\b)sir\pP*($|\s.*), nl_toxicity_detection_is_abuse_client=false, nl_translate_rapid_response_nmt_af_en=, nl_translate_rapid_response_nmt_ar_en=, nl_translate_rapid_response_nmt_be_en=, nl_translate_rapid_response_nmt_bg_en=, nl_translate_rapid_response_nmt_bn_en=, nl_translate_rapid_response_nmt_ca_en=, nl_translate_rapid_response_nmt_cs_en=, nl_translate_rapid_response_nmt_cy_en=, nl_translate_rapid_response_nmt_da_en=, nl_translate_rapid_response_nmt_de_en=, nl_translate_rapid_response_nmt_el_en=, nl_translate_rapid_response_nmt_en_af=, nl_translate_rapid_response_nmt_en_ar=, nl_translate_rapid_response_nmt_en_be=, nl_translate_rapid_response_nmt_en_bg=, nl_translate_rapid_response_nmt_en_bn=, nl_translate_rapid_response_nmt_en_ca=, nl_translate_rapid_response_nmt_en_cs=, nl_translate_rapid_response_nmt_en_cy=, nl_translate_rapid_response_nmt_en_da=, nl_translate_rapid_response_nmt_en_de=, nl_translate_rapid_response_nmt_en_el=, nl_translate_rapid_response_nmt_en_eo=, nl_translate_rapid_response_nmt_en_es=, nl_translate_rapid_response_nmt_en_et=, nl_translate_rapid_response_nmt_en_fa=, nl_translate_rapid_response_nmt_en_fi=, nl_translate_rapid_response_nmt_en_fr=, nl_translate_rapid_response_nmt_en_ga=, nl_translate_rapid_response_nmt_en_gl=, nl_translate_rapid_response_nmt_en_gu=, nl_translate_rapid_response_nmt_en_hi=, nl_translate_rapid_response_nmt_en_hr=, nl_translate_rapid_response_nmt_en_ht=, nl_translate_rapid_response_nmt_en_hu=, nl_translate_rapid_response_nmt_en_id=, nl_translate_rapid_response_nmt_en_is=, nl_translate_rapid_response_nmt_en_it=, nl_translate_rapid_response_nmt_en_iw=, nl_translate_rapid_response_nmt_en_ja=, nl_translate_rapid_response_nmt_en_ka=, nl_translate_rapid_response_nmt_en_kn=, nl_translate_rapid_response_nmt_en_ko=, nl_translate_rapid_response_nmt_en_lt=, nl_translate_rapid_response_nmt_en_lv=, nl_translate_rapid_response_nmt_en_mk=, nl_translate_rapid_response_nmt_en_mr=, nl_translate_rapid_response_nmt_en_ms=, nl_translate_rapid_response_nmt_en_mt=, nl_translate_rapid_response_nmt_en_nl=, nl_translate_rapid_response_nmt_en_no=, nl_translate_rapid_response_nmt_en_pl=, nl_translate_rapid_response_nmt_en_pt=, nl_translate_rapid_response_nmt_en_ro=, nl_translate_rapid_response_nmt_en_ru=, nl_translate_rapid_response_nmt_en_sk=, nl_translate_rapid_response_nmt_en_sl=, nl_translate_rapid_response_nmt_en_sq=, nl_translate_rapid_response_nmt_en_sv=, nl_translate_rapid_response_nmt_en_sw=, nl_translate_rapid_response_nmt_en_ta=, nl_translate_rapid_response_nmt_en_te=, nl_translate_rapid_response_nmt_en_th=, nl_translate_rapid_response_nmt_en_tl=, nl_translate_rapid_response_nmt_en_tr=, nl_translate_rapid_response_nmt_en_uk=, nl_translate_rapid_response_nmt_en_ur=, nl_translate_rapid_response_nmt_en_vi=, nl_translate_rapid_response_nmt_en_zh=, nl_translate_rapid_response_nmt_eo_en=, nl_translate_rapid_response_nmt_es_en=, nl_translate_rapid_response_nmt_et_en=, nl_translate_rapid_response_nmt_fa_en=, nl_translate_rapid_response_nmt_fi_en
06-17 11:29:34.217 19335 20494 I MLKitRemoteConfigSaver: Creating remote config settings: /data/user/0/app.kanade.tachiyomi.at.debug/no_backup/com.google.mlkit.RemoteConfig
06-17 11:29:34.221 19335 20494 D MLKitRemoteConfigSaver: Succeeded writing remote config settings: /data/user/0/app.kanade.tachiyomi.at.debug/no_backup/com.google.mlkit.RemoteConfig:
06-17 11:29:34.221 19335 20494 D MLKitRemoteConfigSaver: {"configs_key":{"integration_test_key":"\"integration_test_value\"","nl_smartreply_context_regex_avoidlist":"\"\"","nl_smartreply_context_regex_blacklist":"\"\"","nl_smartreply_input_regex_avoidlist":"\"(?i).*amber alert.*,(?i).*http.*|.*www.*\"","nl_smartreply_input_regex_blacklist":"\"(?i).*amber alert.*,(?i).*http.*|.*www.*\"","nl_smartreply_output_regex_avoidlist":"\"(?i)lmao,(?i)you welcome!,(?i)Love you to :\\\\),😘,😙,😚,💍,(?i)i'm good and you,(?i).*(\\\\b)man\\\\pP*($|\\\\s.*),(?i).*(\\\\b)woman\\\\pP*($|\\\\s.*),(?i).*(\\\\b)men\\\\pP*($|\\\\s.*),(?i).*(\\\\b)women\\\\pP*($|\\\\s.*),(?i).*(\\\\b)boy\\\\pP*($|\\\\s.*),(?i).*(\\\\b)girl\\\\pP*($|\\\\s.*),(?i).*(\\\\b)babe\\\\pP*($|\\\\s.*),(?i).*(\\\\b)baby\\\\pP*($|\\\\s.*),(?i).*(\\\\b)sir\\\\pP*($|\\\\s.*)\"","nl_smartreply_output_regex_blacklist":"\"(?i)lmao,(?i)you welcome!,(?i)Love you to :\\\\),😘,😙,😚,💍,(?i)i'm good and you,(?i).*(\\\\b)man\\\\pP*($|\\\\s.*),(?i).*(\\\\b)woman\\\\pP*($|\\\\s.*),(?i).*(\\\\b)men\\\\pP*($|\\\\s.*),(?i).*(\\\\b)women\\\\pP*($|\\\\s.*),(?i).*(\\\\b)boy\\\\pP*($|\\\\s.*),(?i).*(\\\\b)girl\\\\pP*($|\\\\s.*),(?i).*(\\\\b)babe\\\\pP*($|\\\\s.*),(?i).*(\\\\b)baby\\\\pP*($|\\\\s.*),(?i).*(\\\\b)sir\\\\pP*($|\\\\s.*)\"","nl_toxicity_detection_is_abuse_client":"\"false\"","nl_translate_rapid_response_nmt_af_en":"","nl_translate_rapid_response_nmt_ar_en":"","nl_translate_rapid_response_nmt_be_en":"","nl_translate_rapid_response_nmt_bg_en":"","nl_translate_rapid_response_nmt_bn_en":"","nl_translate_rapid_response_nmt_ca_en":"","nl_translate_rapid_response_nmt_cs_en":"","nl_translate_rapid_response_nmt_cy_en":"","nl_translate_rapid_response_nmt_da_en":"","nl_translate_rapid_response_nmt_de_en":"","nl_translate_rapid_response_nmt_el_en":"","nl_translate_rapid_response_nmt_en_af":"","nl_translate_rapid_response_nmt_en_ar":"","nl_translate_rapid_response_nmt_en_be":"","nl_translate_rapid_response_nmt_en_bg":"","nl_translate_rapid_response_nmt_en_bn":"","nl_translate_rapid_response_nmt_en_ca":"","nl_translate_rapid_response_nmt_en_cs":"","nl_translate_rapid_response_nmt_en_cy":"","nl_translate_rapid_response_nmt_en_da":"","nl_translate_rapid_response_nmt_en_de":"","nl_translate_rapid_response_nmt_en_el":"","nl_translate_rapid_response_nmt_en_eo":"","nl_translate_rapid_response_nmt_en_es":"","nl_translate_rapid_response_nmt_en_et":"","nl_translate_rapid_response_nmt_en_fa":"","nl_translate_rapid_response_nmt_en_fi":"","nl_translate_rapid_response_nmt_en_fr":"","nl_translate_rapid_response_nmt_en_ga":"","nl_translate_rapid_response_nmt_en_gl":"","nl_translate_rapid_response_nmt_en_gu":"","nl_translate_rapid_response_nmt_en_hi":"","nl_translate_rapid_response_nmt_en_hr":"","nl_translate_rapid_response_nmt_en_ht":"","nl_translate_rapid_response_nmt_en_hu":"","nl_translate_rapid_response_nmt_en_id":"","nl_translate_rapid_response_nmt_en_is":"","nl_translate_rapid_response_nmt_en_it":"","nl_translate_rapid_response_nmt_en_iw":"","nl_translate_rapid_response_nmt_en_ja":"","nl_translate_rapid_response_nmt_en_ka":"","nl_translate_rapid_response_nmt_en_kn":"","nl_translate_rapid_response_nmt_en_ko":"","nl_translate_rapid_response_nmt_en_lt":"","nl_translate_rapid_response_nmt_en_lv":"","nl_translate_rapid_response_nmt_en_mk":"","nl_translate_rapid_response_nmt_en_mr":"","nl_translate_rapid_response_nmt_en_ms":"","nl_translate_rapid_response_nmt_en_mt":"","nl_translate_rapid_response_nmt_en_nl":"","nl_translate_rapid_response_nmt_en_no":"","nl_translate_rapid_response_nmt_en_pl":"","nl_translate_rapid_response_nmt_en_pt":"","nl_translate_rapid_response_nmt_en_ro":"","nl_translate_rapid_response_nmt_en_ru":"","nl_translate_rapid_response_nmt_en_sk":"","nl_translate_rapid_response_nmt_en_sl":"","nl_translate_rapid_response_nmt_en_sq":"","nl_translate_rapid_response_nmt_en_sv":"","nl_translate_rapid_response_nmt_en_sw":"","nl_translate_rapid_response_nmt_en_ta":"","nl_translate_rapid_response_nmt_en_te":"","nl_translate_rapid_response_nmt_en_th":"","nl_translate_rapid_response_nmt_en_
06-17 11:29:34.221 19335 20494 D MLKit RemoteConfigRestC: Got remote config.
06-17 11:29:34.262 19335 19335 D CompatChangeReporter: Compat change id reported: 247079863; UID 10612; state: ENABLED
06-17 11:29:34.543 19335 19335 I Choreographer: Skipped 40 frames!  The application may be doing too much work on its main thread.
06-17 11:29:35.508 19335 19335 E IJankManager: slideSceneEnd unknown scene 1000 mScene:-1
06-17 11:29:35.581 19335 19335 D ViewRootImplExtImpl: the up motion event handled by client, just return
06-17 11:29:36.162 19335 19335 D ViewRootImplExtImpl: the up motion event handled by client, just return
06-17 11:29:36.224 19335 19335 I Choreographer: Skipped 31 frames!  The application may be doing too much work on its main thread.
06-17 11:29:36.591 19335 19335 D ViewRootImplExtImpl: the up motion event handled by client, just return
06-17 11:29:37.040 19335 19335 E IJankManager: slideSceneEnd unknown scene 1000 mScene:-1
06-17 11:29:37.142 19335 19335 D ViewRootImplExtImpl: the up motion event handled by client, just return
06-17 11:29:37.149 19335 19674 D SessionLifecycleClient: Sending lifecycle 2 to service
06-17 11:29:37.150 19335 20179 D SessionLifecycleService: Activity backgrounding at 1273900513
06-17 11:29:37.153 19335 19772 D ColorModeChangeItem: preExecute mColorMode=0
06-17 11:29:37.159 19335 19335 D ResourcesManagerExtImpl: applyConfigurationToAppResourcesLocked app.getDisplayId() return callback.displayId:0
06-17 11:29:37.161 19335 19335 I hiyomi.at.debug: AssetManager2(0xb400007060457e28) locale list changing from [] to [en-US]
06-17 11:29:37.166 19335 19335 E OplusPredictiveBackController:  NoSuchMethodException 
06-17 11:29:37.166 19335 19335 E OplusPredictiveBackController:  NoSuchMethodException 
06-17 11:29:37.166 19335 19335 E OplusPredictiveBackController:  NoSuchMethodException 
06-17 11:29:37.166 19335 19335 E OplusPredictiveBackController:  NoSuchMethodException 
06-17 11:29:37.166 19335 19335 D OplusPredictiveBackController: should not HookOnBackInvokedCallbackEnabled for application eu.kanade.tachiyomi.ui.reader.ReaderActivity@17fb2f8 hasOnBackInvokedCallBackEnabled
06-17 11:29:37.166 19335 19335 D OplusPredictiveBackController: initPredictiveBackConfig for eu.kanade.tachiyomi.ui.reader.ReaderActivity@17fb2f8 initPredictiveBackConfig mShouldInterceptKeyEvent false
06-17 11:29:37.166 19335 19335 D OplusPredictiveBackController: should not HookOnBackInvokedCallbackEnabled for application eu.kanade.tachiyomi.ui.reader.ReaderActivity@17fb2f8 hasOnBackInvokedCallBackEnabled
06-17 11:29:37.203 19335 19335 D ScrollOptimizationHelper: can't find the config file for optimizaiton
06-17 11:29:37.203 19335 19335 D ScrollOptimizationHelper: will not debug for debug is false
06-17 11:29:37.220 19335 19335 I hiyomi.at.debug: AssetManager2(0xb400007060458428) locale list changing from [] to [en-US]
06-17 11:29:37.233 19335 19335 D ActivityThread: ComponentInfo{app.kanade.tachiyomi.at.debug/eu.kanade.tachiyomi.ui.reader.ReaderActivity} checkFinished=false 2
06-17 11:29:37.233 19335 19335 D ResourcesManagerExtImpl: applyConfigurationToAppResourcesLocked app.getDisplayId() return callback.displayId:0
06-17 11:29:37.233 19335 19645 D SessionLifecycleClient: Sending lifecycle 1 to service
06-17 11:29:37.234 19335 20179 D SessionLifecycleService: Activity foregrounding at 1273900598.
06-17 11:29:37.235 19335 19335 D WindowManager: Add to mViews: com.android.internal.policy.DecorView{301d934 I.E...... R.....ID 0,0-0,0 alpha=1.0 viewInfo = }[ReaderActivity],pkg= app.kanade.tachiyomi.at.debug
06-17 11:29:37.236 19335 19728 D skia    : setRusSupported enable 1
06-17 11:29:37.238 19335 19335 D InsetsController: Setting requestedVisibleTypes to -16 (was -9)
06-17 11:29:37.240 19335 19335 D ViewRootImplExtImpl: onDisplayChanged -1 for VRI android.view.ViewRootImpl@138e9a3
06-17 11:29:37.241 19335 19335 D VRI[MainActivity]: onFocusEvent false
06-17 11:29:37.243 19335 19335 E OplusBracketLog: [OplusViewMirrorManager] updateHostViewRootIfNeeded, not support android.view.ViewRootImpl@138e9a3
06-17 11:29:37.278 19335 19335 D OplusPredictiveBackController: should not HookOnBackInvokedCallbackEnabled for application eu.kanade.tachiyomi.ui.reader.ReaderActivity@17fb2f8 hasOnBackInvokedCallBackEnabled
06-17 11:29:37.281 19335 19335 D ViewRootImplExtImpl: wrapConfigInfoIntoFlags rotation=0, smallestScreenWidthDp=0, residentWS=false, scenario=0, bounds=Rect(0, 0 - 1080, 2376), relayoutAsync=false, flags=0, newFlags=1245708288, title=app.kanade.tachiyomi.at.debug/eu.kanade.tachiyomi.ui.reader.ReaderActivity
06-17 11:29:37.286 19335 19335 D VRI[ReaderActivity]: relayoutWindow result, sizeChanged:true, surfaceControlChanged:true, transformHintChanged:false, mSurfaceSize:Point(1080, 2376), mLastSurfaceSize:Point(0, 0), mWidth:-1, mHeight:-1, requestedWidth:1080, requestedHeight:2376, transformHint:0, installOrientation:0, displayRotation:0, isSurfaceValid:true, attr.flag:-2122251904, tmpFrames:ClientWindowFrames{frame=[0,0][1080,2376] display=[0,0][1080,2376] parentFrame=[0,0][0,0]}, relayoutAsync:false, mSyncSeqId:0
06-17 11:29:37.286 19335 19335 W VRI[ReaderActivity]: updateBlastSurfaceIfNeeded, surfaceSize:Point(1080, 2376), lastSurfaceSize:Point(0, 0), format:-1, blastBufferQueue:null
06-17 11:29:37.287 19335 19335 D BufferQueueConsumer: [](id:4b8700000001,api:0,p:-1,c:19335) connect: controlledByApp=false
06-17 11:29:37.287 19335 19335 D BufferQueueConsumer: [VRI[ReaderActivity]#1(BLAST Consumer)1](id:4b8700000001,api:0,p:-1,c:19335) setMaxAcquiredBufferCount: 2
06-17 11:29:37.288 19335 19728 D HWUI    : createSurface new attribs array
06-17 11:29:37.288 19335 19728 D libEGL  : this is from skia gles
06-17 11:29:37.288 19335 19728 D BufferQueueProducer: [VRI[ReaderActivity]#1(BLAST Consumer)1](id:4b8700000001,api:1,p:19335,c:19335) connect: api=1 producerControlledByApp=true
06-17 11:29:37.290 19335 19335 I SurfaceControl:  setExtendedRangeBrightness sc=Surface(name=app.kanade.tachiyomi.at.debug/eu.kanade.tachiyomi.ui.reader.ReaderActivity)/@0x98e8761,currentBufferRatio=1.0,desiredRatio=1.0
06-17 11:29:37.293 19335 19728 D BLASTBufferQueue: [VRI[ReaderActivity]#1](f:0,a:1) acquireNextBufferLocked size=1080x2376 mFrameNumber=1 applyTransaction=true mTimestamp=1273900657307581(auto) mPendingTransactions.size=0 graphicBufferId=83043192668169 transform=0
06-17 11:29:37.293 19335 19728 D VRI[ReaderActivity]: Received frameCommittedCallback lastAttemptedDrawFrameNum=1 didProduceBuffer=true syncBuffer=false
06-17 11:29:37.293 19335 19335 D VRI[ReaderActivity]: draw finished. seqId=0
06-17 11:29:37.295 19335 19335 D ResourcesManagerExtImpl: applyConfigurationToAppResourcesLocked app.getDisplayId() return callback.displayId:0
06-17 11:29:37.320 19335 19335 W VRI[ReaderActivity]: handleResized abandoned!
06-17 11:29:37.326 19335 19335 I DynamicFramerate [FRTCConfigManager]: initFrameRateConfig: 
06-17 11:29:37.326 19335 19335 I DynamicFramerate [FRTCConfigManager]: 	levelsFor120hz: [120, 90, 72, 60]
06-17 11:29:37.326 19335 19335 I DynamicFramerate [FRTCConfigManager]: 	thresholdsFor120hz: [1080, 300, 200]
06-17 11:29:37.326 19335 19335 I DynamicFramerate [FRTCConfigManager]: 	levelsFor90hz: [90]
06-17 11:29:37.326 19335 19335 I DynamicFramerate [FRTCConfigManager]: 	thresholdsFor90hz: []
06-17 11:29:37.326 19335 19335 I DynamicFramerate [FRTCConfigManager]: FRTCConfigManager: FRTC_CAPABILITY = 360, package name = app.kanade.tachiyomi.at.debug, WINDOW_ANIMATION_SPEED_RATE = 10, SCROLL_ANIMATION_SPEED_RATE = 20, PACKAGE_ENABLE = false
06-17 11:29:37.326 19335 19335 I DynamicFramerate [DynamicFrameRateController]: init info: mPackageName = app.kanade.tachiyomi.at.debug, mIsEnabled = false
06-17 11:29:37.343 19335 19335 D VRI[ReaderActivity]: onFocusEvent true
06-17 11:29:37.347 19335 19335 D InsetsController: hide(ime(), fromIme=false)
06-17 11:29:37.347 19335 19335 I ImeTracker: app.kanade.tachiyomi.at.debug:752c8935: onCancelled at PHASE_CLIENT_ALREADY_HIDDEN
06-17 11:29:37.614 19335 19772 D VRI[MainActivity]: dispatchAppVisibility visible:false mUpcomingWindowFocus:false
06-17 11:29:37.614 19335 19335 D VRI[MainActivity]: visibilityChanged oldVisibility=true newVisibility=false
06-17 11:29:37.622 19335 19335 D HWUI    : RenderProxy::destroy: this=0xb4000070b1de2f00, mContext=0xb4000070457505c0
06-17 11:29:37.623 19335 19728 D HWUI    : SkiaOpenGLPipeline::setSurface: this=0xb40000704afec680, surface=NULL
06-17 11:29:37.623 19335 19728 D BufferQueueProducer: [VRI[MainActivity]#0(BLAST Consumer)0](id:4b8700000000,api:1,p:19335,c:19335) disconnect: api 1
06-17 11:29:37.623 19335 19335 D ViewRootImplExtImpl: wrapConfigInfoIntoFlags rotation=0, smallestScreenWidthDp=360, residentWS=false, scenario=0, bounds=Rect(0, 0 - 1080, 2376), relayoutAsync=false, flags=0, newFlags=1245719808, title=app.kanade.tachiyomi.at.debug/eu.kanade.tachiyomi.ui.main.MainActivity
06-17 11:29:37.628 19335 19335 D VRI[MainActivity]: relayoutWindow result, sizeChanged:false, surfaceControlChanged:true, transformHintChanged:false, mSurfaceSize:Point(1080, 2376), mLastSurfaceSize:Point(1080, 2376), mWidth:1080, mHeight:2376, requestedWidth:1080, requestedHeight:2376, transformHint:0, installOrientation:0, displayRotation:0, isSurfaceValid:false, attr.flag:-2122252032, tmpFrames:ClientWindowFrames{frame=[0,0][1080,2376] display=[0,0][1080,2376] parentFrame=[0,0][0,0]}, relayoutAsync:false, mSyncSeqId:0
06-17 11:29:37.628 19335 19335 D BLASTBufferQueue: [VRI[MainActivity]#0](f:0,a:1) destructor()
06-17 11:29:37.628 19335 19335 D BufferQueueConsumer: [VRI[MainActivity]#0(BLAST Consumer)0](id:4b8700000000,api:0,p:-1,c:19335) disconnect
06-17 11:29:37.646 19335 19335 W WindowOnBackDispatcher: sendCancelIfRunning: isInProgress=false callback=androidx.activity.OnBackPressedDispatcher$Api34Impl$createOnBackAnimationCallback$1@d9dcc68
06-17 11:29:37.647 19335 19335 D VRI[MainActivity]: setWindowStopped stopped:true
06-17 11:29:37.667 19335 20568 W InteractionJankMonitor: Initializing without READ_DEVICE_CONFIG permission. enabled=false, interval=1, missedFrameThreshold=3, frameTimeThreshold=64, package=app.kanade.tachiyomi.at.debug
06-17 11:29:38.303 19335 19369 D OplusScrollToTopManager: app.kanade.tachiyomi.at.debug/eu.kanade.tachiyomi.ui.main.MainActivity,This com.android.internal.policy.DecorView{510c787 I.E...... R.....ID 0,0-1080,2376 aid=0 alpha=1.0 viewInfo = }[MainActivity] change focus to false
06-17 11:29:38.344 19335 19369 D OplusScrollToTopManager: app.kanade.tachiyomi.at.debug/eu.kanade.tachiyomi.ui.reader.ReaderActivity,This com.android.internal.policy.DecorView{301d934 V.E...... R.....ID 0,0-1080,2376 aid=1 alpha=1.0 viewInfo = }[ReaderActivity] change focus to true
06-17 11:29:38.356 19335 19335 D ViewRootImplExtImpl: wrapConfigInfoIntoFlags rotation=0, smallestScreenWidthDp=360, residentWS=false, scenario=0, bounds=Rect(0, 0 - 1080, 2376), relayoutAsync=true, flags=0, newFlags=1245719808, title=app.kanade.tachiyomi.at.debug/eu.kanade.tachiyomi.ui.reader.ReaderActivity
06-17 11:29:38.357 19335 19335 D VRI[ReaderActivity]: relayoutWindow result, sizeChanged:false, surfaceControlChanged:false, transformHintChanged:false, mSurfaceSize:Point(1080, 2376), mLastSurfaceSize:Point(1080, 2376), mWidth:1080, mHeight:2376, requestedWidth:1080, requestedHeight:2376, transformHint:0, installOrientation:0, displayRotation:0, isSurfaceValid:true, attr.flag:-2122251904, tmpFrames:ClientWindowFrames{frame=[0,0][1080,2376] display=[0,0][1080,2376] parentFrame=[0,0][1080,2376]}, relayoutAsync:true, mSyncSeqId:0
06-17 11:29:38.357 19335 19335 W VRI[ReaderActivity]: updateBlastSurfaceIfNeeded, surfaceSize:Point(1080, 2376), lastSurfaceSize:Point(1080, 2376), format:-1, blastBufferQueue:android.graphics.BLASTBufferQueue@db4468d
06-17 11:29:38.361 19335 19335 E hiyomi.at.debug: Invalid resource ID 0x00000000.
06-17 11:29:38.366 19335 19335 E OplusCustomizeRestrictionManager: sInstance is null, start a new sInstance
06-17 11:29:38.416 19335 19335 I SurfaceControl:  setExtendedRangeBrightness sc=Surface(name=app.kanade.tachiyomi.at.debug/eu.kanade.tachiyomi.ui.reader.ReaderActivity)/@0x98e8761,currentBufferRatio=1.0,desiredRatio=1.0
06-17 11:29:38.886 19335 19991 I hiyomi.at.debug: hiddenapi: Accessing hidden field Landroid/graphics/Bitmap;->mNativePtr:J (runtime_flags=0, domain=platform, api=unsupported) from Ltachiyomi/decoder/ImageDecoder; (domain=app) using JNI: allowed
06-17 11:29:38.895 19335 19353 I hiyomi.at.debug: _Desupression native alloc  gc_urgency: 61597expectation: 179781 native bytes: 73047004
06-17 11:29:38.969 19335 19353 W hiyomi.at.debug: Cleared Reference was only reachable from finalizer (only reported once)
06-17 11:29:39.001 19335 19353 I hiyomi.at.debug: Background concurrent mark compact GC freed 21MB AllocSpace bytes, 49(3336KB) LOS objects, 75% free,16MB(M:13MB,L:3384KB)/66MB, paused 818us,2.355ms total 105.514ms
06-17 11:29:39.853 19335 19335 E IJankManager: slideSceneEnd unknown scene 1000 mScene:-1
06-17 11:29:40.658 19335 19335 D OplusViewDragTouchViewHelper: dispatchTouchView action = 1
06-17 11:29:40.659 19335 19335 D ViewRootImplExtImpl: the up motion event handled by client, just return
06-17 11:29:41.003 19335 19991 W libc    : Access denied finding property "ro.hardware.chipname"
06-17 11:29:41.010 19335 19991 D nativeloader: Load /data/app/~~qsFC3noIqffnDTQsLzzPNw==/app.kanade.tachiyomi.at.debug-wJ6sca8I0LPMx8kXHiBn8A==/base.apk!/lib/arm64-v8a/libonnxruntime4j_jni.so using class loader ns clns-9 (caller=/data/app/~~qsFC3noIqffnDTQsLzzPNw==/app.kanade.tachiyomi.at.debug-wJ6sca8I0LPMx8kXHiBn8A==/base.apk): ok
06-17 11:29:41.706 19335 19991 I Manager : DeviceManager::DeviceManager
06-17 11:29:41.706 19335 19991 W ServerFlag: Failed to parse result of GetServerConfigurableFlag, errno=34
06-17 11:29:41.707 19335 19991 I Manager : findAvailableDevices
06-17 11:29:41.799 19335 19991 W onnxruntime:  [W:onnxruntime:, nnapi_execution_provider.cc:229 GetCapability] NnapiExecutionProvider::GetCapability, number of partitions supported by NNAPI: 10 number of nodes in the graph: 450 number of nodes supported by NNAPI: 10
06-17 11:29:41.800 19335 19991 W onnxruntime:  [W:onnxruntime:, nnapi_execution_provider.cc:229 GetCapability] NnapiExecutionProvider::GetCapability, number of partitions supported by NNAPI: 10 number of nodes in the graph: 450 number of nodes supported by NNAPI: 10
06-17 11:29:41.806 19335 19991 I TypeManager: Failed to read /vendor/etc/nnapi_extensions_app_allowlist ; No app allowlisted for vendor extensions use.
06-17 11:29:41.806 19335 19991 I ExecutionPlan: ExecutionPlan::SimpleBody::finish: compilation finished successfully on nnapi-reference
06-17 11:29:41.806 19335 19991 I ExecutionPlan: ExecutionPlan::SimpleBody::finish: compilation finished successfully on nnapi-reference
06-17 11:29:41.806 19335 19991 I ExecutionPlan: ExecutionPlan::SimpleBody::finish: compilation finished successfully on nnapi-reference
06-17 11:29:41.806 19335 19991 I ExecutionPlan: ExecutionPlan::SimpleBody::finish: compilation finished successfully on nnapi-reference
06-17 11:29:41.806 19335 19991 I ExecutionPlan: ExecutionPlan::SimpleBody::finish: compilation finished successfully on nnapi-reference
06-17 11:29:41.807 19335 19991 I ExecutionPlan: ExecutionPlan::SimpleBody::finish: compilation finished successfully on nnapi-reference
06-17 11:29:41.807 19335 19991 I ExecutionPlan: ExecutionPlan::SimpleBody::finish: compilation finished successfully on nnapi-reference
06-17 11:29:41.807 19335 19991 I ExecutionPlan: ExecutionPlan::SimpleBody::finish: compilation finished successfully on nnapi-reference
06-17 11:29:41.807 19335 19991 I ExecutionPlan: ExecutionPlan::SimpleBody::finish: compilation finished successfully on nnapi-reference
06-17 11:29:41.807 19335 19991 I ExecutionPlan: ExecutionPlan::SimpleBody::finish: compilation finished successfully on nnapi-reference
06-17 11:29:41.820 19335 19991 W onnxruntime:  [W:onnxruntime:, session_state.cc:1263 VerifyEachNodeIsAssignedToAnEp] Some nodes were not assigned to the preferred execution providers which may or may not have an negative impact on performance. e.g. ORT explicitly assigns shape related ops to CPU to improve perf.
06-17 11:29:41.820 19335 19991 W onnxruntime:  [W:onnxruntime:, session_state.cc:1265 VerifyEachNodeIsAssignedToAnEp] Rerunning with verbose output on a non-minimal build will show node assignments.
06-17 11:29:43.899 19335 19783 D MediaScannerConnection: Scanned /tree/primary:Download/Korean novel/document/primary:Download/Korean novel/translations/Rawkuma (JA)/Drawing_ Saikyou Mangaka wa Oekaki Skill de Isekai Musou Suru!/Chapter 160_images to null
06-17 11:29:44.684 19335 19991 I Quality : BitmapCompressInfo:1350,1920,1,100,709723229
06-17 11:29:44.734 19335 20660 D nativeloader: Load /data/app/~~qsFC3noIqffnDTQsLzzPNw==/app.kanade.tachiyomi.at.debug-wJ6sca8I0LPMx8kXHiBn8A==/base.apk!/lib/arm64-v8a/libtranslate_jni.so using class loader ns clns-9 (caller=/data/app/~~qsFC3noIqffnDTQsLzzPNw==/app.kanade.tachiyomi.at.debug-wJ6sca8I0LPMx8kXHiBn8A==/base.apk!classes36.dex): ok
06-17 11:29:44.738 19335 20660 I native  : I0000 00:00:1781670584.737864   20660 package.cc:81] Load: No checksum: /data/user/0/app.kanade.tachiyomi.at.debug/no_backup/com.google.mlkit.translate.models/en_ja/merged_dict_en_ja_25_both.bin
06-17 11:29:44.756 19335 20660 I native  : I0000 00:00:1781670584.756905   20660 package.cc:81] Load: No checksum: /data/user/0/app.kanade.tachiyomi.at.debug/no_backup/com.google.mlkit.translate.models/en_ja/merged_dict_en_ja_25_from_ja.bin
06-17 11:29:44.757 19335 20660 I native  : I0000 00:00:1781670584.757393   20660 package.cc:81] Load: No checksum: /data/user/0/app.kanade.tachiyomi.at.debug/no_backup/com.google.mlkit.translate.models/en_ja/merged_dict_en_ja_25_update.bin
06-17 11:29:44.758 19335 20660 E native  : E0000 00:00:1781670584.758803   20660 varwidtharray.h:243] Unable to mlock filter data: -1
06-17 11:29:44.759 19335 20660 E native  : E0000 00:00:1781670584.758993   20660 varwidtharray.h:243] Unable to mlock filter data: -1
06-17 11:29:44.759 19335 20660 E native  : E0000 00:00:1781670584.759027   20660 varwidtharray.h:243] Unable to mlock filter data: -1
06-17 11:29:44.759 19335 20660 I native  : I0000 00:00:1781670584.759039   20660 offline_lm_approx_map.cc:47] 3500512 bytes actually loaded.
06-17 11:29:44.763 19335 20660 W native  : W0000 00:00:1781670584.763483   20660 universal_preproc_segment_mobile.cc:39] unknown argument: 'SAFT_SLIM'
06-17 11:29:44.763 19335 20660 W native  : W0000 00:00:1781670584.763548   20660 universal_preproc_segment_mobile.cc:39] unknown argument: 'SAFT_SLIM'
06-17 11:29:44.763 19335 20660 W native  : W0000 00:00:1781670584.763557   20660 universal_preproc_segment_mobile.cc:39] unknown argument: 'SAFT_SLIM'
06-17 11:29:44.763 19335 20660 W native  : W0000 00:00:1781670584.763562   20660 universal_preproc_segment_mobile.cc:39] unknown argument: 'SAFT_SLIM'
06-17 11:29:44.770 19335 20660 I native  : I0000 00:00:1781670584.770832   20660 word_reordering_factory.cc:44] Create component with spec: MobileSortReordering/reorder_mobile_sort_jaen:model_data_address=b400006d2e394a48:model_data_size=1524215
06-17 11:29:44.771 19335 20660 I native  : I0000 00:00:1781670584.771120   20660 model-api.cc:46] Registered model under key sort-reordering
06-17 11:29:44.772 19335 20660 I native  : I0000 00:00:1781670584.772699   20660 sort-reordering.cc:96] Successfully constructed valid SortReordering object
06-17 11:29:44.775 19335 20660 I native  : I0000 00:00:1781670584.775105   20660 offline_feature_functions.cc:109] offline lm loaded for language: ENGLISH
06-17 11:29:44.775 19335 20660 I native  : I0000 00:00:1781670584.775190   20660 offline_feature_functions.cc:109] offline lm loaded for language: ENGLISH
06-17 11:29:44.775 19335 20660 I native  : I0000 00:00:1781670584.775223   20660 offline_feature_functions.cc:109] offline lm loaded for language: ENGLISH
06-17 11:29:44.775 19335 20660 I native  : I0000 00:00:1781670584.775250   20660 offline_feature_functions.cc:109] offline lm loaded for language: ENGLISH
06-17 11:29:44.778 19335 20660 I native  : I0000 00:00:1781670584.778721   20660 inference_session_encoder_util.cc:86] Creating sessions for 4 pipelines...
06-17 11:29:44.778 19335 20660 I native  : I0000 00:00:1781670584.778800   20660 inference_session_encoder_util.cc:90] Creating session for pipeline 'encoder_embed_ids_0'...
06-17 11:29:44.778 19335 20660 I tflite  : Initialized TensorFlow Lite runtime.
06-17 11:29:44.779 19335 20660 W libc    : Access denied finding property "ro.hardware.chipname"
06-17 11:29:44.783 19335 20660 I tflite  : Created TensorFlow Lite XNNPACK delegate for CPU.
06-17 11:29:44.783 19335 20660 I native  : I0000 00:00:1781670584.783496   20660 inference_session_encoder_util.cc:90] Creating session for pipeline 'encoder_swizzled_birnn_0'...
06-17 11:29:44.784 19335 20660 I native  : I0000 00:00:1781670584.784703   20660 inference_session_encoder_util.cc:90] Creating session for pipeline 'encoder_swizzled_birnn_1'...
06-17 11:29:44.785 19335 20660 I native  : I0000 00:00:1781670584.785605   20660 inference_session_encoder_util.cc:90] Creating session for pipeline 'encoder_swizzled_birnn_2'...
06-17 11:29:44.785 19335 20660 I native  : I0000 00:00:1781670584.785818   20660 decoder.cc:121] Creating decoder
06-17 11:29:44.785 19335 20660 I native  : I0000 00:00:1781670584.785840   20660 inference_session_encoder_util.cc:86] Creating sessions for 3 pipelines...
06-17 11:29:44.785 19335 20660 I native  : I0000 00:00:1781670584.785852   20660 inference_session_encoder_util.cc:90] Creating session for pipeline 'decoder_init_0'...
06-17 11:29:44.786 19335 20660 I native  : I0000 00:00:1781670584.786406   20660 inference_session_encoder_util.cc:90] Creating session for pipeline 'decoder_step_embed_ids_0'...
06-17 11:29:44.787 19335 20660 I native  : I0000 00:00:1781670584.786993   20660 inference_session_encoder_util.cc:90] Creating session for pipeline 'decoder_step_0'...
06-17 11:29:44.805 19335 20660 W native  : W0000 00:00:1781670584.805799   20660 preproc_subsentence_splitter.cc:274] Option 'split_hierarchically' is ignored.
06-17 11:29:44.816 19335 20660 I native  : I0000 00:00:1781670584.816814   20660 wordpiece_preprocessor.cc:48] Model loaded from pb string. Verifying symbols.
06-17 11:29:44.817 19335 20660 I native  : I0000 00:00:1781670584.817840   20660 wordpiece_preprocessor.cc:83] Symbols=5998 chars=4995
06-17 11:29:44.818 19335 20660 I native  : I0000 00:00:1781670584.818075   20660 preproc_subsentence_splitter.cc:342] Final todo: upp_offline:b2a:lc:subsentence_splitter_tokenizer
06-17 11:29:44.824 19335 20660 I native  : I0000 00:00:1781670584.824247   20660 wordpiece_preprocessor.cc:48] Model loaded from pb string. Verifying symbols.
06-17 11:29:44.825 19335 20660 I native  : I0000 00:00:1781670584.825130   20660 wordpiece_preprocessor.cc:83] Symbols=5998 chars=4995
06-17 11:29:44.834 19335 20660 I native  : I0000 00:00:1781670584.834354   20660 wordpiece_preprocessor.cc:48] Model loaded from pb string. Verifying symbols.
06-17 11:29:44.834 19335 20660 I native  : I0000 00:00:1781670584.834975   20660 wordpiece_preprocessor.cc:83] Symbols=3998 chars=401
06-17 11:29:44.837 19335 20660 I native  : I0000 00:00:1781670584.837714   20660 uniform_model.cc:316] Instantiating UniformModel for language=ja src_script= tgt_script= top_k=1 model_store= version=, method_type=METHOD_UNSPECIFIED service=translate_ondevice model_path= resource_to_file_handle_map.size=0 rapid_response=
06-17 11:29:44.839 19335 20660 I native  : I0617 11:29:44.839156   20660 builtin.cc:17] Registering prefix: /memfile//
06-17 11:29:44.839 19335 20660 I native  : I0617 11:29:44.839225   20660 builtin.cc:17] Registering prefix: /memfile//
06-17 11:29:44.839 19335 20660 I native  : I0617 11:29:44.839256   20660 icutranslitruleloader.cc:52] Mounting default icu rules
06-17 11:29:44.839 19335 20660 I native  : I0617 11:29:44.839423   20660 uniform_model.cc:66] Read the config for 85 input language-scripts from: /memfile/nlp/sweet/translit/api/config/default.binarypb
06-17 11:29:44.839 19335 20660 I native  : I0617 11:29:44.839453   20660 uniform_model.cc:66] Read the config for 4 input language-scripts from: /memfile/nlp/sweet/translit/api/config/translate_ondevice.binarypb
06-17 11:29:44.840 19335 20660 I native  : I0617 11:29:44.840125   20660 uniform_model.cc:151] Resolved Method Type: METHOD_MOZC
06-17 11:29:44.840 19335 20660 I native  : I0617 11:29:44.840281   20660 uniform_model.cc:316] Instantiating UniformModel for language=ja src_script= tgt_script= top_k=1 model_store= version=, method_type=METHOD_UNSPECIFIED service=translate_ondevice model_path= resource_to_file_handle_map.size=0 rapid_response=
06-17 11:29:44.840 19335 20660 I native  : I0617 11:29:44.840349   20660 uniform_model.cc:66] Read the config for 85 input language-scripts from: /memfile/nlp/sweet/translit/api/config/default.binarypb
06-17 11:29:44.840 19335 20660 I native  : I0617 11:29:44.840391   20660 uniform_model.cc:66] Read the config for 4 input language-scripts from: /memfile/nlp/sweet/translit/api/config/translate_ondevice.binarypb
06-17 11:29:44.840 19335 20660 I native  : I0617 11:29:44.840969   20660 uniform_model.cc:151] Resolved Method Type: METHOD_MOZC
06-17 11:29:44.841 19335 20660 I native  : I0617 11:29:44.841035   20660 uniform_model.cc:316] Instantiating UniformModel for language=ja src_script= tgt_script= top_k=1 model_store=compact version=, method_type=METHOD_UNSPECIFIED service=translate_ondevice model_path=/data/user/0/app.kanade.tachiyomi.at.debug/no_backup/com.google.mlkit.translate.models/en_ja/translit_ja resource_to_file_handle_map.size=0 rapid_response=
06-17 11:29:44.841 19335 20660 I native  : I0617 11:29:44.841069   20660 uniform_model.cc:66] Read the config for 85 input language-scripts from: /memfile/nlp/sweet/translit/api/config/default.binarypb
06-17 11:29:44.841 19335 20660 I native  : I0617 11:29:44.841084   20660 uniform_model.cc:66] Read the config for 4 input language-scripts from: /memfile/nlp/sweet/translit/api/config/translate_ondevice.binarypb
06-17 11:29:44.841 19335 20660 I native  : I0617 11:29:44.841648   20660 uniform_model.cc:151] Resolved Method Type: METHOD_MOZC
06-17 11:29:44.841 19335 20660 I native  : I0617 11:29:44.841667   20660 uniform_model.cc:235] Resolved Model Path: /data/user/0/app.kanade.tachiyomi.at.debug/no_backup/com.google.mlkit.translate.models/en_ja/translit_ja
06-17 11:29:44.859 19335 20660 I native  : I0617 11:29:44.859135   20660 uniform_model.cc:316] Instantiating UniformModel for language=en src_script= tgt_script= top_k=1 model_store= version=, method_type=METHOD_UNSPECIFIED service=translate_ondevice model_path= resource_to_file_handle_map.size=0 rapid_response=
06-17 11:29:44.859 19335 20660 I native  : I0617 11:29:44.859344   20660 uniform_model.cc:66] Read the config for 85 input language-scripts from: /memfile/nlp/sweet/translit/api/config/default.binarypb
06-17 11:29:44.859 19335 20660 I native  : I0617 11:29:44.859397   20660 uniform_model.cc:66] Read the config for 4 input language-scripts from: /memfile/nlp/sweet/translit/api/config/translate_ondevice.binarypb
06-17 11:29:44.860 19335 20660 I native  : I0617 11:29:44.860097   20660 dictionary.cc:274] Dictionary build date: 20191024
06-17 11:29:44.887 19335 20660 I native  : I0617 11:29:44.887169   20660 punctuation_mapper.cc:319] Initialized punctuation mapper
06-17 11:29:44.887 19335 20660 D native  : I0617 11:29:44.887247   20660 mergeddicttrans.cc:1860] The current system has NMT.
06-17 11:29:44.887 19335 20660 D native  : I0617 11:29:44.887255   20660 mergeddicttrans.cc:1866] Sentence #0: そうまりそう意味を表行うな第15巻きです!?
06-17 11:29:44.887 19335 20660 D native  : I0617 11:29:44.887283   20660 mergeddicttrans.cc:1918] To be translated by NMT.
06-17 11:29:44.929 19335 20660 I native  : I0617 11:29:44.929150   20660 mergeddicttrans.cc:1827] Sentence #0: そうまりそう意味を表行うな第15巻きです!?
06-17 11:29:44.929 19335 20660 I native  : I0617 11:29:44.929332   20660 mergeddicttrans.cc:1828] 
06-17 11:29:44.929 19335 20660 I native  : Source language: ja, target language: en
06-17 11:29:44.929 19335 20660 I native  : 
06-17 11:29:44.929 19335 20660 I native  : Has period trick: 0
06-17 11:29:44.929 19335 20660 I native  : 
06-17 11:29:44.929 19335 20660 I native  : Full translation: That's why it means that it means the 15th roll!?
06-17 11:29:44.929 19335 20660 I native  : Translate Instance: 
06-17 11:29:44.929 19335 20660 I native  : Query (raw): そうまりそう意味を表行うな第15巻きです!?
06-17 11:29:44.929 19335 20660 I native  : Query (after preprocess): そうまり そう 意味 を 表行う な 第 15 巻き です ! ?
06-17 11:29:44.929 19335 20660 I native  : Query ids (after tokenizer): 1602 1289 1602 1045 1088 7 328 509 368 26 167 749 3 1696 257 163 723 882 2
06-17 11:29:44.929 19335 20660 I native  : Translation ids: 1189 158 1030 79 70 708 30 70 708 3 422 299 1589 430 417 2
06-17 11:29:44.929 19335 20660 I native  : Translation (after detokenizer): That 's why it means that it means the 15th roll ! ?
06-17 11:29:44.929 19335 20660 I native  : Alignment probability:
06-17 11:29:44.929 19335 20660 I native  : 	That	's	why	it	means	that	it	means	the	15th	roll	!	?
06-17 11:29:44.929 19335 20660 I native  : そうまり	0.298039	0.290196	0.147059	0.0784314	0.0235294	0.0823529	0.0862745	0.027451	0.0431373	0.00588235	0	0.00392157	0.0117647
06-17 11:29:44.929 19335 20660 I native  : そう	0.0470588	0.105882	0.139216	0.0941176	0.027451	0.184314	0.168627	0.054902	0.0941176	0.0117647	0.00784314	0.00784314	0
06-17 11:29:44.929 19335 20660 I native  : 意味	0.00392157	0.0431373	0.0196078	0.0705882	0.0862745	0.121569	0.176471	0.309804	0.262745	0.145098	0.0313726	0.0470588	0
06-17 11:29:44.929 19335 20660 I native  : を	0.00392157	0.0156863	0.00392157	0.0509804	0.0431373	0.0431373	0.0745098	0.0823529	0.0392157	0.00196078	0.00392157	0.00392157	0
06-17 11:29:44.929 19335 20660 I native  : 表行う	0.129412	0.231373	0.0862745	0.243137	0.568627	0.141176	0.172549	0.352941	0.0666667	0.0313726	0.0666667	0.176471	0.00392157
06-17 11:29:44.929 19335 20660 I native  : な	0.25098	0.054902	0.101961	0.117647	0.0235294	0.0980392	0.0745098	0.0196078	0.0509804	0.0294118	0.027451	0.0627451	0.00784314
06-17 11:29:44.929 19335 20660 I native  : 第	0.0392157	0.027451	0.0901961	0.145098	0.0431373	0.227451	0.0901961	0.0431373	0.27451	0.229412	0.188235	0.14902	0.0235294
06-17 11:29:44.929 19335 20660 I native  : 15	0.00784314	0.0666667	0.0235294	0.0156863	0.0235294	0.0235294	0.0392157	0.027451	0.0313726	0.213726	0.0352941	0.0235294	0.0352941
06-17 11:29:44.929 19335 20660 I native  : 巻き	0.0196078	0.0313726	0.0294118	0.0235294	0.0313726	0.0352941	0.0156863	0.0196078	0.0352941	0.227451	0.415686	0.0745098	0.0313726
06-17 11:29:44.929 19335 20660 I native  : です	0.133333	0.0823529	0.0215686	0.145098	0.0823529	0.0117647	0.0196078	0.027451	0.0117647	0.00784314	0.027451	0.027451	0.0431373
06-17 11:29:44.929 19335 20660 I native  : !	0.00392157	0	0.00784314	0.00784314	0.00392157	0.00784314	0.00784314	0.00392157	0.0235294	0.0196078	0.101961	0.345098	0.027451
06-17 11:29:44.929 19335 20660 I native  : ?	0.0235294	0.00392157	0.0137255	0.00784314	0	0	0.00392157	0	0.00392157	0.0196078	0.0196078	0.00392157	0.537255
06-17 11:29:44.929 19335 20660 I native  : Translation (before postprocess): That 's why it means that it means the 15th roll ! ?
06-17 11:29:45.961 19335 20128 I Quality : BitmapCompressInfo:1350,1920,2,90,595386875
06-17 11:29:48.878 19335 19335 E IJankManager: slideSceneEnd unknown scene 1000 mScene:-1
06-17 11:29:49.139 19335 19335 I VelocityTracker: LSQ2 speed rezero
06-17 11:29:49.139 19335 19335 I VelocityTracker: LSQ2 speed rezero
06-17 11:29:49.139 19335 19335 I VelocityTracker: LSQ2 speed rezero
06-17 11:29:49.139 19335 19335 I VelocityTracker: LSQ2 speed rezero
06-17 11:29:49.139 19335 19335 I VelocityTracker: LSQ2 speed rezero
06-17 11:29:49.139 19335 19335 I VelocityTracker: LSQ2 speed rezero
06-17 11:29:49.139 19335 19335 D OplusViewDragTouchViewHelper: dispatchTouchView action = 1
06-17 11:29:49.140 19335 19335 I VelocityTracker: LSQ2 speed rezero
06-17 11:29:49.140 19335 19335 D ViewRootImplExtImpl: the up motion event handled by client, just return
06-17 11:29:49.211 19335 20131 I Quality : BitmapCompressInfo:1350,1920,1,100,704349843
06-17 11:29:49.239 19335 20699 D native  : I0617 11:29:49.239171   20699 mergeddicttrans.cc:1860] The current system has NMT.
06-17 11:29:49.239 19335 20699 D native  : I0617 11:29:49.239298   20699 mergeddicttrans.cc:1866] Sentence #0: そうまりそう意味を表行うな第15巻きです!?
06-17 11:29:49.239 19335 20699 D native  : I0617 11:29:49.239351   20699 mergeddicttrans.cc:1918] To be translated by NMT.
06-17 11:29:49.280 19335 20699 I native  : I0617 11:29:49.280316   20699 mergeddicttrans.cc:1827] Sentence #0: そうまりそう意味を表行うな第15巻きです!?
06-17 11:29:49.280 19335 20699 I native  : I0617 11:29:49.280407   20699 mergeddicttrans.cc:1828] 
06-17 11:29:49.280 19335 20699 I native  : Source language: ja, target language: en
06-17 11:29:49.280 19335 20699 I native  : 
06-17 11:29:49.280 19335 20699 I native  : Has period trick: 0
06-17 11:29:49.280 19335 20699 I native  : 
06-17 11:29:49.280 19335 20699 I native  : Full translation: That's why it means that it means the 15th roll!?
06-17 11:29:49.280 19335 20699 I native  : Translate Instance: 
06-17 11:29:49.280 19335 20699 I native  : Query (raw): そうまりそう意味を表行うな第15巻きです!?
06-17 11:29:49.280 19335 20699 I native  : Query (after preprocess): そうまり そう 意味 を 表行う な 第 15 巻き です ! ?
06-17 11:29:49.280 19335 20699 I native  : Query ids (after tokenizer): 1602 1289 1602 1045 1088 7 328 509 368 26 167 749 3 1696 257 163 723 882 2
06-17 11:29:49.280 19335 20699 I native  : Translation ids: 1189 158 1030 79 70 708 30 70 708 3 422 299 1589 430 417 2
06-17 11:29:49.280 19335 20699 I native  : Translation (after detokenizer): That 's why it means that it means the 15th roll ! ?
06-17 11:29:49.280 19335 20699 I native  : Alignment probability:
06-17 11:29:49.280 19335 20699 I native  : 	That	's	why	it	means	that	it	means	the	15th	roll	!	?
06-17 11:29:49.280 19335 20699 I native  : そうまり	0.298039	0.290196	0.147059	0.0784314	0.0235294	0.0823529	0.0862745	0.027451	0.0431373	0.00588235	0	0.00392157	0.0117647
06-17 11:29:49.280 19335 20699 I native  : そう	0.0470588	0.105882	0.139216	0.0941176	0.027451	0.184314	0.168627	0.054902	0.0941176	0.0117647	0.00784314	0.00784314	0
06-17 11:29:49.280 19335 20699 I native  : 意味	0.00392157	0.0431373	0.0196078	0.0705882	0.0862745	0.121569	0.176471	0.309804	0.262745	0.145098	0.0313726	0.0470588	0
06-17 11:29:49.280 19335 20699 I native  : を	0.00392157	0.0156863	0.00392157	0.0509804	0.0431373	0.0431373	0.0745098	0.0823529	0.0392157	0.00196078	0.00392157	0.00392157	0
06-17 11:29:49.280 19335 20699 I native  : 表行う	0.129412	0.231373	0.0862745	0.243137	0.568627	0.141176	0.172549	0.352941	0.0666667	0.0313726	0.0666667	0.176471	0.00392157
06-17 11:29:49.280 19335 20699 I native  : な	0.25098	0.054902	0.101961	0.117647	0.0235294	0.0980392	0.0745098	0.0196078	0.0509804	0.0294118	0.027451	0.0627451	0.00784314
06-17 11:29:49.280 19335 20699 I native  : 第	0.0392157	0.027451	0.0901961	0.145098	0.0431373	0.227451	0.0901961	0.0431373	0.27451	0.229412	0.188235	0.14902	0.0235294
06-17 11:29:49.280 19335 20699 I native  : 15	0.00784314	0.0666667	0.0235294	0.0156863	0.0235294	0.0235294	0.0392157	0.027451	0.0313726	0.213726	0.0352941	0.0235294	0.0352941
06-17 11:29:49.280 19335 20699 I native  : 巻き	0.0196078	0.0313726	0.0294118	0.0235294	0.0313726	0.0352941	0.0156863	0.0196078	0.0352941	0.227451	0.415686	0.0745098	0.0313726
06-17 11:29:49.280 19335 20699 I native  : です	0.133333	0.0823529	0.0215686	0.145098	0.0823529	0.0117647	0.0196078	0.027451	0.0117647	0.00784314	0.027451	0.027451	0.0431373
06-17 11:29:49.280 19335 20699 I native  : !	0.00392157	0	0.00784314	0.00784314	0.00392157	0.00784314	0.00784314	0.00392157	0.0235294	0.0196078	0.101961	0.345098	0.027451
06-17 11:29:49.280 19335 20699 I native  : ?	0.0235294	0.00392157	0.0137255	0.00784314	0	0	0.00392157	0	0.00392157	0.0196078	0.0196078	0.00392157	0.537255
06-17 11:29:49.280 19335 20699 I native  : Translation (before postprocess): That 's why it means that it means the 15th roll ! ?
06-17 11:29:49.663 19335 19335 E IJankManager: slideSceneEnd unknown scene 1000 mScene:-1
06-17 11:29:50.009 19335 19335 D OplusViewDragTouchViewHelper: dispatchTouchView action = 1
06-17 11:29:50.009 19335 19335 D ViewRootImplExtImpl: the up motion event handled by client, just return
06-17 11:29:50.228 19335 19729 I Quality : BitmapCompressInfo:1350,1920,2,90,591038906
06-17 11:29:51.518 19335 19335 E IJankManager: slideSceneEnd unknown scene 1000 mScene:-1
06-17 11:29:52.423 19335 19335 D OplusViewDragTouchViewHelper: dispatchTouchView action = 1
06-17 11:29:52.424 19335 19335 D ViewRootImplExtImpl: the up motion event handled by client, just return
06-17 11:29:56.080 19335 19335 E IJankManager: slideSceneEnd unknown scene 1000 mScene:-1
06-17 11:29:56.483 19335 19335 D OplusViewDragTouchViewHelper: dispatchTouchView action = 1
06-17 11:29:56.483 19335 19335 D ViewRootImplExtImpl: the up motion event handled by client, just return
06-17 11:29:56.720 19335 19335 E IJankManager: slideSceneEnd unknown scene 1000 mScene:-1
06-17 11:29:58.216 19335 19335 D OplusViewDragTouchViewHelper: dispatchTouchView action = 1
06-17 11:29:58.216 19335 19335 D ViewRootImplExtImpl: the up motion event handled by client, just return
06-17 11:29:58.742 19335 19335 E IJankManager: slideSceneEnd unknown scene 1000 mScene:-1
06-17 11:29:59.426 19335 19335 D OplusViewDebugManager: OplusViewDebugManager Constructor android.view.debug.OplusViewDebugManager@4bb73b9 [mHasViewDebugProperty true] [mHasMsgDebugProperty false] [DEBUG false] [EXTRAINFOENABLE false] [LIGHT_OS false]
06-17 11:29:59.427 19335 19335 D OplusViewDebugManager: OplusViewDebugManager Constructor android.view.debug.OplusViewDebugManager@b28d3fe [mHasViewDebugProperty true] [mHasMsgDebugProperty false] [DEBUG false] [EXTRAINFOENABLE false] [LIGHT_OS false]
06-17 11:29:59.427 19335 19335 D OplusViewDragTouchViewHelper: dispatchTouchView action = 1
06-17 11:29:59.431 19335 19335 D ViewRootImplExtImpl: the up motion event handled by client, just return
06-17 11:29:59.651 19335 19335 E Surface : IGraphicBufferProducer::setMaxDequeuedBufferCount(2) returned Invalid argument
06-17 11:30:01.595 19335 19335 I VelocityTracker: LSQ2 speed rezero
06-17 11:30:01.595 19335 19335 I VelocityTracker: LSQ2 speed rezero
06-17 11:30:01.595 19335 19335 I VelocityTracker: LSQ2 speed rezero
06-17 11:30:01.595 19335 19335 I VelocityTracker: LSQ2 speed rezero
06-17 11:30:01.595 19335 19335 I VelocityTracker: LSQ2 speed rezero
06-17 11:30:01.595 19335 19335 I VelocityTracker: LSQ2 speed rezero
06-17 11:30:01.595 19335 19335 D OplusViewDragTouchViewHelper: dispatchTouchView action = 1
06-17 11:30:01.597 19335 19335 I VelocityTracker: LSQ2 speed rezero
06-17 11:30:01.597 19335 19335 D ViewRootImplExtImpl: the up motion event handled by client, just return
06-17 11:30:02.299 19335 19335 E IJankManager: slideSceneEnd unknown scene 1000 mScene:-1
06-17 11:30:03.821 19335 19335 D OplusViewDragTouchViewHelper: dispatchTouchView action = 1
06-17 11:30:03.822 19335 19335 D ViewRootImplExtImpl: the up motion event handled by client, just return
06-17 11:30:05.068 19335 19335 E IJankManager: slideSceneEnd unknown scene 1000 mScene:-1
06-17 11:30:05.116 19335 19335 D OplusViewDragTouchViewHelper: dispatchTouchView action = 1
06-17 11:30:05.117 19335 19335 D ViewRootImplExtImpl: the up motion event handled by client, just return
06-17 11:30:05.958 19335 19335 E IJankManager: slideSceneEnd unknown scene 1000 mScene:-1
06-17 11:30:06.022 19335 19335 D OplusViewDragTouchViewHelper: dispatchTouchView action = 1
06-17 11:30:06.022 19335 19335 D ViewRootImplExtImpl: the up motion event handled by client, just return
06-17 11:30:06.149 19335 19335 E Surface : IGraphicBufferProducer::setMaxDequeuedBufferCount(2) returned Invalid argument
06-17 11:30:06.601 19335 19335 D OplusViewDragTouchViewHelper: dispatchTouchView action = 1
06-17 11:30:06.601 19335 19335 D ViewRootImplExtImpl: the up motion event handled by client, just return
06-17 11:30:06.714 19335 19335 E Surface : IGraphicBufferProducer::setMaxDequeuedBufferCount(2) returned Invalid argument
06-17 11:30:07.076 19335 19335 D OplusViewDragTouchViewHelper: dispatchTouchView action = 1
06-17 11:30:07.077 19335 19335 D ViewRootImplExtImpl: the up motion event handled by client, just return
06-17 11:30:07.144 19335 20129 I Quality : BitmapCompressInfo:1350,1920,1,100,582032240
06-17 11:30:07.162 19335 20888 D native  : I0617 11:30:07.162816   20888 mergeddicttrans.cc:1860] The current system has NMT.
06-17 11:30:07.163 19335 20888 D native  : I0617 11:30:07.163104   20888 mergeddicttrans.cc:1866] Sentence #0: 迅速の果て...速度をも超越した速さ...!?
06-17 11:30:07.163 19335 20888 D native  : I0617 11:30:07.163225   20888 mergeddicttrans.cc:1918] To be translated by NMT.
06-17 11:30:07.218 19335 20888 I native  : I0617 11:30:07.218136   20888 mergeddicttrans.cc:1827] Sentence #0: 迅速の果て...速度をも超越した速さ...!?
06-17 11:30:07.218 19335 20888 I native  : I0617 11:30:07.218282   20888 mergeddicttrans.cc:1828] 
06-17 11:30:07.218 19335 20888 I native  : Source language: ja, target language: en
06-17 11:30:07.218 19335 20888 I native  : 
06-17 11:30:07.218 19335 20888 I native  : Has period trick: 0
06-17 11:30:07.218 19335 20888 I native  : 
06-17 11:30:07.218 19335 20888 I native  : Full translation: Rapid end ... Speed also speeded up ...!?
06-17 11:30:07.218 19335 20888 I native  : Translate Instance: 
06-17 11:30:07.218 19335 20888 I native  : Query (raw): 迅速の果て...速度をも超越した速さ...!?
06-17 11:30:07.218 19335 20888 I native  : Query (after preprocess): 迅速 の 果 て ... 速度 を も 超越 し た 速 さ ... ! ?
06-17 11:30:07.218 19335 20888 I native  : Query ids (after tokenizer): 3 2061 590 4 3 825 12 1198 3 590 160 7 54 1163 1944 11 15 3 590 17 1198 723 882 2
06-17 11:30:07.218 19335 20888 I native  : Translation ids: 57 229 138 341 983 863 1528 176 901 14 305 983 430 417 2
06-17 11:30:07.218 19335 20888 I native  : Translation (after detokenizer): Rapid end ... Speed also speeded up ... ! ?
06-17 11:30:07.218 19335 20888 I native  : Alignment probability:
06-17 11:30:07.218 19335 20888 I native  : 	Rapid	end	...	Speed	also	speeded	up	...	!	?
06-17 11:30:07.218 19335 20888 I native  : 迅速	0.60915	0.0470588	0.0117647	0.00588235	0.00392157	0.00196078	0.00392157	0.0117647	0.00392157	0.00392157
06-17 11:30:07.218 19335 20888 I native  : の	0.0104575	0.0352941	0.00784314	0	0	0	0	0	0	0
06-17 11:30:07.218 19335 20888 I native  : 果	0.115033	0.670588	0.0470588	0.00196078	0.00784314	0.00392157	0.00784314	0.00392157	0.00392157	0
06-17 11:30:07.218 19335 20888 I native  : て	0.0366013	0.0196078	0.054902	0	0	0	0	0	0	0
06-17 11:30:07.218 19335 20888 I native  : ...	0.0392157	0.121569	0.682353	0.00196078	0.00784314	0.00392157	0.00392157	0.00784314	0	0
06-17 11:30:07.218 19335 20888 I native  : 速度	0.0130719	0.00784314	0.00784314	0.278431	0.0666667	0.0529412	0.0509804	0.0705882	0.00784314	0
06-17 11:30:07.218 19335 20888 I native  : を	0	0	0.00392157	0.0117647	0.0666667	0.0529412	0.00784314	0.00392157	0	0
06-17 11:30:07.218 19335 20888 I native  : も	0.00653595	0.00392157	0.0196078	0.0333333	0.156863	0.0647059	0.027451	0.0431373	0.00392157	0.00392157
06-17 11:30:07.218 19335 20888 I native  : 超越	0.027451	0.0156863	0.027451	0.254902	0.341176	0.280392	0.184314	0.0862745	0.027451	0.00784314
06-17 11:30:07.218 19335 20888 I native  : し	0.00392157	0	0.00784314	0.0156863	0.0352941	0.0627451	0.0352941	0.00784314	0.00392157	0
06-17 11:30:07.218 19335 20888 I native  : た	0.00784314	0.00392157	0.0235294	0.0568627	0.101961	0.1	0.027451	0.0235294	0.0117647	0
06-17 11:30:07.218 19335 20888 I native  : 速	0.027451	0.0509804	0.0352941	0.239216	0.160784	0.229412	0.356863	0.247059	0.0588235	0.0156863
06-17 11:30:07.218 19335 20888 I native  : さ	0.00392157	0.00392157	0.00392157	0.0156863	0.00784314	0.0470588	0.0509804	0.00784314	0	0
06-17 11:30:07.218 19335 20888 I native  : ...	0	0.00392157	0.0117647	0.00392157	0.0117647	0.0431373	0.0627451	0.364706	0.0352941	0.027451
06-17 11:30:07.218 19335 20888 I native  : !	0	0	0	0.0137255	0	0	0.00392157	0.0196078	0.545098	0.215686
06-17 11:30:07.218 19335 20888 I native  : ?	0.00130719	0	0	0.0196078	0	0.00196078	0.00392157	0.00392157	0.152941	0.32549
06-17 11:30:07.218 19335 20888 I native  : Translation (before postprocess): Rapid end ... Speed also speeded up ... ! ?
06-17 11:30:07.221 19335 20892 D native  : I0617 11:30:07.221679   20892 mergeddicttrans.cc:1860] The current system has NMT.
06-17 11:30:07.221 19335 20892 D native  : I0617 11:30:07.221783   20892 mergeddicttrans.cc:1866] Sentence #0: まさかカルビナーマイアンは...!!!
06-17 11:30:07.221 19335 20892 D native  : I0617 11:30:07.221928   20892 mergeddicttrans.cc:1918] To be translated by NMT.
06-17 11:30:07.255 19335 20892 I native  : I0617 11:30:07.255782   20892 mergeddicttrans.cc:1827] Sentence #0: まさかカルビナーマイアンは...!!!
06-17 11:30:07.256 19335 20892 I native  : I0617 11:30:07.256036   20892 mergeddicttrans.cc:1828] 
06-17 11:30:07.256 19335 20892 I native  : Source language: ja, target language: en
06-17 11:30:07.256 19335 20892 I native  : 
06-17 11:30:07.256 19335 20892 I native  : Has period trick: 0
06-17 11:30:07.256 19335 20892 I native  : 
06-17 11:30:07.256 19335 20892 I native  : Full translation: Masaka Calviner Mian ... !!!
06-17 11:30:07.256 19335 20892 I native  : Translate Instance: 
06-17 11:30:07.256 19335 20892 I native  : Query (raw): まさかカルビナーマイアンは...!!!
06-17 11:30:07.256 19335 20892 I native  : Query (after preprocess): まさか カルビナー マイアン は ... !!!
06-17 11:30:07.256 19335 20892 I native  : Query ids (after tokenizer): 436 316 375 129 23 390 960 1069 59 19 9 1198 723 2312 2312 2
06-17 11:30:07.256 19335 20892 I native  : Translation ids: 33 290 3207 28 39 205 58 22 33 619 983 430 3409 3409 2
06-17 11:30:07.256 19335 20892 I native  : Translation (after detokenizer): Masaka Calviner Mian ... !!!
06-17 11:30:07.256 19335 20892 I native  : Alignment probability:
06-17 11:30:07.256 19335 20892 I native  : 	Masaka	Calviner	Mian	...	!!!
06-17 11:30:07.256 19335 20892 I native  : まさか	0.715033	0.027451	0.00196078	0.00784314	0.00261438
06-17 11:30:07.256 19335 20892 I native  : カルビナー	0.122876	0.855686	0	0	0.00130719
06-17 11:30:07.256 19335 20892 I native  : マイアン	0.0352941	0.0298039	0.952941	0.423529	0.00130719
06-17 11:30:07.256 19335 20892 I native  : は	0.020915	0.00941177	0.0196078	0.14902	0.0117647
06-17 11:30:07.256 19335 20892 I native  : ...	0.00653595	0.00470588	0.0196078	0.227451	0.0156863
06-17 11:30:07.256 19335 20892 I native  : !!!	0.00261438	0.000784314	0	0.0352941	0.884967
06-17 11:30:07.256 19335 20892 I native  : Translation (before postprocess): Masaka Calviner Mian ... !!!
06-17 11:30:07.264 19335 20893 D native  : I0617 11:30:07.264716   20893 mergeddicttrans.cc:1860] The current system has NMT.
06-17 11:30:07.264 19335 20893 D native  : I0617 11:30:07.264909   20893 mergeddicttrans.cc:1866] Sentence #0: 高度な「超速」を繰り返し知ら返りに対象の周りにスインガンガンの斬撃を散らすことで...
06-17 11:30:07.265 19335 20893 D native  : I0617 11:30:07.265030   20893 mergeddicttrans.cc:1918] To be translated by NMT.
06-17 11:30:07.338 19335 20893 I native  : I0617 11:30:07.338025   20893 mergeddicttrans.cc:1827] Sentence #0: 高度な「超速」を繰り返し知ら返りに対象の周りにスインガンガンの斬撃を散らすことで...
06-17 11:30:07.338 19335 20893 I native  : I0617 11:30:07.338258   20893 mergeddicttrans.cc:1828] 
06-17 11:30:07.338 19335 20893 I native  : Source language: ja, target language: en
06-17 11:30:07.338 19335 20893 I native  : 
06-17 11:30:07.338 19335 20893 I native  : Has period trick: 0
06-17 11:30:07.338 19335 20893 I native  : 
06-17 11:30:07.338 19335 20893 I native  : Full translation: By repeating advanced "ultra-speed" repeatedly to return to the scatter of the swingangan around the target ...
06-17 11:30:07.338 19335 20893 I native  : Translate Instance: 
06-17 11:30:07.338 19335 20893 I native  : Query (raw): 高度な「超速」を繰り返し知ら返りに対象の周りにスインガンガンの斬撃を散らすことで...
06-17 11:30:07.338 19335 20893 I native  : Query (after preprocess): 高度 な 「 超速 」 を 繰り返し 知ら 返り に 対象 の 周り に スインガンガン の 斬撃 を 散らす こと で ...
06-17 11:30:07.338 19335 20893 I native  : Query ids (after tokenizer): 324 160 26 171 1163 590 173 7 3 1566 115 1089 51 1086 226 3 1089 115 8 548 832 4 558 115 8 76 164 754 19 754 19 4 3 3391 1628 7 3 1049 1784 47 16 1198 2
06-17 11:30:07.338 19335 20893 I native  : Translation ids: 1044 650 451 13 1305 1354 14 34 2159 289 45 15 901 34 650 2367 55 7 973 7 3 466 2716 6 3 2032 13 783 146 1621 3 726 983 2
06-17 11:30:07.338 19335 20893 I native  : Translation (after detokenizer): By repeating advanced " ultra - speed " repeatedly to return to the scatter of the swingangan around the target ...
06-17 11:30:07.338 19335 20893 I native  : Alignment probability:
06-17 11:30:07.338 19335 20893 I native  : 	By	repeating	advanced	"	ultra	-	speed	"	repeatedly	to	return	to	the	scatter	of	the	swingangan	around	the	target	...
06-17 11:30:07.338 19335 20893 I native  : 高度	0.101961	0.154248	0.55817	0.0392157	0.00784314	0	0	0	0.00522876	0.00392157	0.00392157	0.027451	0.0156863	0.00392157	0	0.00392157	0.000980392	0	0.00784314	0.0156863	0
06-17 11:30:07.338 19335 20893 I native  : な	0.00392157	0.00915033	0.0509804	0.0313726	0.00522876	0.00392157	0	0	0	0	0	0	0	0	0	0	0	0	0	0	0.00392157
06-17 11:30:07.338 19335 20893 I native  : 「	0.00784314	0.0222222	0.0535948	0.721569	0.00784314	0.00392157	0.00392157	0.00392157	0.00261438	0.00392157	0	0.00392157	0	0	0	0	0	0	0.00392157	0.00392157	0.0196078
06-17 11:30:07.338 19335 20893 I native  : 超速	0.00392157	0.0169935	0.0300654	0.121569	0.840523	0.772549	0.882353	0.0470588	0	0	0	0	0	0	0	0	0	0	0.00392157	0.00392157	0
06-17 11:30:07.338 19335 20893 I native  : 」	0	0.00522876	0.00392157	0.00784314	0.0117647	0.0156863	0.0235294	0.686275	0.00130719	0	0	0	0	0	0	0	0	0	0	0	0
06-17 11:30:07.338 19335 20893 I native  : を	0.00392157	0.0117647	0.0104575	0.00392157	0.00130719	0.00392157	0	0.027451	0.0261438	0.00784314	0	0	0	0	0	0	0	0	0.00392157	0	0.00392157
06-17 11:30:07.338 19335 20893 I native  : 繰り返し	0.176471	0.43268	0.0535948	0.00392157	0.00392157	0	0	0.0705882	0.368628	0.0235294	0.00784314	0.00784314	0.00392157	0	0	0	0	0	0.0352941	0.00392157	0.0196078
06-17 11:30:07.338 19335 20893 I native  : 知ら	0.0313726	0.048366	0.0352941	0.0196078	0.00130719	0	0.00392157	0.027451	0.224837	0.301961	0.192157	0.027451	0.027451	0.00784314	0	0	0	0	0.0235294	0.0117647	0.0235294
06-17 11:30:07.338 19335 20893 I native  : 返り	0.00784314	0.0261438	0.0117647	0.00392157	0	0	0	0.0117647	0.0797386	0.160784	0.329412	0.0470588	0.054902	0.00588235	0	0	0	0	0.0117647	0.00784314	0.027451
06-17 11:30:07.338 19335 20893 I native  : に	0.0235294	0.00915033	0.00915033	0.00392157	0.00130719	0	0	0.0235294	0.048366	0.117647	0.0313726	0.0509804	0.0352941	0.00196078	0.00392157	0	0	0.00392157	0.0352941	0.00392157	0.0823529
06-17 11:30:07.338 19335 20893 I native  : 対象	0.00784314	0.0143791	0.0143791	0.00392157	0.00261438	0	0	0.0117647	0.0183007	0.0235294	0.0705882	0.0313726	0.223529	0.198039	0.0431373	0.0313726	0.0137255	0.00392157	0.301961	0.729412	0.0352941
06-17 11:30:07.338 19335 20893 I native  : の	0	0	0.00130719	0	0	0	0	0	0	0.00392157	0.00392157	0.00784314	0.0235294	0.0176471	0.0117647	0	0	0	0.0235294	0.0196078	0.0117647
06-17 11:30:07.338 19335 20893 I native  : 周り	0.0117647	0.00915033	0.0104575	0.00392157	0	0	0	0.00784314	0.027451	0.054902	0.0313726	0.0941176	0.0980392	0.0254902	0.207843	0.0117647	0.027451	0.282353	0.109804	0.027451	0.0588235
06-17 11:30:07.338 19335 20893 I native  : に	0	0	0	0	0	0	0	0	0.00261438	0.00392157	0	0.0117647	0.00392157	0	0.0156863	0	0.00392157	0.101961	0.0196078	0	0.0117647
06-17 11:30:07.338 19335 20893 I native  : スインガンガン	0.0235294	0.0222222	0.0169935	0.0117647	0.00130719	0	0	0.0117647	0.0313726	0.0235294	0.0196078	0.423529	0.266667	0.127451	0.133333	0.745098	0.789216	0.215686	0.0745098	0.0431373	0.00784314
06-17 11:30:07.338 19335 20893 I native  : の	0	0	0	0	0	0	0	0.00392157	0.00261438	0.00392157	0	0.00784314	0	0.00392157	0.156863	0.0117647	0.0196078	0.0352941	0.00392157	0.00392157	0.00392157
06-17 11:30:07.338 19335 20893 I native  : 斬撃	0.0117647	0.0326797	0.0169935	0.00392157	0.00522876	0	0	0.0156863	0.0457516	0.027451	0.101961	0.188235	0.172549	0.394118	0.129412	0.168627	0.107843	0.109804	0.0196078	0.0431373	0.00784314
06-17 11:30:07.338 19335 20893 I native  : を	0	0	0	0	0	0	0	0	0.00130719	0	0	0.00784314	0	0.00196078	0.0666667	0	0.00686275	0.0196078	0.00392157	0	0.0196078
06-17 11:30:07.338 19335 20893 I native  : 散らす	0.0745098	0.156863	0.00522876	0	0	0	0	0.00784314	0.0627451	0.180392	0.168627	0.0509804	0.054902	0.152941	0.054902	0.00392157	0.00196078	0.0235294	0.00392157	0	0.0352941
06-17 11:30:07.338 19335 20893 I native  : こと	0.12549	0.0130719	0	0	0	0	0	0	0.00522876	0.00784314	0	0	0	0	0	0	0	0	0	0	0
06-17 11:30:07.338 19335 20893 I native  : で	0.286275	0.00392157	0	0	0	0	0	0	0.0117647	0.0235294	0	0.00784314	0.00392157	0	0.0235294	0	0	0.00784314	0.00392157	0	0.00392157
06-17 11:30:07.338 19335 20893 I native  : ...	0.0666667	0.00261438	0.00261438	0	0	0	0	0.0117647	0.00784314	0.0156863	0.00392157	0.0196078	0.00392157	0.00392157	0.054902	0.00784314	0.00882353	0.12549	0.196078	0.0117647	0.564706
06-17 11:30:07.338 19335 20893 I native  : Translation (before postprocess): By repeating advanced " ultra - speed " repeatedly to return to the scatter of the swingangan around the target ...
06-17 11:30:07.342 19335 20894 D native  : I0617 11:30:07.342360   20894 mergeddicttrans.cc:1860] The current system has NMT.
06-17 11:30:07.342 19335 20894 D native  : I0617 11:30:07.342568   20894 mergeddicttrans.cc:1866] Sentence #0: 数十5の己の己の分身を作りに泊り出すことは同意じゃぞ...!!!
06-17 11:30:07.342 19335 20894 D native  : I0617 11:30:07.342686   20894 mergeddicttrans.cc:1918] To be translated by NMT.
06-17 11:30:07.403 19335 20894 I native  : I0617 11:30:07.403170   20894 mergeddicttrans.cc:1827] Sentence #0: 数十5の己の己の分身を作りに泊り出すことは同意じゃぞ...!!!
06-17 11:30:07.403 19335 20894 I native  : I0617 11:30:07.403410   20894 mergeddicttrans.cc:1828] 
06-17 11:30:07.403 19335 20894 I native  : Source language: ja, target language: en
06-17 11:30:07.403 19335 20894 I native  : 
06-17 11:30:07.403 19335 20894 I native  : Has period trick: 0
06-17 11:30:07.403 19335 20894 I native  : 
06-17 11:30:07.403 19335 20894 I native  : Full translation: It is consent that you can get out to create a thousands of thousands of thousands ...!!!
06-17 11:30:07.403 19335 20894 I native  : Translate Instance: 
06-17 11:30:07.403 19335 20894 I native  : Query (raw): 数十5の己の己の分身を作りに泊り出すことは同意じゃぞ...!!!
06-17 11:30:07.403 19335 20894 I native  : Query (after preprocess): 数十 5 の 己 の 己 の 分身 を 作り に 泊り出す こと は 同意 じゃぞ ... !!!
06-17 11:30:07.403 19335 20894 I native  : Query ids (after tokenizer): 308 2755 122 4 3 1808 4 3 1808 4 139 1384 7 475 115 8 3 1623 115 1658 47 9 321 647 2133 1958 917 1198 723 2312 2312 2
06-17 11:30:07.403 19335 20894 I native  : Translation ids: 209 11 487 117 30 87 31 1352 346 7 1070 9 674 363 255 10 6 674 363 255 10 6 674 363 255 10 983 430 430 430 2
06-17 11:30:07.403 19335 20894 I native  : Translation (after detokenizer): It is consent that you can get out to create a thousands of thousands of thousands ... ! ! !
06-17 11:30:07.403 19335 20894 I native  : Alignment probability:
06-17 11:30:07.403 19335 20894 I native  : 	It	is	consent	that	you	can	get	out	to	create	a	thousands	of	thousands	of	thousands	...	!	!	!
06-17 11:30:07.403 19335 20894 I native  : 数十	0.0509804	0.0156863	0.00980392	0.00392157	0.0588235	0.0117647	0.00392157	0.0784314	0.129412	0.0196078	0.380392	0.138235	0.0823529	0.276471	0.12549	0.207843	0.0980392	0	0	0
06-17 11:30:07.403 19335 20894 I native  : 5	0	0.00392157	0	0	0	0	0	0.00392157	0.00392157	0.00392157	0.00392157	0.0294118	0.0352941	0.105882	0.219608	0.148039	0.0509804	0	0	0
06-17 11:30:07.403 19335 20894 I native  : の	0	0	0	0.00392157	0.00392157	0	0	0	0.00784314	0	0.0196078	0.00980392	0.152941	0.0245098	0.180392	0.022549	0.0980392	0	0	0
06-17 11:30:07.403 19335 20894 I native  : 己	0.00392157	0.00784314	0.00196078	0	0.0156863	0.00392157	0	0.0156863	0.0313726	0.00392157	0.0941176	0.214706	0.12549	0.228431	0.117647	0.173529	0.0509804	0	0	0
06-17 11:30:07.403 19335 20894 I native  : の	0	0	0	0	0	0.00392157	0	0	0.00392157	0	0.0156863	0.0362745	0.12549	0.0470588	0.0784314	0.0460784	0.0196078	0	0	0
06-17 11:30:07.403 19335 20894 I native  : 己	0.00392157	0	0	0	0.00784314	0.00784314	0.00392157	0.0156863	0.0196078	0.0117647	0.117647	0.184314	0.0823529	0.130392	0.0627451	0.0970588	0.0235294	0	0	0
06-17 11:30:07.403 19335 20894 I native  : の	0	0	0	0	0	0.00392157	0	0	0.00784314	0.00392157	0.027451	0.0392157	0.152941	0.00980392	0.0235294	0.00490196	0.00392157	0	0	0
06-17 11:30:07.403 19335 20894 I native  : 分身	0	0	0	0	0.0117647	0.0156863	0.0235294	0.0313726	0.0235294	0.0509804	0.129412	0.185294	0.129412	0.0343137	0.027451	0.0333333	0.00784314	0	0	0
06-17 11:30:07.403 19335 20894 I native  : を	0	0	0	0	0.00392157	0.0117647	0.0117647	0.0156863	0.0156863	0.00784314	0.0156863	0.00294118	0.00784314	0.00294118	0.00392157	0.00490196	0.00392157	0	0	0
06-17 11:30:07.403 19335 20894 I native  : 作り	0.0117647	0.0117647	0.00588235	0.00784314	0.133333	0.180392	0.188235	0.0470588	0.0509804	0.564706	0.00784314	0.00784314	0.0117647	0.00392157	0.00784314	0.00686275	0.0196078	0	0	0
06-17 11:30:07.403 19335 20894 I native  : に	0.0117647	0.00784314	0.00196078	0.054902	0.0352941	0.0156863	0.0196078	0.12549	0.333333	0.0117647	0.12549	0.00392157	0.0156863	0.00784314	0.027451	0.0362745	0.0980392	0	0	0
06-17 11:30:07.403 19335 20894 I native  : 泊り出す	0.247059	0.101961	0.0176471	0.176471	0.486275	0.368627	0.592157	0.537255	0.266667	0.286275	0.0431373	0.0156863	0.0196078	0.00490196	0.0117647	0.0137255	0.0313726	0.00392157	0	0
06-17 11:30:07.403 19335 20894 I native  : こと	0.172549	0.0666667	0.0333333	0.235294	0.0823529	0.0156863	0.00392157	0.00392157	0.00784314	0	0	0	0	0	0	0	0.00392157	0	0	0
06-17 11:30:07.403 19335 20894 I native  : は	0.0196078	0.192157	0.0137255	0.0666667	0.0196078	0.0196078	0.00392157	0.00392157	0.0156863	0	0	0	0.00392157	0.00196078	0.0117647	0.00980392	0.0784314	0.00392157	0	0
06-17 11:30:07.403 19335 20894 I native  : 同意	0.0901961	0.313726	0.727451	0.0862745	0.0705882	0.117647	0.0235294	0.00784314	0.0117647	0	0	0	0	0.000980392	0.00392157	0.00882353	0.0392157	0.027451	0.0117647	0.00392157
06-17 11:30:07.403 19335 20894 I native  : じゃぞ	0.337255	0.14902	0.137255	0.266667	0.0313726	0.054902	0.00784314	0	0	0	0	0	0	0	0	0.00686275	0.0588235	0.0745098	0.0509804	0.0196078
06-17 11:30:07.403 19335 20894 I native  : ...	0.00784314	0.0431373	0.0137255	0.0823529	0.0117647	0.0392157	0.0235294	0.00784314	0.0117647	0.00392157	0.00784314	0	0.00392157	0.00294118	0.0509804	0.0313726	0.227451	0.027451	0.0117647	0.00784314
06-17 11:30:07.403 19335 20894 I native  : !!!	0.00392157	0.00392157	0.00588235	0.00392157	0.00392157	0.00392157	0.00392157	0.00392157	0.00392157	0	0	0	0	0	0.00392157	0.00294118	0.0392157	0.788235	0.835294	0.784314
06-17 11:30:07.403 19335 20894 I native  : Translation (before postprocess): It is consent that you can get out to create a thousands of thousands of thousands ... ! ! !
06-17 11:30:07.419 19335 20898 D native  : I0617 11:30:07.419948   20898 mergeddicttrans.cc:1860] The current system has NMT.
06-17 11:30:07.420 19335 20898 D native  : I0617 11:30:07.420146   20898 mergeddicttrans.cc:1866] Sentence #0: 「超速」を自分のものに
06-17 11:30:07.420 19335 20898 D native  : I0617 11:30:07.420308   20898 mergeddicttrans.cc:1918] To be translated by NMT.
06-17 11:30:07.438 19335 20898 I native  : I0617 11:30:07.438848   20898 mergeddicttrans.cc:1827] Sentence #0: 「超速」を自分のものに
06-17 11:30:07.439 19335 20898 I native  : I0617 11:30:07.439042   20898 mergeddicttrans.cc:1828] 
06-17 11:30:07.439 19335 20898 I native  : Source language: ja, target language: en
06-17 11:30:07.439 19335 20898 I native  : 
06-17 11:30:07.439 19335 20898 I native  : Has period trick: 0
06-17 11:30:07.439 19335 20898 I native  : 
06-17 11:30:07.439 19335 20898 I native  : Full translation: "Super speed" to your own
06-17 11:30:07.439 19335 20898 I native  : Translate Instance: 
06-17 11:30:07.439 19335 20898 I native  : Query (raw): 「超速」を自分のものに
06-17 11:30:07.439 19335 20898 I native  : Query (after preprocess): 「 超速 」 を 自分 の もの に
06-17 11:30:07.439 19335 20898 I native  : Query ids (after tokenizer): 171 1163 590 173 7 1614 4 389 8 2
06-17 11:30:07.439 19335 20898 I native  : Translation ids: 34 2975 901 34 7 301 1534 2
06-17 11:30:07.439 19335 20898 I native  : Translation (after detokenizer): " Super speed " to your own
06-17 11:30:07.439 19335 20898 I native  : Alignment probability:
06-17 11:30:07.439 19335 20898 I native  : 	"	Super	speed	"	to	your	own
06-17 11:30:07.439 19335 20898 I native  : 「	0.309804	0.0196078	0	0.0117647	0.0117647	0.0117647	0
06-17 11:30:07.439 19335 20898 I native  : 超速	0.133333	0.921569	0.862745	0.137255	0	0.00392157	0
06-17 11:30:07.439 19335 20898 I native  : 」	0.0117647	0.0117647	0.0784314	0.603922	0.00392157	0	0
06-17 11:30:07.439 19335 20898 I native  : を	0.0313726	0	0	0.0588235	0.168627	0.00392157	0
06-17 11:30:07.439 19335 20898 I native  : 自分	0.0862745	0.00392157	0	0.0117647	0.109804	0.67451	0.333333
06-17 11:30:07.439 19335 20898 I native  : の	0.00392157	0	0	0	0.00392157	0.054902	0.270588
06-17 11:30:07.439 19335 20898 I native  : もの	0.0392157	0.00392157	0	0.00784314	0.0705882	0.152941	0.219608
06-17 11:30:07.439 19335 20898 I native  : に	0.309804	0.0156863	0	0.109804	0.592157	0.0235294	0.00392157
06-17 11:30:07.439 19335 20898 I native  : Translation (before postprocess): " Super speed " to your own
06-17 11:30:07.441 19335 20899 D native  : I0617 11:30:07.441323   20899 mergeddicttrans.cc:1860] The current system has NMT.
06-17 11:30:07.441 19335 20899 D native  : I0617 11:30:07.441425   20899 mergeddicttrans.cc:1866] Sentence #0: 敵をその中に閉じ込める気が...!?
06-17 11:30:07.441 19335 20899 D native  : I0617 11:30:07.441511   20899 mergeddicttrans.cc:1918] To be translated by NMT.
06-17 11:30:07.474 19335 20899 I native  : I0617 11:30:07.474409   20899 mergeddicttrans.cc:1827] Sentence #0: 敵をその中に閉じ込める気が...!?
06-17 11:30:07.474 19335 20899 I native  : I0617 11:30:07.474602   20899 mergeddicttrans.cc:1828] 
06-17 11:30:07.474 19335 20899 I native  : Source language: ja, target language: en
06-17 11:30:07.474 19335 20899 I native  : 
06-17 11:30:07.474 19335 20899 I native  : Has period trick: 0
06-17 11:30:07.474 19335 20899 I native  : 
06-17 11:30:07.474 19335 20899 I native  : Full translation: I feel like I'm going to close my enemies ...!?
06-17 11:30:07.474 19335 20899 I native  : Translate Instance: 
06-17 11:30:07.474 19335 20899 I native  : Query (raw): 敵をその中に閉じ込める気が...!?
06-17 11:30:07.474 19335 20899 I native  : Query (after preprocess): 敵 を その 中 に 閉じ込める 気 が ... ! ?
06-17 11:30:07.474 19335 20899 I native  : Query ids (after tokenizer): 3 2117 7 138 134 8 3 1351 529 1174 1063 1120 10 1198 723 882 2
06-17 11:30:07.474 19335 20899 I native  : Translation ids: 63 2811 366 63 2564 3182 7 1620 1213 386 219 141 983 430 417 2
06-17 11:30:07.474 19335 20899 I native  : Translation (after detokenizer): I feel like I 'm going to close my enemies ... ! ?
06-17 11:30:07.474 19335 20899 I native  : Alignment probability:
06-17 11:30:07.474 19335 20899 I native  : 	I	feel	like	I	'm	going	to	close	my	enemies	...	!	?
06-17 11:30:07.474 19335 20899 I native  : 敵	0.0784314	0.00392157	0.137255	0.0588235	0.0627451	0.0980392	0.027451	0.0196078	0.396078	0.747712	0.00784314	0	0
06-17 11:30:07.474 19335 20899 I native  : を	0.00392157	0	0.00392157	0.0196078	0.00784314	0.0156863	0.0313726	0.00784314	0.0470588	0.0117647	0.0313726	0	0
06-17 11:30:07.474 19335 20899 I native  : その	0.00392157	0	0.00392157	0.00392157	0.00784314	0.0235294	0.0156863	0.00784314	0.0313726	0.0130719	0.0627451	0.00392157	0
06-17 11:30:07.474 19335 20899 I native  : 中	0.0156863	0.00392157	0.0235294	0.0235294	0.0196078	0.0509804	0.0705882	0.027451	0.133333	0.0379085	0.337255	0.0117647	0
06-17 11:30:07.474 19335 20899 I native  : に	0.00784314	0	0.00392157	0.0117647	0.00392157	0.00784314	0.0235294	0.00784314	0.105882	0.0117647	0.180392	0	0
06-17 11:30:07.474 19335 20899 I native  : 閉じ込める	0.0745098	0.0980392	0.203922	0.745098	0.517647	0.439216	0.654902	0.858824	0.168627	0.0261438	0.054902	0.00392157	0
06-17 11:30:07.474 19335 20899 I native  : 気	0.341176	0.686275	0.364706	0.0862745	0.0980392	0.145098	0.00392157	0	0	0	0	0	0
06-17 11:30:07.474 19335 20899 I native  : が	0.145098	0.101961	0.054902	0.0117647	0.0196078	0.0235294	0.00392157	0	0	0	0.00392157	0	0
06-17 11:30:07.474 19335 20899 I native  : ...	0.0784314	0.0196078	0.0352941	0.0117647	0.027451	0.0392157	0.0235294	0.00784314	0.0470588	0.020915	0.27451	0.0431373	0.00784314
06-17 11:30:07.474 19335 20899 I native  : !	0.0235294	0.00392157	0.00392157	0.00392157	0.00392157	0.00784314	0.00784314	0.00392157	0.00392157	0.00261438	0.0156863	0.552941	0.137255
06-17 11:30:07.474 19335 20899 I native  : ?	0.0627451	0	0.00392157	0.00392157	0	0	0.00392157	0	0	0	0.00392157	0.192157	0.6
06-17 11:30:07.474 19335 20899 I native  : Translation (before postprocess): I feel like I 'm going to close my enemies ... ! ?
06-17 11:30:07.476 19335 20660 D native  : I0617 11:30:07.476006   20660 mergeddicttrans.cc:1860] The current system has NMT.
06-17 11:30:07.476 19335 20660 D native  : I0617 11:30:07.476097   20660 mergeddicttrans.cc:1866] Sentence #0: つまるとこころそれば...
06-17 11:30:07.476 19335 20660 D native  : I0617 11:30:07.476170   20660 mergeddicttrans.cc:1918] To be translated by NMT.
06-17 11:30:07.493 19335 20660 I native  : I0617 11:30:07.493689   20660 mergeddicttrans.cc:1827] Sentence #0: つまるとこころそれば...
06-17 11:30:07.493 19335 20660 I native  : I0617 11:30:07.493837   20660 mergeddicttrans.cc:1828] 
06-17 11:30:07.493 19335 20660 I native  : Source language: ja, target language: en
06-17 11:30:07.493 19335 20660 I native  : 
06-17 11:30:07.493 19335 20660 I native  : Has period trick: 0
06-17 11:30:07.493 19335 20660 I native  : 
06-17 11:30:07.493 19335 20660 I native  : Full translation: After that, what is the heart ...
06-17 11:30:07.493 19335 20660 I native  : Translate Instance: 
06-17 11:30:07.493 19335 20660 I native  : Query (raw): つまるとこころそれば...
06-17 11:30:07.493 19335 20660 I native  : Query (after preprocess): つまる と こころ それ ば ...
06-17 11:30:07.493 19335 20660 I native  : Query ids (after tokenizer): 191 1836 14 940 733 286 563 1198 2
06-17 11:30:07.493 19335 20660 I native  : Translation ids: 857 30 5 1930 11 3 2456 983 2
06-17 11:30:07.493 19335 20660 I native  : Translation (after detokenizer): After that , what is the heart ...
06-17 11:30:07.493 19335 20660 I native  : Alignment probability:
06-17 11:30:07.493 19335 20660 I native  : 	After	that	,	what	is	the	heart	...
06-17 11:30:07.493 19335 20660 I native  : つまる	0.494118	0.764706	0.129412	0.0196078	0.0156863	0.0156863	0.00392157	0.00392157
06-17 11:30:07.493 19335 20660 I native  : と	0.196078	0.0901961	0.34902	0.0588235	0.0235294	0.00784314	0.00392157	0.0313726
06-17 11:30:07.493 19335 20660 I native  : こころ	0.105882	0.0196078	0.184314	0.392157	0.282353	0.419608	0.529412	0.117647
06-17 11:30:07.493 19335 20660 I native  : それ	0.129412	0.0313726	0.227451	0.47451	0.470588	0.388235	0.270588	0.305882
06-17 11:30:07.493 19335 20660 I native  : ば	0.0196078	0.0196078	0.00784314	0.0470588	0.0588235	0.0901961	0.0941176	0.0352941
06-17 11:30:07.493 19335 20660 I native  : ...	0.0352941	0.00784314	0.0431373	0.00784314	0.0470588	0.0235294	0.0117647	0.376471
06-17 11:30:07.493 19335 20660 I native  : Translation (before postprocess): After that , what is the heart ...
06-17 11:30:07.497 19335 20699 D native  : I0617 11:30:07.497232   20699 mergeddicttrans.cc:1860] The current system has NMT.
06-17 11:30:07.497 19335 20699 D native  : I0617 11:30:07.497333   20699 mergeddicttrans.cc:1866] Sentence #0: したというのか!!!
06-17 11:30:07.497 19335 20699 D native  : I0617 11:30:07.497411   20699 mergeddicttrans.cc:1918] To be translated by NMT.
06-17 11:30:07.516 19335 20699 I native  : I0617 11:30:07.516059   20699 mergeddicttrans.cc:1827] Sentence #0: したというのか!!!
06-17 11:30:07.516 19335 20699 I native  : I0617 11:30:07.516113   20699 mergeddicttrans.cc:1828] 
06-17 11:30:07.516 19335 20699 I native  : Source language: ja, target language: en
06-17 11:30:07.516 19335 20699 I native  : 
06-17 11:30:07.516 19335 20699 I native  : Has period trick: 0
06-17 11:30:07.516 19335 20699 I native  : 
06-17 11:30:07.516 19335 20699 I native  : Full translation: Was it?!!
06-17 11:30:07.516 19335 20699 I native  : Translate Instance: 
06-17 11:30:07.516 19335 20699 I native  : Query (raw): したというのか!!!
06-17 11:30:07.516 19335 20699 I native  : Query (after preprocess): し た と いう の か !!!
06-17 11:30:07.516 19335 20699 I native  : Query ids (after tokenizer): 11 15 14 957 4 103 723 2312 2312 2
06-17 11:30:07.516 19335 20699 I native  : Translation ids: 133 290 70 417 430 430 2
06-17 11:30:07.516 19335 20699 I native  : Translation (after detokenizer): Was it ? ! !
06-17 11:30:07.516 19335 20699 I native  : Alignment probability:
06-17 11:30:07.516 19335 20699 I native  : 	Was	it	?	!	!
06-17 11:30:07.516 19335 20699 I native  : し	0.0431373	0.188235	0.156863	0.0156863	0.00784314
06-17 11:30:07.516 19335 20699 I native  : た	0.205882	0.152941	0.101961	0.0235294	0.00784314
06-17 11:30:07.516 19335 20699 I native  : と	0.0745098	0.0980392	0.0431373	0.0117647	0.00392157
06-17 11:30:07.516 19335 20699 I native  : いう	0.0941176	0.121569	0.101961	0.0117647	0
06-17 11:30:07.516 19335 20699 I native  : の	0.0764706	0.0431373	0.0235294	0.0117647	0.00392157
06-17 11:30:07.516 19335 20699 I native  : か	0.272549	0.0980392	0.0352941	0.0823529	0.0196078
06-17 11:30:07.516 19335 20699 I native  : !!!	0.0490196	0.0745098	0.168627	0.619608	0.807843
06-17 11:30:07.516 19335 20699 I native  : Translation (before postprocess): Was it ? ! !
06-17 11:30:08.542 19335 19335 E IJankManager: slideSceneEnd unknown scene 1000 mScene:-1
06-17 11:30:08.654 19335 20129 I Quality : BitmapCompressInfo:1350,1920,2,90,596556875
06-17 11:30:09.709 19335 19335 D OplusViewDragTouchViewHelper: dispatchTouchView action = 1
06-17 11:30:09.710 19335 19335 D ViewRootImplExtImpl: the up motion event handled by client, just return
06-17 11:30:09.776 19335 19335 E Surface : IGraphicBufferProducer::setMaxDequeuedBufferCount(2) returned Invalid argument
06-17 11:30:09.982 19335 19335 E IJankManager: slideSceneEnd unknown scene 1000 mScene:-1
06-17 11:30:10.079 19335 19335 D OplusViewDragTouchViewHelper: dispatchTouchView action = 1
06-17 11:30:10.079 19335 19335 D ViewRootImplExtImpl: the up motion event handled by client, just return
06-17 11:30:10.209 19335 19335 E Surface : IGraphicBufferProducer::setMaxDequeuedBufferCount(2) returned Invalid argument
06-17 11:30:10.767 19335 19335 I VelocityTracker: LSQ2 speed rezero
06-17 11:30:10.767 19335 19335 I VelocityTracker: LSQ2 speed rezero
06-17 11:30:10.767 19335 19335 I VelocityTracker: LSQ2 speed rezero
06-17 11:30:10.767 19335 19335 I VelocityTracker: LSQ2 speed rezero
06-17 11:30:10.768 19335 19335 I VelocityTracker: LSQ2 speed rezero
06-17 11:30:10.768 19335 19335 I VelocityTracker: LSQ2 speed rezero
06-17 11:30:10.768 19335 19335 D OplusViewDragTouchViewHelper: dispatchTouchView action = 1
06-17 11:30:10.768 19335 19335 I VelocityTracker: LSQ2 speed rezero
06-17 11:30:10.768 19335 19335 D ViewRootImplExtImpl: the up motion event handled by client, just return
06-17 11:30:10.851 19335 19335 E Surface : IGraphicBufferProducer::setMaxDequeuedBufferCount(2) returned Invalid argument
06-17 11:30:11.090 19335 19335 E IJankManager: slideSceneEnd unknown scene 1000 mScene:-1
06-17 11:30:11.863 19335 19335 D OplusViewDragTouchViewHelper: dispatchTouchView action = 1
06-17 11:30:11.863 19335 19335 D ViewRootImplExtImpl: the up motion event handled by client, just return
06-17 11:30:12.049 19335 19335 E Surface : IGraphicBufferProducer::setMaxDequeuedBufferCount(2) returned Invalid argument
06-17 11:30:12.114 19335 19335 E IJankManager: slideSceneEnd unknown scene 1000 mScene:-1
06-17 11:30:12.410 19335 19335 D OplusViewDragTouchViewHelper: dispatchTouchView action = 1
06-17 11:30:12.410 19335 19335 D ViewRootImplExtImpl: the up motion event handled by client, just return
06-17 11:30:12.740 19335 19335 E IJankManager: slideSceneEnd unknown scene 1000 mScene:-1
06-17 11:30:16.805 19335 19335 D OplusViewDragTouchViewHelper: dispatchTouchView action = 1
06-17 11:30:16.805 19335 19335 D ViewRootImplExtImpl: the up motion event handled by client, just return
06-17 11:30:17.768 19335 19335 E IJankManager: slideSceneEnd unknown scene 1000 mScene:-1
06-17 11:30:18.073 19335 19335 D OplusViewDragTouchViewHelper: dispatchTouchView action = 1
06-17 11:30:18.073 19335 19335 D ViewRootImplExtImpl: the up motion event handled by client, just return
06-17 11:30:19.440 19335 19335 E IJankManager: slideSceneEnd unknown scene 1000 mScene:-1
06-17 11:30:19.697 19335 19335 I VelocityTracker: LSQ2 speed rezero
06-17 11:30:19.697 19335 19335 I VelocityTracker: LSQ2 speed rezero
06-17 11:30:19.698 19335 19335 I VelocityTracker: LSQ2 speed rezero
06-17 11:30:19.698 19335 19335 I VelocityTracker: LSQ2 speed rezero
06-17 11:30:19.698 19335 19335 I VelocityTracker: LSQ2 speed rezero
06-17 11:30:19.698 19335 19335 I VelocityTracker: LSQ2 speed rezero
06-17 11:30:19.698 19335 19335 I VelocityTracker: LSQ2 speed rezero
06-17 11:30:19.698 19335 19335 I VelocityTracker: LSQ2 speed rezero
06-17 11:30:19.698 19335 19335 I VelocityTracker: LSQ2 speed rezero
06-17 11:30:19.698 19335 19335 I VelocityTracker: LSQ2 speed rezero
06-17 11:30:19.698 19335 19335 I VelocityTracker: LSQ2 speed rezero
06-17 11:30:19.698 19335 19335 I VelocityTracker: LSQ2 speed rezero
06-17 11:30:19.698 19335 19335 D OplusViewDragTouchViewHelper: dispatchTouchView action = 1
06-17 11:30:19.698 19335 19335 I VelocityTracker: LSQ2 speed rezero
06-17 11:30:19.698 19335 19335 I VelocityTracker: LSQ2 speed rezero
06-17 11:30:19.698 19335 19335 D ViewRootImplExtImpl: the up motion event handled by client, just return
06-17 11:30:20.028 19335 19335 E IJankManager: slideSceneEnd unknown scene 1000 mScene:-1
06-17 11:30:20.276 19335 19335 D OplusViewDragTouchViewHelper: dispatchTouchView action = 1
06-17 11:30:20.276 19335 19335 D ViewRootImplExtImpl: the up motion event handled by client, just return
06-17 11:30:25.017 19335 20129 I Quality : BitmapCompressInfo:1350,1920,1,100,615788541
06-17 11:30:25.061 19335 20888 D native  : I0617 11:30:25.061166   20888 mergeddicttrans.cc:1860] The current system has NMT.
06-17 11:30:25.061 19335 20888 D native  : I0617 11:30:25.061314   20888 mergeddicttrans.cc:1866] Sentence #0: 迅速の果て...速度をも超越した速さ...!?
06-17 11:30:25.061 19335 20888 D native  : I0617 11:30:25.061393   20888 mergeddicttrans.cc:1918] To be translated by NMT.
06-17 11:30:25.103 19335 20888 I native  : I0617 11:30:25.103786   20888 mergeddicttrans.cc:1827] Sentence #0: 迅速の果て...速度をも超越した速さ...!?
06-17 11:30:25.104 19335 20888 I native  : I0617 11:30:25.104051   20888 mergeddicttrans.cc:1828] 
06-17 11:30:25.104 19335 20888 I native  : Source language: ja, target language: en
06-17 11:30:25.104 19335 20888 I native  : 
06-17 11:30:25.104 19335 20888 I native  : Has period trick: 0
06-17 11:30:25.104 19335 20888 I native  : 
06-17 11:30:25.104 19335 20888 I native  : Full translation: Rapid end ... Speed also speeded up ...!?
06-17 11:30:25.104 19335 20888 I native  : Translate Instance: 
06-17 11:30:25.104 19335 20888 I native  : Query (raw): 迅速の果て...速度をも超越した速さ...!?
06-17 11:30:25.104 19335 20888 I native  : Query (after preprocess): 迅速 の 果 て ... 速度 を も 超越 し た 速 さ ... ! ?
06-17 11:30:25.104 19335 20888 I native  : Query ids (after tokenizer): 3 2061 590 4 3 825 12 1198 3 590 160 7 54 1163 1944 11 15 3 590 17 1198 723 882 2
06-17 11:30:25.104 19335 20888 I native  : Translation ids: 57 229 138 341 983 863 1528 176 901 14 305 983 430 417 2
06-17 11:30:25.104 19335 20888 I native  : Translation (after detokenizer): Rapid end ... Speed also speeded up ... ! ?
06-17 11:30:25.104 19335 20888 I native  : Alignment probability:
06-17 11:30:25.104 19335 20888 I native  : 	Rapid	end	...	Speed	also	speeded	up	...	!	?
06-17 11:30:25.104 19335 20888 I native  : 迅速	0.60915	0.0470588	0.0117647	0.00588235	0.00392157	0.00196078	0.00392157	0.0117647	0.00392157	0.00392157
06-17 11:30:25.104 19335 20888 I native  : の	0.0104575	0.0352941	0.00784314	0	0	0	0	0	0	0
06-17 11:30:25.104 19335 20888 I native  : 果	0.115033	0.670588	0.0470588	0.00196078	0.00784314	0.00392157	0.00784314	0.00392157	0.00392157	0
06-17 11:30:25.104 19335 20888 I native  : て	0.0366013	0.0196078	0.054902	0	0	0	0	0	0	0
06-17 11:30:25.104 19335 20888 I native  : ...	0.0392157	0.121569	0.682353	0.00196078	0.00784314	0.00392157	0.00392157	0.00784314	0	0
06-17 11:30:25.104 19335 20888 I native  : 速度	0.0130719	0.00784314	0.00784314	0.278431	0.0666667	0.0529412	0.0509804	0.0705882	0.00784314	0
06-17 11:30:25.104 19335 20888 I native  : を	0	0	0.00392157	0.0117647	0.0666667	0.0529412	0.00784314	0.00392157	0	0
06-17 11:30:25.104 19335 20888 I native  : も	0.00653595	0.00392157	0.0196078	0.0333333	0.156863	0.0647059	0.027451	0.0431373	0.00392157	0.00392157
06-17 11:30:25.104 19335 20888 I native  : 超越	0.027451	0.0156863	0.027451	0.254902	0.341176	0.280392	0.184314	0.0862745	0.027451	0.00784314
06-17 11:30:25.104 19335 20888 I native  : し	0.00392157	0	0.00784314	0.0156863	0.0352941	0.0627451	0.0352941	0.00784314	0.00392157	0
06-17 11:30:25.104 19335 20888 I native  : た	0.00784314	0.00392157	0.0235294	0.0568627	0.101961	0.1	0.027451	0.0235294	0.0117647	0
06-17 11:30:25.104 19335 20888 I native  : 速	0.027451	0.0509804	0.0352941	0.239216	0.160784	0.229412	0.356863	0.247059	0.0588235	0.0156863
06-17 11:30:25.104 19335 20888 I native  : さ	0.00392157	0.00392157	0.00392157	0.0156863	0.00784314	0.0470588	0.0509804	0.00784314	0	0
06-17 11:30:25.104 19335 20888 I native  : ...	0	0.00392157	0.0117647	0.00392157	0.0117647	0.0431373	0.0627451	0.364706	0.0352941	0.027451
06-17 11:30:25.104 19335 20888 I native  : !	0	0	0	0.0137255	0	0	0.00392157	0.0196078	0.545098	0.215686
06-17 11:30:25.104 19335 20888 I native  : ?	0.00130719	0	0	0.0196078	0	0.00196078	0.00392157	0.00392157	0.152941	0.32549
06-17 11:30:25.104 19335 20888 I native  : Translation (before postprocess): Rapid end ... Speed also speeded up ... ! ?
06-17 11:30:25.106 19335 20892 D native  : I0617 11:30:25.106374   20892 mergeddicttrans.cc:1860] The current system has NMT.
06-17 11:30:25.106 19335 20892 D native  : I0617 11:30:25.106436   20892 mergeddicttrans.cc:1866] Sentence #0: まさかカルビナーマイアンは...!!!
06-17 11:30:25.106 19335 20892 D native  : I0617 11:30:25.106480   20892 mergeddicttrans.cc:1918] To be translated by NMT.
06-17 11:30:25.143 19335 20892 I native  : I0617 11:30:25.143343   20892 mergeddicttrans.cc:1827] Sentence #0: まさかカルビナーマイアンは...!!!
06-17 11:30:25.143 19335 20892 I native  : I0617 11:30:25.143530   20892 mergeddicttrans.cc:1828] 
06-17 11:30:25.143 19335 20892 I native  : Source language: ja, target language: en
06-17 11:30:25.143 19335 20892 I native  : 
06-17 11:30:25.143 19335 20892 I native  : Has period trick: 0
06-17 11:30:25.143 19335 20892 I native  : 
06-17 11:30:25.143 19335 20892 I native  : Full translation: Masaka Calviner Mian ... !!!
06-17 11:30:25.143 19335 20892 I native  : Translate Instance: 
06-17 11:30:25.143 19335 20892 I native  : Query (raw): まさかカルビナーマイアンは...!!!
06-17 11:30:25.143 19335 20892 I native  : Query (after preprocess): まさか カルビナー マイアン は ... !!!
06-17 11:30:25.143 19335 20892 I native  : Query ids (after tokenizer): 436 316 375 129 23 390 960 1069 59 19 9 1198 723 2312 2312 2
06-17 11:30:25.143 19335 20892 I native  : Translation ids: 33 290 3207 28 39 205 58 22 33 619 983 430 3409 3409 2
06-17 11:30:25.143 19335 20892 I native  : Translation (after detokenizer): Masaka Calviner Mian ... !!!
06-17 11:30:25.143 19335 20892 I native  : Alignment probability:
06-17 11:30:25.143 19335 20892 I native  : 	Masaka	Calviner	Mian	...	!!!
06-17 11:30:25.143 19335 20892 I native  : まさか	0.715033	0.027451	0.00196078	0.00784314	0.00261438
06-17 11:30:25.143 19335 20892 I native  : カルビナー	0.122876	0.855686	0	0	0.00130719
06-17 11:30:25.143 19335 20892 I native  : マイアン	0.0352941	0.0298039	0.952941	0.423529	0.00130719
06-17 11:30:25.143 19335 20892 I native  : は	0.020915	0.00941177	0.0196078	0.14902	0.0117647
06-17 11:30:25.143 19335 20892 I native  : ...	0.00653595	0.00470588	0.0196078	0.227451	0.0156863
06-17 11:30:25.143 19335 20892 I native  : !!!	0.00261438	0.000784314	0	0.0352941	0.884967
06-17 11:30:25.143 19335 20892 I native  : Translation (before postprocess): Masaka Calviner Mian ... !!!
06-17 11:30:25.148 19335 20893 D native  : I0617 11:30:25.148345   20893 mergeddicttrans.cc:1860] The current system has NMT.
06-17 11:30:25.148 19335 20893 D native  : I0617 11:30:25.148467   20893 mergeddicttrans.cc:1866] Sentence #0: 高度な「超速」を繰り返し知ら返りに対象の周りにスインガンガンの斬撃を散らすことで...
06-17 11:30:25.148 19335 20893 D native  : I0617 11:30:25.148585   20893 mergeddicttrans.cc:1918] To be translated by NMT.
06-17 11:30:25.225 19335 20893 I native  : I0617 11:30:25.225457   20893 mergeddicttrans.cc:1827] Sentence #0: 高度な「超速」を繰り返し知ら返りに対象の周りにスインガンガンの斬撃を散らすことで...
06-17 11:30:25.225 19335 20893 I native  : I0617 11:30:25.225754   20893 mergeddicttrans.cc:1828] 
06-17 11:30:25.225 19335 20893 I native  : Source language: ja, target language: en
06-17 11:30:25.225 19335 20893 I native  : 
06-17 11:30:25.225 19335 20893 I native  : Has period trick: 0
06-17 11:30:25.225 19335 20893 I native  : 
06-17 11:30:25.225 19335 20893 I native  : Full translation: By repeating advanced "ultra-speed" repeatedly to return to the scatter of the swingangan around the target ...
06-17 11:30:25.225 19335 20893 I native  : Translate Instance: 
06-17 11:30:25.225 19335 20893 I native  : Query (raw): 高度な「超速」を繰り返し知ら返りに対象の周りにスインガンガンの斬撃を散らすことで...
06-17 11:30:25.225 19335 20893 I native  : Query (after preprocess): 高度 な 「 超速 」 を 繰り返し 知ら 返り に 対象 の 周り に スインガンガン の 斬撃 を 散らす こと で ...
06-17 11:30:25.225 19335 20893 I native  : Query ids (after tokenizer): 324 160 26 171 1163 590 173 7 3 1566 115 1089 51 1086 226 3 1089 115 8 548 832 4 558 115 8 76 164 754 19 754 19 4 3 3391 1628 7 3 1049 1784 47 16 1198 2
06-17 11:30:25.225 19335 20893 I native  : Translation ids: 1044 650 451 13 1305 1354 14 34 2159 289 45 15 901 34 650 2367 55 7 973 7 3 466 2716 6 3 2032 13 783 146 1621 3 726 983 2
06-17 11:30:25.225 19335 20893 I native  : Translation (after detokenizer): By repeating advanced " ultra - speed " repeatedly to return to the scatter of the swingangan around the target ...
06-17 11:30:25.225 19335 20893 I native  : Alignment probability:
06-17 11:30:25.225 19335 20893 I native  : 	By	repeating	advanced	"	ultra	-	speed	"	repeatedly	to	return	to	the	scatter	of	the	swingangan	around	the	target	...
06-17 11:30:25.225 19335 20893 I native  : 高度	0.101961	0.154248	0.55817	0.0392157	0.00784314	0	0	0	0.00522876	0.00392157	0.00392157	0.027451	0.0156863	0.00392157	0	0.00392157	0.000980392	0	0.00784314	0.0156863	0
06-17 11:30:25.225 19335 20893 I native  : な	0.00392157	0.00915033	0.0509804	0.0313726	0.00522876	0.00392157	0	0	0	0	0	0	0	0	0	0	0	0	0	0	0.00392157
06-17 11:30:25.225 19335 20893 I native  : 「	0.00784314	0.0222222	0.0535948	0.721569	0.00784314	0.00392157	0.00392157	0.00392157	0.00261438	0.00392157	0	0.00392157	0	0	0	0	0	0	0.00392157	0.00392157	0.0196078
06-17 11:30:25.225 19335 20893 I native  : 超速	0.00392157	0.0169935	0.0300654	0.121569	0.840523	0.772549	0.882353	0.0470588	0	0	0	0	0	0	0	0	0	0	0.00392157	0.00392157	0
06-17 11:30:25.225 19335 20893 I native  : 」	0	0.00522876	0.00392157	0.00784314	0.0117647	0.0156863	0.0235294	0.686275	0.00130719	0	0	0	0	0	0	0	0	0	0	0	0
06-17 11:30:25.225 19335 20893 I native  : を	0.00392157	0.0117647	0.0104575	0.00392157	0.00130719	0.00392157	0	0.027451	0.0261438	0.00784314	0	0	0	0	0	0	0	0	0.00392157	0	0.00392157
06-17 11:30:25.225 19335 20893 I native  : 繰り返し	0.176471	0.43268	0.0535948	0.00392157	0.00392157	0	0	0.0705882	0.368628	0.0235294	0.00784314	0.00784314	0.00392157	0	0	0	0	0	0.0352941	0.00392157	0.0196078
06-17 11:30:25.225 19335 20893 I native  : 知ら	0.0313726	0.048366	0.0352941	0.0196078	0.00130719	0	0.00392157	0.027451	0.224837	0.301961	0.192157	0.027451	0.027451	0.00784314	0	0	0	0	0.0235294	0.0117647	0.0235294
06-17 11:30:25.225 19335 20893 I native  : 返り	0.00784314	0.0261438	0.0117647	0.00392157	0	0	0	0.0117647	0.0797386	0.160784	0.329412	0.0470588	0.054902	0.00588235	0	0	0	0	0.0117647	0.00784314	0.027451
06-17 11:30:25.225 19335 20893 I native  : に	0.0235294	0.00915033	0.00915033	0.00392157	0.00130719	0	0	0.0235294	0.048366	0.117647	0.0313726	0.0509804	0.0352941	0.00196078	0.00392157	0	0	0.00392157	0.0352941	0.00392157	0.0823529
06-17 11:30:25.225 19335 20893 I native  : 対象	0.00784314	0.0143791	0.0143791	0.00392157	0.00261438	0	0	0.0117647	0.0183007	0.0235294	0.0705882	0.0313726	0.223529	0.198039	0.0431373	0.0313726	0.0137255	0.00392157	0.301961	0.729412	0.0352941
06-17 11:30:25.225 19335 20893 I native  : の	0	0	0.00130719	0	0	0	0	0	0	0.00392157	0.00392157	0.00784314	0.0235294	0.0176471	0.0117647	0	0	0	0.0235294	0.0196078	0.0117647
06-17 11:30:25.225 19335 20893 I native  : 周り	0.0117647	0.00915033	0.0104575	0.00392157	0	0	0	0.00784314	0.027451	0.054902	0.0313726	0.0941176	0.0980392	0.0254902	0.207843	0.0117647	0.027451	0.282353	0.109804	0.027451	0.0588235
06-17 11:30:25.225 19335 20893 I native  : に	0	0	0	0	0	0	0	0	0.00261438	0.00392157	0	0.0117647	0.00392157	0	0.0156863	0	0.00392157	0.101961	0.0196078	0	0.0117647
06-17 11:30:25.225 19335 20893 I native  : スインガンガン	0.0235294	0.0222222	0.0169935	0.0117647	0.00130719	0	0	0.0117647	0.0313726	0.0235294	0.0196078	0.423529	0.266667	0.127451	0.133333	0.745098	0.789216	0.215686	0.0745098	0.0431373	0.00784314
06-17 11:30:25.225 19335 20893 I native  : の	0	0	0	0	0	0	0	0.00392157	0.00261438	0.00392157	0	0.00784314	0	0.00392157	0.156863	0.0117647	0.0196078	0.0352941	0.00392157	0.00392157	0.00392157
06-17 11:30:25.225 19335 20893 I native  : 斬撃	0.0117647	0.0326797	0.0169935	0.00392157	0.00522876	0	0	0.0156863	0.0457516	0.027451	0.101961	0.188235	0.172549	0.394118	0.129412	0.168627	0.107843	0.109804	0.0196078	0.0431373	0.00784314
06-17 11:30:25.225 19335 20893 I native  : を	0	0	0	0	0	0	0	0	0.00130719	0	0	0.00784314	0	0.00196078	0.0666667	0	0.00686275	0.0196078	0.00392157	0	0.0196078
06-17 11:30:25.225 19335 20893 I native  : 散らす	0.0745098	0.156863	0.00522876	0	0	0	0	0.00784314	0.0627451	0.180392	0.168627	0.0509804	0.054902	0.152941	0.054902	0.00392157	0.00196078	0.0235294	0.00392157	0	0.0352941
06-17 11:30:25.225 19335 20893 I native  : こと	0.12549	0.0130719	0	0	0	0	0	0	0.00522876	0.00784314	0	0	0	0	0	0	0	0	0	0	0
06-17 11:30:25.225 19335 20893 I native  : で	0.286275	0.00392157	0	0	0	0	0	0	0.0117647	0.0235294	0	0.00784314	0.00392157	0	0.0235294	0	0	0.00784314	0.00392157	0	0.00392157
06-17 11:30:25.225 19335 20893 I native  : ...	0.0666667	0.00261438	0.00261438	0	0	0	0	0.0117647	0.00784314	0.0156863	0.00392157	0.0196078	0.00392157	0.00392157	0.054902	0.00784314	0.00882353	0.12549	0.196078	0.0117647	0.564706
06-17 11:30:25.225 19335 20893 I native  : Translation (before postprocess): By repeating advanced " ultra - speed " repeatedly to return to the scatter of the swingangan around the target ...
06-17 11:30:25.233 19335 20894 D native  : I0617 11:30:25.233608   20894 mergeddicttrans.cc:1860] The current system has NMT.
06-17 11:30:25.233 19335 20894 D native  : I0617 11:30:25.233883   20894 mergeddicttrans.cc:1866] Sentence #0: 数十5の己の己の分身を作りに泊り出すことは同意じゃぞ...!!!
06-17 11:30:25.233 19335 20894 D native  : I0617 11:30:25.233973   20894 mergeddicttrans.cc:1918] To be translated by NMT.
06-17 11:30:25.299 19335 20894 I native  : I0617 11:30:25.299529   20894 mergeddicttrans.cc:1827] Sentence #0: 数十5の己の己の分身を作りに泊り出すことは同意じゃぞ...!!!
06-17 11:30:25.299 19335 20894 I native  : I0617 11:30:25.299729   20894 mergeddicttrans.cc:1828] 
06-17 11:30:25.299 19335 20894 I native  : Source language: ja, target language: en
06-17 11:30:25.299 19335 20894 I native  : 
06-17 11:30:25.299 19335 20894 I native  : Has period trick: 0
06-17 11:30:25.299 19335 20894 I native  : 
06-17 11:30:25.299 19335 20894 I native  : Full translation: It is consent that you can get out to create a thousands of thousands of thousands ...!!!
06-17 11:30:25.299 19335 20894 I native  : Translate Instance: 
06-17 11:30:25.299 19335 20894 I native  : Query (raw): 数十5の己の己の分身を作りに泊り出すことは同意じゃぞ...!!!
06-17 11:30:25.299 19335 20894 I native  : Query (after preprocess): 数十 5 の 己 の 己 の 分身 を 作り に 泊り出す こと は 同意 じゃぞ ... !!!
06-17 11:30:25.299 19335 20894 I native  : Query ids (after tokenizer): 308 2755 122 4 3 1808 4 3 1808 4 139 1384 7 475 115 8 3 1623 115 1658 47 9 321 647 2133 1958 917 1198 723 2312 2312 2
06-17 11:30:25.299 19335 20894 I native  : Translation ids: 209 11 487 117 30 87 31 1352 346 7 1070 9 674 363 255 10 6 674 363 255 10 6 674 363 255 10 983 430 430 430 2
06-17 11:30:25.299 19335 20894 I native  : Translation (after detokenizer): It is consent that you can get out to create a thousands of thousands of thousands ... ! ! !
06-17 11:30:25.299 19335 20894 I native  : Alignment probability:
06-17 11:30:25.299 19335 20894 I native  : 	It	is	consent	that	you	can	get	out	to	create	a	thousands	of	thousands	of	thousands	...	!	!	!
06-17 11:30:25.299 19335 20894 I native  : 数十	0.0509804	0.0156863	0.00980392	0.00392157	0.0588235	0.0117647	0.00392157	0.0784314	0.129412	0.0196078	0.380392	0.138235	0.0823529	0.276471	0.12549	0.207843	0.0980392	0	0	0
06-17 11:30:25.299 19335 20894 I native  : 5	0	0.00392157	0	0	0	0	0	0.00392157	0.00392157	0.00392157	0.00392157	0.0294118	0.0352941	0.105882	0.219608	0.148039	0.0509804	0	0	0
06-17 11:30:25.299 19335 20894 I native  : の	0	0	0	0.00392157	0.00392157	0	0	0	0.00784314	0	0.0196078	0.00980392	0.152941	0.0245098	0.180392	0.022549	0.0980392	0	0	0
06-17 11:30:25.299 19335 20894 I native  : 己	0.00392157	0.00784314	0.00196078	0	0.0156863	0.00392157	0	0.0156863	0.0313726	0.00392157	0.0941176	0.214706	0.12549	0.228431	0.117647	0.173529	0.0509804	0	0	0
06-17 11:30:25.299 19335 20894 I native  : の	0	0	0	0	0	0.00392157	0	0	0.00392157	0	0.0156863	0.0362745	0.12549	0.0470588	0.0784314	0.0460784	0.0196078	0	0	0
06-17 11:30:25.299 19335 20894 I native  : 己	0.00392157	0	0	0	0.00784314	0.00784314	0.00392157	0.0156863	0.0196078	0.0117647	0.117647	0.184314	0.0823529	0.130392	0.0627451	0.0970588	0.0235294	0	0	0
06-17 11:30:25.299 19335 20894 I native  : の	0	0	0	0	0	0.00392157	0	0	0.00784314	0.00392157	0.027451	0.0392157	0.152941	0.00980392	0.0235294	0.00490196	0.00392157	0	0	0
06-17 11:30:25.299 19335 20894 I native  : 分身	0	0	0	0	0.0117647	0.0156863	0.0235294	0.0313726	0.0235294	0.0509804	0.129412	0.185294	0.129412	0.0343137	0.027451	0.0333333	0.00784314	0	0	0
06-17 11:30:25.299 19335 20894 I native  : を	0	0	0	0	0.00392157	0.0117647	0.0117647	0.0156863	0.0156863	0.00784314	0.0156863	0.00294118	0.00784314	0.00294118	0.00392157	0.00490196	0.00392157	0	0	0
06-17 11:30:25.299 19335 20894 I native  : 作り	0.0117647	0.0117647	0.00588235	0.00784314	0.133333	0.180392	0.188235	0.0470588	0.0509804	0.564706	0.00784314	0.00784314	0.0117647	0.00392157	0.00784314	0.00686275	0.0196078	0	0	0
06-17 11:30:25.299 19335 20894 I native  : に	0.0117647	0.00784314	0.00196078	0.054902	0.0352941	0.0156863	0.0196078	0.12549	0.333333	0.0117647	0.12549	0.00392157	0.0156863	0.00784314	0.027451	0.0362745	0.0980392	0	0	0
06-17 11:30:25.299 19335 20894 I native  : 泊り出す	0.247059	0.101961	0.0176471	0.176471	0.486275	0.368627	0.592157	0.537255	0.266667	0.286275	0.0431373	0.0156863	0.0196078	0.00490196	0.0117647	0.0137255	0.0313726	0.00392157	0	0
06-17 11:30:25.299 19335 20894 I native  : こと	0.172549	0.0666667	0.0333333	0.235294	0.0823529	0.0156863	0.00392157	0.00392157	0.00784314	0	0	0	0	0	0	0	0.00392157	0	0	0
06-17 11:30:25.299 19335 20894 I native  : は	0.0196078	0.192157	0.0137255	0.0666667	0.0196078	0.0196078	0.00392157	0.00392157	0.0156863	0	0	0	0.00392157	0.00196078	0.0117647	0.00980392	0.0784314	0.00392157	0	0
06-17 11:30:25.299 19335 20894 I native  : 同意	0.0901961	0.313726	0.727451	0.0862745	0.0705882	0.117647	0.0235294	0.00784314	0.0117647	0	0	0	0	0.000980392	0.00392157	0.00882353	0.0392157	0.027451	0.0117647	0.00392157
06-17 11:30:25.299 19335 20894 I native  : じゃぞ	0.337255	0.14902	0.137255	0.266667	0.0313726	0.054902	0.00784314	0	0	0	0	0	0	0	0	0.00686275	0.0588235	0.0745098	0.0509804	0.0196078
06-17 11:30:25.299 19335 20894 I native  : ...	0.00784314	0.0431373	0.0137255	0.0823529	0.0117647	0.0392157	0.0235294	0.00784314	0.0117647	0.00392157	0.00784314	0	0.00392157	0.00294118	0.0509804	0.0313726	0.227451	0.027451	0.0117647	0.00784314
06-17 11:30:25.299 19335 20894 I native  : !!!	0.00392157	0.00392157	0.00588235	0.00392157	0.00392157	0.00392157	0.00392157	0.00392157	0.00392157	0	0	0	0	0	0.00392157	0.00294118	0.0392157	0.788235	0.835294	0.784314
06-17 11:30:25.299 19335 20894 I native  : Translation (before postprocess): It is consent that you can get out to create a thousands of thousands of thousands ... ! ! !
06-17 11:30:25.301 19335 20898 D native  : I0617 11:30:25.301478   20898 mergeddicttrans.cc:1860] The current system has NMT.
06-17 11:30:25.301 19335 20898 D native  : I0617 11:30:25.301664   20898 mergeddicttrans.cc:1866] Sentence #0: 「超速」を自分のものに
06-17 11:30:25.301 19335 20898 D native  : I0617 11:30:25.301760   20898 mergeddicttrans.cc:1918] To be translated by NMT.
06-17 11:30:25.322 19335 20898 I native  : I0617 11:30:25.322714   20898 mergeddicttrans.cc:1827] Sentence #0: 「超速」を自分のものに
06-17 11:30:25.322 19335 20898 I native  : I0617 11:30:25.322960   20898 mergeddicttrans.cc:1828] 
06-17 11:30:25.322 19335 20898 I native  : Source language: ja, target language: en
06-17 11:30:25.322 19335 20898 I native  : 
06-17 11:30:25.322 19335 20898 I native  : Has period trick: 0
06-17 11:30:25.322 19335 20898 I native  : 
06-17 11:30:25.322 19335 20898 I native  : Full translation: "Super speed" to your own
06-17 11:30:25.322 19335 20898 I native  : Translate Instance: 
06-17 11:30:25.322 19335 20898 I native  : Query (raw): 「超速」を自分のものに
06-17 11:30:25.322 19335 20898 I native  : Query (after preprocess): 「 超速 」 を 自分 の もの に
06-17 11:30:25.322 19335 20898 I native  : Query ids (after tokenizer): 171 1163 590 173 7 1614 4 389 8 2
06-17 11:30:25.322 19335 20898 I native  : Translation ids: 34 2975 901 34 7 301 1534 2
06-17 11:30:25.322 19335 20898 I native  : Translation (after detokenizer): " Super speed " to your own
06-17 11:30:25.322 19335 20898 I native  : Alignment probability:
06-17 11:30:25.322 19335 20898 I native  : 	"	Super	speed	"	to	your	own
06-17 11:30:25.322 19335 20898 I native  : 「	0.309804	0.0196078	0	0.0117647	0.0117647	0.0117647	0
06-17 11:30:25.322 19335 20898 I native  : 超速	0.133333	0.921569	0.862745	0.137255	0	0.00392157	0
06-17 11:30:25.322 19335 20898 I native  : 」	0.0117647	0.0117647	0.0784314	0.603922	0.00392157	0	0
06-17 11:30:25.322 19335 20898 I native  : を	0.0313726	0	0	0.0588235	0.168627	0.00392157	0
06-17 11:30:25.322 19335 20898 I native  : 自分	0.0862745	0.00392157	0	0.0117647	0.109804	0.67451	0.333333
06-17 11:30:25.322 19335 20898 I native  : の	0.00392157	0	0	0	0.00392157	0.054902	0.270588
06-17 11:30:25.322 19335 20898 I native  : もの	0.0392157	0.00392157	0	0.00784314	0.0705882	0.152941	0.219608
06-17 11:30:25.322 19335 20898 I native  : に	0.309804	0.0156863	0	0.109804	0.592157	0.0235294	0.00392157
06-17 11:30:25.322 19335 20898 I native  : Translation (before postprocess): " Super speed " to your own
06-17 11:30:25.324 19335 20899 D native  : I0617 11:30:25.324788   20899 mergeddicttrans.cc:1860] The current system has NMT.
06-17 11:30:25.324 19335 20899 D native  : I0617 11:30:25.324888   20899 mergeddicttrans.cc:1866] Sentence #0: 敵をその中に閉じ込める気が...!?
06-17 11:30:25.324 19335 20899 D native  : I0617 11:30:25.324981   20899 mergeddicttrans.cc:1918] To be translated by NMT.
06-17 11:30:25.360 19335 20899 I native  : I0617 11:30:25.360209   20899 mergeddicttrans.cc:1827] Sentence #0: 敵をその中に閉じ込める気が...!?
06-17 11:30:25.360 19335 20899 I native  : I0617 11:30:25.360306   20899 mergeddicttrans.cc:1828] 
06-17 11:30:25.360 19335 20899 I native  : Source language: ja, target language: en
06-17 11:30:25.360 19335 20899 I native  : 
06-17 11:30:25.360 19335 20899 I native  : Has period trick: 0
06-17 11:30:25.360 19335 20899 I native  : 
06-17 11:30:25.360 19335 20899 I native  : Full translation: I feel like I'm going to close my enemies ...!?
06-17 11:30:25.360 19335 20899 I native  : Translate Instance: 
06-17 11:30:25.360 19335 20899 I native  : Query (raw): 敵をその中に閉じ込める気が...!?
06-17 11:30:25.360 19335 20899 I native  : Query (after preprocess): 敵 を その 中 に 閉じ込める 気 が ... ! ?
06-17 11:30:25.360 19335 20899 I native  : Query ids (after tokenizer): 3 2117 7 138 134 8 3 1351 529 1174 1063 1120 10 1198 723 882 2
06-17 11:30:25.360 19335 20899 I native  : Translation ids: 63 2811 366 63 2564 3182 7 1620 1213 386 219 141 983 430 417 2
06-17 11:30:25.360 19335 20899 I native  : Translation (after detokenizer): I feel like I 'm going to close my enemies ... ! ?
06-17 11:30:25.360 19335 20899 I native  : Alignment probability:
06-17 11:30:25.360 19335 20899 I native  : 	I	feel	like	I	'm	going	to	close	my	enemies	...	!	?
06-17 11:30:25.360 19335 20899 I native  : 敵	0.0784314	0.00392157	0.137255	0.0588235	0.0627451	0.0980392	0.027451	0.0196078	0.396078	0.747712	0.00784314	0	0
06-17 11:30:25.360 19335 20899 I native  : を	0.00392157	0	0.00392157	0.0196078	0.00784314	0.0156863	0.0313726	0.00784314	0.0470588	0.0117647	0.0313726	0	0
06-17 11:30:25.360 19335 20899 I native  : その	0.00392157	0	0.00392157	0.00392157	0.00784314	0.0235294	0.0156863	0.00784314	0.0313726	0.0130719	0.0627451	0.00392157	0
06-17 11:30:25.360 19335 20899 I native  : 中	0.0156863	0.00392157	0.0235294	0.0235294	0.0196078	0.0509804	0.0705882	0.027451	0.133333	0.0379085	0.337255	0.0117647	0
06-17 11:30:25.360 19335 20899 I native  : に	0.00784314	0	0.00392157	0.0117647	0.00392157	0.00784314	0.0235294	0.00784314	0.105882	0.0117647	0.180392	0	0
06-17 11:30:25.360 19335 20899 I native  : 閉じ込める	0.0745098	0.0980392	0.203922	0.745098	0.517647	0.439216	0.654902	0.858824	0.168627	0.0261438	0.054902	0.00392157	0
06-17 11:30:25.360 19335 20899 I native  : 気	0.341176	0.686275	0.364706	0.0862745	0.0980392	0.145098	0.00392157	0	0	0	0	0	0
06-17 11:30:25.360 19335 20899 I native  : が	0.145098	0.101961	0.054902	0.0117647	0.0196078	0.0235294	0.00392157	0	0	0	0.00392157	0	0
06-17 11:30:25.360 19335 20899 I native  : ...	0.0784314	0.0196078	0.0352941	0.0117647	0.027451	0.0392157	0.0235294	0.00784314	0.0470588	0.020915	0.27451	0.0431373	0.00784314
06-17 11:30:25.360 19335 20899 I native  : !	0.0235294	0.00392157	0.00392157	0.00392157	0.00392157	0.00784314	0.00784314	0.00392157	0.00392157	0.00261438	0.0156863	0.552941	0.137255
06-17 11:30:25.360 19335 20899 I native  : ?	0.0627451	0	0.00392157	0.00392157	0	0	0.00392157	0	0	0	0.00392157	0.192157	0.6
06-17 11:30:25.360 19335 20899 I native  : Translation (before postprocess): I feel like I 'm going to close my enemies ... ! ?
06-17 11:30:25.362 19335 20660 D native  : I0617 11:30:25.362032   20660 mergeddicttrans.cc:1860] The current system has NMT.
06-17 11:30:25.362 19335 20660 D native  : I0617 11:30:25.362182   20660 mergeddicttrans.cc:1866] Sentence #0: つまるとこころそれば...
06-17 11:30:25.362 19335 20660 D native  : I0617 11:30:25.362265   20660 mergeddicttrans.cc:1918] To be translated by NMT.
06-17 11:30:25.381 19335 20660 I native  : I0617 11:30:25.381359   20660 mergeddicttrans.cc:1827] Sentence #0: つまるとこころそれば...
06-17 11:30:25.381 19335 20660 I native  : I0617 11:30:25.381616   20660 mergeddicttrans.cc:1828] 
06-17 11:30:25.381 19335 20660 I native  : Source language: ja, target language: en
06-17 11:30:25.381 19335 20660 I native  : 
06-17 11:30:25.381 19335 20660 I native  : Has period trick: 0
06-17 11:30:25.381 19335 20660 I native  : 
06-17 11:30:25.381 19335 20660 I native  : Full translation: After that, what is the heart ...
06-17 11:30:25.381 19335 20660 I native  : Translate Instance: 
06-17 11:30:25.381 19335 20660 I native  : Query (raw): つまるとこころそれば...
06-17 11:30:25.381 19335 20660 I native  : Query (after preprocess): つまる と こころ それ ば ...
06-17 11:30:25.381 19335 20660 I native  : Query ids (after tokenizer): 191 1836 14 940 733 286 563 1198 2
06-17 11:30:25.381 19335 20660 I native  : Translation ids: 857 30 5 1930 11 3 2456 983 2
06-17 11:30:25.381 19335 20660 I native  : Translation (after detokenizer): After that , what is the heart ...
06-17 11:30:25.381 19335 20660 I native  : Alignment probability:
06-17 11:30:25.381 19335 20660 I native  : 	After	that	,	what	is	the	heart	...
06-17 11:30:25.381 19335 20660 I native  : つまる	0.494118	0.764706	0.129412	0.0196078	0.0156863	0.0156863	0.00392157	0.00392157
06-17 11:30:25.381 19335 20660 I native  : と	0.196078	0.0901961	0.34902	0.0588235	0.0235294	0.00784314	0.00392157	0.0313726
06-17 11:30:25.381 19335 20660 I native  : こころ	0.105882	0.0196078	0.184314	0.392157	0.282353	0.419608	0.529412	0.117647
06-17 11:30:25.381 19335 20660 I native  : それ	0.129412	0.0313726	0.227451	0.47451	0.470588	0.388235	0.270588	0.305882
06-17 11:30:25.381 19335 20660 I native  : ば	0.0196078	0.0196078	0.00784314	0.0470588	0.0588235	0.0901961	0.0941176	0.0352941
06-17 11:30:25.381 19335 20660 I native  : ...	0.0352941	0.00784314	0.0431373	0.00784314	0.0470588	0.0235294	0.0117647	0.376471
06-17 11:30:25.381 19335 20660 I native  : Translation (before postprocess): After that , what is the heart ...
06-17 11:30:25.383 19335 20699 D native  : I0617 11:30:25.383056   20699 mergeddicttrans.cc:1860] The current system has NMT.
06-17 11:30:25.383 19335 20699 D native  : I0617 11:30:25.383177   20699 mergeddicttrans.cc:1866] Sentence #0: したというのか!!!
06-17 11:30:25.383 19335 20699 D native  : I0617 11:30:25.383257   20699 mergeddicttrans.cc:1918] To be translated by NMT.
06-17 11:30:25.404 19335 20699 I native  : I0617 11:30:25.404806   20699 mergeddicttrans.cc:1827] Sentence #0: したというのか!!!
06-17 11:30:25.405 19335 20699 I native  : I0617 11:30:25.405041   20699 mergeddicttrans.cc:1828] 
06-17 11:30:25.405 19335 20699 I native  : Source language: ja, target language: en
06-17 11:30:25.405 19335 20699 I native  : 
06-17 11:30:25.405 19335 20699 I native  : Has period trick: 0
06-17 11:30:25.405 19335 20699 I native  : 
06-17 11:30:25.405 19335 20699 I native  : Full translation: Was it?!!
06-17 11:30:25.405 19335 20699 I native  : Translate Instance: 
06-17 11:30:25.405 19335 20699 I native  : Query (raw): したというのか!!!
06-17 11:30:25.405 19335 20699 I native  : Query (after preprocess): し た と いう の か !!!
06-17 11:30:25.405 19335 20699 I native  : Query ids (after tokenizer): 11 15 14 957 4 103 723 2312 2312 2
06-17 11:30:25.405 19335 20699 I native  : Translation ids: 133 290 70 417 430 430 2
06-17 11:30:25.405 19335 20699 I native  : Translation (after detokenizer): Was it ? ! !
06-17 11:30:25.405 19335 20699 I native  : Alignment probability:
06-17 11:30:25.405 19335 20699 I native  : 	Was	it	?	!	!
06-17 11:30:25.405 19335 20699 I native  : し	0.0431373	0.188235	0.156863	0.0156863	0.00784314
06-17 11:30:25.405 19335 20699 I native  : た	0.205882	0.152941	0.101961	0.0235294	0.00784314
06-17 11:30:25.405 19335 20699 I native  : と	0.0745098	0.0980392	0.0431373	0.0117647	0.00392157
06-17 11:30:25.405 19335 20699 I native  : いう	0.0941176	0.121569	0.101961	0.0117647	0
06-17 11:30:25.405 19335 20699 I native  : の	0.0764706	0.0431373	0.0235294	0.0117647	0.00392157
06-17 11:30:25.405 19335 20699 I native  : か	0.272549	0.0980392	0.0352941	0.0823529	0.0196078
06-17 11:30:25.405 19335 20699 I native  : !!!	0.0490196	0.0745098	0.168627	0.619608	0.807843
06-17 11:30:25.405 19335 20699 I native  : Translation (before postprocess): Was it ? ! !
06-17 11:30:26.446 19335 20129 I Quality : BitmapCompressInfo:1350,1920,2,90,564136667
06-17 11:30:42.801 19335 20129 I Quality : BitmapCompressInfo:1350,1920,1,100,624383177
06-17 11:30:42.841 19335 20888 D native  : I0617 11:30:42.841097   20888 mergeddicttrans.cc:1860] The current system has NMT.
06-17 11:30:42.841 19335 20888 D native  : I0617 11:30:42.841377   20888 mergeddicttrans.cc:1866] Sentence #0: 迅速の果て...速度をも超越した速さ...!?
06-17 11:30:42.841 19335 20888 D native  : I0617 11:30:42.841438   20888 mergeddicttrans.cc:1918] To be translated by NMT.
06-17 11:30:42.883 19335 20888 I native  : I0617 11:30:42.883450   20888 mergeddicttrans.cc:1827] Sentence #0: 迅速の果て...速度をも超越した速さ...!?
06-17 11:30:42.883 19335 20888 I native  : I0617 11:30:42.883723   20888 mergeddicttrans.cc:1828] 
06-17 11:30:42.883 19335 20888 I native  : Source language: ja, target language: en
06-17 11:30:42.883 19335 20888 I native  : 
06-17 11:30:42.883 19335 20888 I native  : Has period trick: 0
06-17 11:30:42.883 19335 20888 I native  : 
06-17 11:30:42.883 19335 20888 I native  : Full translation: Rapid end ... Speed also speeded up ...!?
06-17 11:30:42.883 19335 20888 I native  : Translate Instance: 
06-17 11:30:42.883 19335 20888 I native  : Query (raw): 迅速の果て...速度をも超越した速さ...!?
06-17 11:30:42.883 19335 20888 I native  : Query (after preprocess): 迅速 の 果 て ... 速度 を も 超越 し た 速 さ ... ! ?
06-17 11:30:42.883 19335 20888 I native  : Query ids (after tokenizer): 3 2061 590 4 3 825 12 1198 3 590 160 7 54 1163 1944 11 15 3 590 17 1198 723 882 2
06-17 11:30:42.883 19335 20888 I native  : Translation ids: 57 229 138 341 983 863 1528 176 901 14 305 983 430 417 2
06-17 11:30:42.883 19335 20888 I native  : Translation (after detokenizer): Rapid end ... Speed also speeded up ... ! ?
06-17 11:30:42.883 19335 20888 I native  : Alignment probability:
06-17 11:30:42.883 19335 20888 I native  : 	Rapid	end	...	Speed	also	speeded	up	...	!	?
06-17 11:30:42.883 19335 20888 I native  : 迅速	0.60915	0.0470588	0.0117647	0.00588235	0.00392157	0.00196078	0.00392157	0.0117647	0.00392157	0.00392157
06-17 11:30:42.883 19335 20888 I native  : の	0.0104575	0.0352941	0.00784314	0	0	0	0	0	0	0
06-17 11:30:42.883 19335 20888 I native  : 果	0.115033	0.670588	0.0470588	0.00196078	0.00784314	0.00392157	0.00784314	0.00392157	0.00392157	0
06-17 11:30:42.883 19335 20888 I native  : て	0.0366013	0.0196078	0.054902	0	0	0	0	0	0	0
06-17 11:30:42.883 19335 20888 I native  : ...	0.0392157	0.121569	0.682353	0.00196078	0.00784314	0.00392157	0.00392157	0.00784314	0	0
06-17 11:30:42.883 19335 20888 I native  : 速度	0.0130719	0.00784314	0.00784314	0.278431	0.0666667	0.0529412	0.0509804	0.0705882	0.00784314	0
06-17 11:30:42.883 19335 20888 I native  : を	0	0	0.00392157	0.0117647	0.0666667	0.0529412	0.00784314	0.00392157	0	0
06-17 11:30:42.883 19335 20888 I native  : も	0.00653595	0.00392157	0.0196078	0.0333333	0.156863	0.0647059	0.027451	0.0431373	0.00392157	0.00392157
06-17 11:30:42.883 19335 20888 I native  : 超越	0.027451	0.0156863	0.027451	0.254902	0.341176	0.280392	0.184314	0.0862745	0.027451	0.00784314
06-17 11:30:42.883 19335 20888 I native  : し	0.00392157	0	0.00784314	0.0156863	0.0352941	0.0627451	0.0352941	0.00784314	0.00392157	0
06-17 11:30:42.883 19335 20888 I native  : た	0.00784314	0.00392157	0.0235294	0.0568627	0.101961	0.1	0.027451	0.0235294	0.0117647	0
06-17 11:30:42.883 19335 20888 I native  : 速	0.027451	0.0509804	0.0352941	0.239216	0.160784	0.229412	0.356863	0.247059	0.0588235	0.0156863
06-17 11:30:42.883 19335 20888 I native  : さ	0.00392157	0.00392157	0.00392157	0.0156863	0.00784314	0.0470588	0.0509804	0.00784314	0	0
06-17 11:30:42.883 19335 20888 I native  : ...	0	0.00392157	0.0117647	0.00392157	0.0117647	0.0431373	0.0627451	0.364706	0.0352941	0.027451
06-17 11:30:42.883 19335 20888 I native  : !	0	0	0	0.0137255	0	0	0.00392157	0.0196078	0.545098	0.215686
06-17 11:30:42.883 19335 20888 I native  : ?	0.00130719	0	0	0.0196078	0	0.00196078	0.00392157	0.00392157	0.152941	0.32549
06-17 11:30:42.883 19335 20888 I native  : Translation (before postprocess): Rapid end ... Speed also speeded up ... ! ?
06-17 11:30:42.888 19335 20892 D native  : I0617 11:30:42.888817   20892 mergeddicttrans.cc:1860] The current system has NMT.
06-17 11:30:42.888 19335 20892 D native  : I0617 11:30:42.888977   20892 mergeddicttrans.cc:1866] Sentence #0: まさかカルビナーマイアンは...!!!
06-17 11:30:42.889 19335 20892 D native  : I0617 11:30:42.889083   20892 mergeddicttrans.cc:1918] To be translated by NMT.
06-17 11:30:42.926 19335 20892 I native  : I0617 11:30:42.926369   20892 mergeddicttrans.cc:1827] Sentence #0: まさかカルビナーマイアンは...!!!
06-17 11:30:42.926 19335 20892 I native  : I0617 11:30:42.926669   20892 mergeddicttrans.cc:1828] 
06-17 11:30:42.926 19335 20892 I native  : Source language: ja, target language: en
06-17 11:30:42.926 19335 20892 I native  : 
06-17 11:30:42.926 19335 20892 I native  : Has period trick: 0
06-17 11:30:42.926 19335 20892 I native  : 
06-17 11:30:42.926 19335 20892 I native  : Full translation: Masaka Calviner Mian ... !!!
06-17 11:30:42.926 19335 20892 I native  : Translate Instance: 
06-17 11:30:42.926 19335 20892 I native  : Query (raw): まさかカルビナーマイアンは...!!!
06-17 11:30:42.926 19335 20892 I native  : Query (after preprocess): まさか カルビナー マイアン は ... !!!
06-17 11:30:42.926 19335 20892 I native  : Query ids (after tokenizer): 436 316 375 129 23 390 960 1069 59 19 9 1198 723 2312 2312 2
06-17 11:30:42.926 19335 20892 I native  : Translation ids: 33 290 3207 28 39 205 58 22 33 619 983 430 3409 3409 2
06-17 11:30:42.926 19335 20892 I native  : Translation (after detokenizer): Masaka Calviner Mian ... !!!
06-17 11:30:42.926 19335 20892 I native  : Alignment probability:
06-17 11:30:42.926 19335 20892 I native  : 	Masaka	Calviner	Mian	...	!!!
06-17 11:30:42.926 19335 20892 I native  : まさか	0.715033	0.027451	0.00196078	0.00784314	0.00261438
06-17 11:30:42.926 19335 20892 I native  : カルビナー	0.122876	0.855686	0	0	0.00130719
06-17 11:30:42.926 19335 20892 I native  : マイアン	0.0352941	0.0298039	0.952941	0.423529	0.00130719
06-17 11:30:42.926 19335 20892 I native  : は	0.020915	0.00941177	0.0196078	0.14902	0.0117647
06-17 11:30:42.926 19335 20892 I native  : ...	0.00653595	0.00470588	0.0196078	0.227451	0.0156863
06-17 11:30:42.926 19335 20892 I native  : !!!	0.00261438	0.000784314	0	0.0352941	0.884967
06-17 11:30:42.926 19335 20892 I native  : Translation (before postprocess): Masaka Calviner Mian ... !!!
06-17 11:30:42.932 19335 20893 D native  : I0617 11:30:42.932768   20893 mergeddicttrans.cc:1860] The current system has NMT.
06-17 11:30:42.932 19335 20893 D native  : I0617 11:30:42.932898   20893 mergeddicttrans.cc:1866] Sentence #0: 高度な「超速」を繰り返し知ら返りに対象の周りにスインガンガンの斬撃を散らすことで...
06-17 11:30:42.932 19335 20893 D native  : I0617 11:30:42.932987   20893 mergeddicttrans.cc:1918] To be translated by NMT.
06-17 11:30:43.010 19335 20893 I native  : I0617 11:30:43.010697   20893 mergeddicttrans.cc:1827] Sentence #0: 高度な「超速」を繰り返し知ら返りに対象の周りにスインガンガンの斬撃を散らすことで...
06-17 11:30:43.010 19335 20893 I native  : I0617 11:30:43.010905   20893 mergeddicttrans.cc:1828] 
06-17 11:30:43.010 19335 20893 I native  : Source language: ja, target language: en
06-17 11:30:43.010 19335 20893 I native  : 
06-17 11:30:43.010 19335 20893 I native  : Has period trick: 0
06-17 11:30:43.010 19335 20893 I native  : 
06-17 11:30:43.010 19335 20893 I native  : Full translation: By repeating advanced "ultra-speed" repeatedly to return to the scatter of the swingangan around the target ...
06-17 11:30:43.010 19335 20893 I native  : Translate Instance: 
06-17 11:30:43.010 19335 20893 I native  : Query (raw): 高度な「超速」を繰り返し知ら返りに対象の周りにスインガンガンの斬撃を散らすことで...
06-17 11:30:43.010 19335 20893 I native  : Query (after preprocess): 高度 な 「 超速 」 を 繰り返し 知ら 返り に 対象 の 周り に スインガンガン の 斬撃 を 散らす こと で ...
06-17 11:30:43.010 19335 20893 I native  : Query ids (after tokenizer): 324 160 26 171 1163 590 173 7 3 1566 115 1089 51 1086 226 3 1089 115 8 548 832 4 558 115 8 76 164 754 19 754 19 4 3 3391 1628 7 3 1049 1784 47 16 1198 2
06-17 11:30:43.010 19335 20893 I native  : Translation ids: 1044 650 451 13 1305 1354 14 34 2159 289 45 15 901 34 650 2367 55 7 973 7 3 466 2716 6 3 2032 13 783 146 1621 3 726 983 2
06-17 11:30:43.010 19335 20893 I native  : Translation (after detokenizer): By repeating advanced " ultra - speed " repeatedly to return to the scatter of the swingangan around the target ...
06-17 11:30:43.010 19335 20893 I native  : Alignment probability:
06-17 11:30:43.010 19335 20893 I native  : 	By	repeating	advanced	"	ultra	-	speed	"	repeatedly	to	return	to	the	scatter	of	the	swingangan	around	the	target	...
06-17 11:30:43.010 19335 20893 I native  : 高度	0.101961	0.154248	0.55817	0.0392157	0.00784314	0	0	0	0.00522876	0.00392157	0.00392157	0.027451	0.0156863	0.00392157	0	0.00392157	0.000980392	0	0.00784314	0.0156863	0
06-17 11:30:43.010 19335 20893 I native  : な	0.00392157	0.00915033	0.0509804	0.0313726	0.00522876	0.00392157	0	0	0	0	0	0	0	0	0	0	0	0	0	0	0.00392157
06-17 11:30:43.010 19335 20893 I native  : 「	0.00784314	0.0222222	0.0535948	0.721569	0.00784314	0.00392157	0.00392157	0.00392157	0.00261438	0.00392157	0	0.00392157	0	0	0	0	0	0	0.00392157	0.00392157	0.0196078
06-17 11:30:43.010 19335 20893 I native  : 超速	0.00392157	0.0169935	0.0300654	0.121569	0.840523	0.772549	0.882353	0.0470588	0	0	0	0	0	0	0	0	0	0	0.00392157	0.00392157	0
06-17 11:30:43.010 19335 20893 I native  : 」	0	0.00522876	0.00392157	0.00784314	0.0117647	0.0156863	0.0235294	0.686275	0.00130719	0	0	0	0	0	0	0	0	0	0	0	0
06-17 11:30:43.010 19335 20893 I native  : を	0.00392157	0.0117647	0.0104575	0.00392157	0.00130719	0.00392157	0	0.027451	0.0261438	0.00784314	0	0	0	0	0	0	0	0	0.00392157	0	0.00392157
06-17 11:30:43.010 19335 20893 I native  : 繰り返し	0.176471	0.43268	0.0535948	0.00392157	0.00392157	0	0	0.0705882	0.368628	0.0235294	0.00784314	0.00784314	0.00392157	0	0	0	0	0	0.0352941	0.00392157	0.0196078
06-17 11:30:43.010 19335 20893 I native  : 知ら	0.0313726	0.048366	0.0352941	0.0196078	0.00130719	0	0.00392157	0.027451	0.224837	0.301961	0.192157	0.027451	0.027451	0.00784314	0	0	0	0	0.0235294	0.0117647	0.0235294
06-17 11:30:43.010 19335 20893 I native  : 返り	0.00784314	0.0261438	0.0117647	0.00392157	0	0	0	0.0117647	0.0797386	0.160784	0.329412	0.0470588	0.054902	0.00588235	0	0	0	0	0.0117647	0.00784314	0.027451
06-17 11:30:43.010 19335 20893 I native  : に	0.0235294	0.00915033	0.00915033	0.00392157	0.00130719	0	0	0.0235294	0.048366	0.117647	0.0313726	0.0509804	0.0352941	0.00196078	0.00392157	0	0	0.00392157	0.0352941	0.00392157	0.0823529
06-17 11:30:43.010 19335 20893 I native  : 対象	0.00784314	0.0143791	0.0143791	0.00392157	0.00261438	0	0	0.0117647	0.0183007	0.0235294	0.0705882	0.0313726	0.223529	0.198039	0.0431373	0.0313726	0.0137255	0.00392157	0.301961	0.729412	0.0352941
06-17 11:30:43.010 19335 20893 I native  : の	0	0	0.00130719	0	0	0	0	0	0	0.00392157	0.00392157	0.00784314	0.0235294	0.0176471	0.0117647	0	0	0	0.0235294	0.0196078	0.0117647
06-17 11:30:43.010 19335 20893 I native  : 周り	0.0117647	0.00915033	0.0104575	0.00392157	0	0	0	0.00784314	0.027451	0.054902	0.0313726	0.0941176	0.0980392	0.0254902	0.207843	0.0117647	0.027451	0.282353	0.109804	0.027451	0.0588235
06-17 11:30:43.010 19335 20893 I native  : に	0	0	0	0	0	0	0	0	0.00261438	0.00392157	0	0.0117647	0.00392157	0	0.0156863	0	0.00392157	0.101961	0.0196078	0	0.0117647
06-17 11:30:43.010 19335 20893 I native  : スインガンガン	0.0235294	0.0222222	0.0169935	0.0117647	0.00130719	0	0	0.0117647	0.0313726	0.0235294	0.0196078	0.423529	0.266667	0.127451	0.133333	0.745098	0.789216	0.215686	0.0745098	0.0431373	0.00784314
06-17 11:30:43.010 19335 20893 I native  : の	0	0	0	0	0	0	0	0.00392157	0.00261438	0.00392157	0	0.00784314	0	0.00392157	0.156863	0.0117647	0.0196078	0.0352941	0.00392157	0.00392157	0.00392157
06-17 11:30:43.010 19335 20893 I native  : 斬撃	0.0117647	0.0326797	0.0169935	0.00392157	0.00522876	0	0	0.0156863	0.0457516	0.027451	0.101961	0.188235	0.172549	0.394118	0.129412	0.168627	0.107843	0.109804	0.0196078	0.0431373	0.00784314
06-17 11:30:43.010 19335 20893 I native  : を	0	0	0	0	0	0	0	0	0.00130719	0	0	0.00784314	0	0.00196078	0.0666667	0	0.00686275	0.0196078	0.00392157	0	0.0196078
06-17 11:30:43.011 19335 20893 I native  : 散らす	0.0745098	0.156863	0.00522876	0	0	0	0	0.00784314	0.0627451	0.180392	0.168627	0.0509804	0.054902	0.152941	0.054902	0.00392157	0.00196078	0.0235294	0.00392157	0	0.0352941
06-17 11:30:43.011 19335 20893 I native  : こと	0.12549	0.0130719	0	0	0	0	0	0	0.00522876	0.00784314	0	0	0	0	0	0	0	0	0	0	0
06-17 11:30:43.011 19335 20893 I native  : で	0.286275	0.00392157	0	0	0	0	0	0	0.0117647	0.0235294	0	0.00784314	0.00392157	0	0.0235294	0	0	0.00784314	0.00392157	0	0.00392157
06-17 11:30:43.011 19335 20893 I native  : ...	0.0666667	0.00261438	0.00261438	0	0	0	0	0.0117647	0.00784314	0.0156863	0.00392157	0.0196078	0.00392157	0.00392157	0.054902	0.00784314	0.00882353	0.12549	0.196078	0.0117647	0.564706
06-17 11:30:43.011 19335 20893 I native  : Translation (before postprocess): By repeating advanced " ultra - speed " repeatedly to return to the scatter of the swingangan around the target ...
06-17 11:30:43.015 19335 20894 D native  : I0617 11:30:43.015525   20894 mergeddicttrans.cc:1860] The current system has NMT.
06-17 11:30:43.015 19335 20894 D native  : I0617 11:30:43.015781   20894 mergeddicttrans.cc:1866] Sentence #0: 数十5の己の己の分身を作りに泊り出すことは同意じゃぞ...!!!
06-17 11:30:43.015 19335 20894 D native  : I0617 11:30:43.015923   20894 mergeddicttrans.cc:1918] To be translated by NMT.
06-17 11:30:43.081 19335 20894 I native  : I0617 11:30:43.081756   20894 mergeddicttrans.cc:1827] Sentence #0: 数十5の己の己の分身を作りに泊り出すことは同意じゃぞ...!!!
06-17 11:30:43.082 19335 20894 I native  : I0617 11:30:43.082025   20894 mergeddicttrans.cc:1828] 
06-17 11:30:43.082 19335 20894 I native  : Source language: ja, target language: en
06-17 11:30:43.082 19335 20894 I native  : 
06-17 11:30:43.082 19335 20894 I native  : Has period trick: 0
06-17 11:30:43.082 19335 20894 I native  : 
06-17 11:30:43.082 19335 20894 I native  : Full translation: It is consent that you can get out to create a thousands of thousands of thousands ...!!!
06-17 11:30:43.082 19335 20894 I native  : Translate Instance: 
06-17 11:30:43.082 19335 20894 I native  : Query (raw): 数十5の己の己の分身を作りに泊り出すことは同意じゃぞ...!!!
06-17 11:30:43.082 19335 20894 I native  : Query (after preprocess): 数十 5 の 己 の 己 の 分身 を 作り に 泊り出す こと は 同意 じゃぞ ... !!!
06-17 11:30:43.082 19335 20894 I native  : Query ids (after tokenizer): 308 2755 122 4 3 1808 4 3 1808 4 139 1384 7 475 115 8 3 1623 115 1658 47 9 321 647 2133 1958 917 1198 723 2312 2312 2
06-17 11:30:43.082 19335 20894 I native  : Translation ids: 209 11 487 117 30 87 31 1352 346 7 1070 9 674 363 255 10 6 674 363 255 10 6 674 363 255 10 983 430 430 430 2
06-17 11:30:43.082 19335 20894 I native  : Translation (after detokenizer): It is consent that you can get out to create a thousands of thousands of thousands ... ! ! !
06-17 11:30:43.082 19335 20894 I native  : Alignment probability:
06-17 11:30:43.082 19335 20894 I native  : 	It	is	consent	that	you	can	get	out	to	create	a	thousands	of	thousands	of	thousands	...	!	!	!
06-17 11:30:43.082 19335 20894 I native  : 数十	0.0509804	0.0156863	0.00980392	0.00392157	0.0588235	0.0117647	0.00392157	0.0784314	0.129412	0.0196078	0.380392	0.138235	0.0823529	0.276471	0.12549	0.207843	0.0980392	0	0	0
06-17 11:30:43.082 19335 20894 I native  : 5	0	0.00392157	0	0	0	0	0	0.00392157	0.00392157	0.00392157	0.00392157	0.0294118	0.0352941	0.105882	0.219608	0.148039	0.0509804	0	0	0
06-17 11:30:43.082 19335 20894 I native  : の	0	0	0	0.00392157	0.00392157	0	0	0	0.00784314	0	0.0196078	0.00980392	0.152941	0.0245098	0.180392	0.022549	0.0980392	0	0	0
06-17 11:30:43.082 19335 20894 I native  : 己	0.00392157	0.00784314	0.00196078	0	0.0156863	0.00392157	0	0.0156863	0.0313726	0.00392157	0.0941176	0.214706	0.12549	0.228431	0.117647	0.173529	0.0509804	0	0	0
06-17 11:30:43.082 19335 20894 I native  : の	0	0	0	0	0	0.00392157	0	0	0.00392157	0	0.0156863	0.0362745	0.12549	0.0470588	0.0784314	0.0460784	0.0196078	0	0	0
06-17 11:30:43.082 19335 20894 I native  : 己	0.00392157	0	0	0	0.00784314	0.00784314	0.00392157	0.0156863	0.0196078	0.0117647	0.117647	0.184314	0.0823529	0.130392	0.0627451	0.0970588	0.0235294	0	0	0
06-17 11:30:43.082 19335 20894 I native  : の	0	0	0	0	0	0.00392157	0	0	0.00784314	0.00392157	0.027451	0.0392157	0.152941	0.00980392	0.0235294	0.00490196	0.00392157	0	0	0
06-17 11:30:43.082 19335 20894 I native  : 分身	0	0	0	0	0.0117647	0.0156863	0.0235294	0.0313726	0.0235294	0.0509804	0.129412	0.185294	0.129412	0.0343137	0.027451	0.0333333	0.00784314	0	0	0
06-17 11:30:43.082 19335 20894 I native  : を	0	0	0	0	0.00392157	0.0117647	0.0117647	0.0156863	0.0156863	0.00784314	0.0156863	0.00294118	0.00784314	0.00294118	0.00392157	0.00490196	0.00392157	0	0	0
06-17 11:30:43.082 19335 20894 I native  : 作り	0.0117647	0.0117647	0.00588235	0.00784314	0.133333	0.180392	0.188235	0.0470588	0.0509804	0.564706	0.00784314	0.00784314	0.0117647	0.00392157	0.00784314	0.00686275	0.0196078	0	0	0
06-17 11:30:43.082 19335 20894 I native  : に	0.0117647	0.00784314	0.00196078	0.054902	0.0352941	0.0156863	0.0196078	0.12549	0.333333	0.0117647	0.12549	0.00392157	0.0156863	0.00784314	0.027451	0.0362745	0.0980392	0	0	0
06-17 11:30:43.082 19335 20894 I native  : 泊り出す	0.247059	0.101961	0.0176471	0.176471	0.486275	0.368627	0.592157	0.537255	0.266667	0.286275	0.0431373	0.0156863	0.0196078	0.00490196	0.0117647	0.0137255	0.0313726	0.00392157	0	0
06-17 11:30:43.082 19335 20894 I native  : こと	0.172549	0.0666667	0.0333333	0.235294	0.0823529	0.0156863	0.00392157	0.00392157	0.00784314	0	0	0	0	0	0	0	0.00392157	0	0	0
06-17 11:30:43.082 19335 20894 I native  : は	0.0196078	0.192157	0.0137255	0.0666667	0.0196078	0.0196078	0.00392157	0.00392157	0.0156863	0	0	0	0.00392157	0.00196078	0.0117647	0.00980392	0.0784314	0.00392157	0	0
06-17 11:30:43.082 19335 20894 I native  : 同意	0.0901961	0.313726	0.727451	0.0862745	0.0705882	0.117647	0.0235294	0.00784314	0.0117647	0	0	0	0	0.000980392	0.00392157	0.00882353	0.0392157	0.027451	0.0117647	0.00392157
06-17 11:30:43.082 19335 20894 I native  : じゃぞ	0.337255	0.14902	0.137255	0.266667	0.0313726	0.054902	0.00784314	0	0	0	0	0	0	0	0	0.00686275	0.0588235	0.0745098	0.0509804	0.0196078
06-17 11:30:43.082 19335 20894 I native  : ...	0.00784314	0.0431373	0.0137255	0.0823529	0.0117647	0.0392157	0.0235294	0.00784314	0.0117647	0.00392157	0.00784314	0	0.00392157	0.00294118	0.0509804	0.0313726	0.227451	0.027451	0.0117647	0.00784314
06-17 11:30:43.082 19335 20894 I native  : !!!	0.00392157	0.00392157	0.00588235	0.00392157	0.00392157	0.00392157	0.00392157	0.00392157	0.00392157	0	0	0	0	0	0.00392157	0.00294118	0.0392157	0.788235	0.835294	0.784314
06-17 11:30:43.082 19335 20894 I native  : Translation (before postprocess): It is consent that you can get out to create a thousands of thousands of thousands ... ! ! !
06-17 11:30:43.091 19335 20898 D native  : I0617 11:30:43.091612   20898 mergeddicttrans.cc:1860] The current system has NMT.
06-17 11:30:43.091 19335 20898 D native  : I0617 11:30:43.091777   20898 mergeddicttrans.cc:1866] Sentence #0: 「超速」を自分のものに
06-17 11:30:43.091 19335 20898 D native  : I0617 11:30:43.091826   20898 mergeddicttrans.cc:1918] To be translated by NMT.
06-17 11:30:43.116 19335 20898 I native  : I0617 11:30:43.116003   20898 mergeddicttrans.cc:1827] Sentence #0: 「超速」を自分のものに
06-17 11:30:43.116 19335 20898 I native  : I0617 11:30:43.116100   20898 mergeddicttrans.cc:1828] 
06-17 11:30:43.116 19335 20898 I native  : Source language: ja, target language: en
06-17 11:30:43.116 19335 20898 I native  : 
06-17 11:30:43.116 19335 20898 I native  : Has period trick: 0
06-17 11:30:43.116 19335 20898 I native  : 
06-17 11:30:43.116 19335 20898 I native  : Full translation: "Super speed" to your own
06-17 11:30:43.116 19335 20898 I native  : Translate Instance: 
06-17 11:30:43.116 19335 20898 I native  : Query (raw): 「超速」を自分のものに
06-17 11:30:43.116 19335 20898 I native  : Query (after preprocess): 「 超速 」 を 自分 の もの に
06-17 11:30:43.116 19335 20898 I native  : Query ids (after tokenizer): 171 1163 590 173 7 1614 4 389 8 2
06-17 11:30:43.116 19335 20898 I native  : Translation ids: 34 2975 901 34 7 301 1534 2
06-17 11:30:43.116 19335 20898 I native  : Translation (after detokenizer): " Super speed " to your own
06-17 11:30:43.116 19335 20898 I native  : Alignment probability:
06-17 11:30:43.116 19335 20898 I native  : 	"	Super	speed	"	to	your	own
06-17 11:30:43.116 19335 20898 I native  : 「	0.309804	0.0196078	0	0.0117647	0.0117647	0.0117647	0
06-17 11:30:43.116 19335 20898 I native  : 超速	0.133333	0.921569	0.862745	0.137255	0	0.00392157	0
06-17 11:30:43.116 19335 20898 I native  : 」	0.0117647	0.0117647	0.0784314	0.603922	0.00392157	0	0
06-17 11:30:43.116 19335 20898 I native  : を	0.0313726	0	0	0.0588235	0.168627	0.00392157	0
06-17 11:30:43.116 19335 20898 I native  : 自分	0.0862745	0.00392157	0	0.0117647	0.109804	0.67451	0.333333
06-17 11:30:43.116 19335 20898 I native  : の	0.00392157	0	0	0	0.00392157	0.054902	0.270588
06-17 11:30:43.116 19335 20898 I native  : もの	0.0392157	0.00392157	0	0.00784314	0.0705882	0.152941	0.219608
06-17 11:30:43.116 19335 20898 I native  : に	0.309804	0.0156863	0	0.109804	0.592157	0.0235294	0.00392157
06-17 11:30:43.116 19335 20898 I native  : Translation (before postprocess): " Super speed " to your own
06-17 11:30:43.117 19335 20899 D native  : I0617 11:30:43.117887   20899 mergeddicttrans.cc:1860] The current system has NMT.
06-17 11:30:43.117 19335 20899 D native  : I0617 11:30:43.117968   20899 mergeddicttrans.cc:1866] Sentence #0: 敵をその中に閉じ込める気が...!?
06-17 11:30:43.118 19335 20899 D native  : I0617 11:30:43.118006   20899 mergeddicttrans.cc:1918] To be translated by NMT.
06-17 11:30:43.156 19335 20899 I native  : I0617 11:30:43.156504   20899 mergeddicttrans.cc:1827] Sentence #0: 敵をその中に閉じ込める気が...!?
06-17 11:30:43.156 19335 20899 I native  : I0617 11:30:43.156601   20899 mergeddicttrans.cc:1828] 
06-17 11:30:43.156 19335 20899 I native  : Source language: ja, target language: en
06-17 11:30:43.156 19335 20899 I native  : 
06-17 11:30:43.156 19335 20899 I native  : Has period trick: 0
06-17 11:30:43.156 19335 20899 I native  : 
06-17 11:30:43.156 19335 20899 I native  : Full translation: I feel like I'm going to close my enemies ...!?
06-17 11:30:43.156 19335 20899 I native  : Translate Instance: 
06-17 11:30:43.156 19335 20899 I native  : Query (raw): 敵をその中に閉じ込める気が...!?
06-17 11:30:43.156 19335 20899 I native  : Query (after preprocess): 敵 を その 中 に 閉じ込める 気 が ... ! ?
06-17 11:30:43.156 19335 20899 I native  : Query ids (after tokenizer): 3 2117 7 138 134 8 3 1351 529 1174 1063 1120 10 1198 723 882 2
06-17 11:30:43.156 19335 20899 I native  : Translation ids: 63 2811 366 63 2564 3182 7 1620 1213 386 219 141 983 430 417 2
06-17 11:30:43.156 19335 20899 I native  : Translation (after detokenizer): I feel like I 'm going to close my enemies ... ! ?
06-17 11:30:43.156 19335 20899 I native  : Alignment probability:
06-17 11:30:43.156 19335 20899 I native  : 	I	feel	like	I	'm	going	to	close	my	enemies	...	!	?
06-17 11:30:43.156 19335 20899 I native  : 敵	0.0784314	0.00392157	0.137255	0.0588235	0.0627451	0.0980392	0.027451	0.0196078	0.396078	0.747712	0.00784314	0	0
06-17 11:30:43.156 19335 20899 I native  : を	0.00392157	0	0.00392157	0.0196078	0.00784314	0.0156863	0.0313726	0.00784314	0.0470588	0.0117647	0.0313726	0	0
06-17 11:30:43.156 19335 20899 I native  : その	0.00392157	0	0.00392157	0.00392157	0.00784314	0.0235294	0.0156863	0.00784314	0.0313726	0.0130719	0.0627451	0.00392157	0
06-17 11:30:43.156 19335 20899 I native  : 中	0.0156863	0.00392157	0.0235294	0.0235294	0.0196078	0.0509804	0.0705882	0.027451	0.133333	0.0379085	0.337255	0.0117647	0
06-17 11:30:43.156 19335 20899 I native  : に	0.00784314	0	0.00392157	0.0117647	0.00392157	0.00784314	0.0235294	0.00784314	0.105882	0.0117647	0.180392	0	0
06-17 11:30:43.156 19335 20899 I native  : 閉じ込める	0.0745098	0.0980392	0.203922	0.745098	0.517647	0.439216	0.654902	0.858824	0.168627	0.0261438	0.054902	0.00392157	0
06-17 11:30:43.156 19335 20899 I native  : 気	0.341176	0.686275	0.364706	0.0862745	0.0980392	0.145098	0.00392157	0	0	0	0	0	0
06-17 11:30:43.156 19335 20899 I native  : が	0.145098	0.101961	0.054902	0.0117647	0.0196078	0.0235294	0.00392157	0	0	0	0.00392157	0	0
06-17 11:30:43.156 19335 20899 I native  : ...	0.0784314	0.0196078	0.0352941	0.0117647	0.027451	0.0392157	0.0235294	0.00784314	0.0470588	0.020915	0.27451	0.0431373	0.00784314
06-17 11:30:43.156 19335 20899 I native  : !	0.0235294	0.00392157	0.00392157	0.00392157	0.00392157	0.00784314	0.00784314	0.00392157	0.00392157	0.00261438	0.0156863	0.552941	0.137255
06-17 11:30:43.156 19335 20899 I native  : ?	0.0627451	0	0.00392157	0.00392157	0	0	0.00392157	0	0	0	0.00392157	0.192157	0.6
06-17 11:30:43.156 19335 20899 I native  : Translation (before postprocess): I feel like I 'm going to close my enemies ... ! ?
06-17 11:30:43.158 19335 20660 D native  : I0617 11:30:43.158655   20660 mergeddicttrans.cc:1860] The current system has NMT.
06-17 11:30:43.158 19335 20660 D native  : I0617 11:30:43.158819   20660 mergeddicttrans.cc:1866] Sentence #0: つまるとこころそれば...
06-17 11:30:43.158 19335 20660 D native  : I0617 11:30:43.158909   20660 mergeddicttrans.cc:1918] To be translated by NMT.
06-17 11:30:43.177 19335 20660 I native  : I0617 11:30:43.177447   20660 mergeddicttrans.cc:1827] Sentence #0: つまるとこころそれば...
06-17 11:30:43.177 19335 20660 I native  : I0617 11:30:43.177616   20660 mergeddicttrans.cc:1828] 
06-17 11:30:43.177 19335 20660 I native  : Source language: ja, target language: en
06-17 11:30:43.177 19335 20660 I native  : 
06-17 11:30:43.177 19335 20660 I native  : Has period trick: 0
06-17 11:30:43.177 19335 20660 I native  : 
06-17 11:30:43.177 19335 20660 I native  : Full translation: After that, what is the heart ...
06-17 11:30:43.177 19335 20660 I native  : Translate Instance: 
06-17 11:30:43.177 19335 20660 I native  : Query (raw): つまるとこころそれば...
06-17 11:30:43.177 19335 20660 I native  : Query (after preprocess): つまる と こころ それ ば ...
06-17 11:30:43.177 19335 20660 I native  : Query ids (after tokenizer): 191 1836 14 940 733 286 563 1198 2
06-17 11:30:43.177 19335 20660 I native  : Translation ids: 857 30 5 1930 11 3 2456 983 2
06-17 11:30:43.177 19335 20660 I native  : Translation (after detokenizer): After that , what is the heart ...
06-17 11:30:43.177 19335 20660 I native  : Alignment probability:
06-17 11:30:43.177 19335 20660 I native  : 	After	that	,	what	is	the	heart	...
06-17 11:30:43.177 19335 20660 I native  : つまる	0.494118	0.764706	0.129412	0.0196078	0.0156863	0.0156863	0.00392157	0.00392157
06-17 11:30:43.177 19335 20660 I native  : と	0.196078	0.0901961	0.34902	0.0588235	0.0235294	0.00784314	0.00392157	0.0313726
06-17 11:30:43.177 19335 20660 I native  : こころ	0.105882	0.0196078	0.184314	0.392157	0.282353	0.419608	0.529412	0.117647
06-17 11:30:43.177 19335 20660 I native  : それ	0.129412	0.0313726	0.227451	0.47451	0.470588	0.388235	0.270588	0.305882
06-17 11:30:43.177 19335 20660 I native  : ば	0.0196078	0.0196078	0.00784314	0.0470588	0.0588235	0.0901961	0.0941176	0.0352941
06-17 11:30:43.177 19335 20660 I native  : ...	0.0352941	0.00784314	0.0431373	0.00784314	0.0470588	0.0235294	0.0117647	0.376471
06-17 11:30:43.177 19335 20660 I native  : Translation (before postprocess): After that , what is the heart ...
06-17 11:30:43.179 19335 20699 D native  : I0617 11:30:43.179206   20699 mergeddicttrans.cc:1860] The current system has NMT.
06-17 11:30:43.179 19335 20699 D native  : I0617 11:30:43.179326   20699 mergeddicttrans.cc:1866] Sentence #0: したというのか!!!
06-17 11:30:43.179 19335 20699 D native  : I0617 11:30:43.179414   20699 mergeddicttrans.cc:1918] To be translated by NMT.
06-17 11:30:43.201 19335 20699 I native  : I0617 11:30:43.201054   20699 mergeddicttrans.cc:1827] Sentence #0: したというのか!!!
06-17 11:30:43.201 19335 20699 I native  : I0617 11:30:43.201216   20699 mergeddicttrans.cc:1828] 
06-17 11:30:43.201 19335 20699 I native  : Source language: ja, target language: en
06-17 11:30:43.201 19335 20699 I native  : 
06-17 11:30:43.201 19335 20699 I native  : Has period trick: 0
06-17 11:30:43.201 19335 20699 I native  : 
06-17 11:30:43.201 19335 20699 I native  : Full translation: Was it?!!
06-17 11:30:43.201 19335 20699 I native  : Translate Instance: 
06-17 11:30:43.201 19335 20699 I native  : Query (raw): したというのか!!!
06-17 11:30:43.201 19335 20699 I native  : Query (after preprocess): し た と いう の か !!!
06-17 11:30:43.201 19335 20699 I native  : Query ids (after tokenizer): 11 15 14 957 4 103 723 2312 2312 2
06-17 11:30:43.201 19335 20699 I native  : Translation ids: 133 290 70 417 430 430 2
06-17 11:30:43.201 19335 20699 I native  : Translation (after detokenizer): Was it ? ! !
06-17 11:30:43.201 19335 20699 I native  : Alignment probability:
06-17 11:30:43.201 19335 20699 I native  : 	Was	it	?	!	!
06-17 11:30:43.201 19335 20699 I native  : し	0.0431373	0.188235	0.156863	0.0156863	0.00784314
06-17 11:30:43.201 19335 20699 I native  : た	0.205882	0.152941	0.101961	0.0235294	0.00784314
06-17 11:30:43.201 19335 20699 I native  : と	0.0745098	0.0980392	0.0431373	0.0117647	0.00392157
06-17 11:30:43.201 19335 20699 I native  : いう	0.0941176	0.121569	0.101961	0.0117647	0
06-17 11:30:43.201 19335 20699 I native  : の	0.0764706	0.0431373	0.0235294	0.0117647	0.00392157
06-17 11:30:43.201 19335 20699 I native  : か	0.272549	0.0980392	0.0352941	0.0823529	0.0196078
06-17 11:30:43.201 19335 20699 I native  : !!!	0.0490196	0.0745098	0.168627	0.619608	0.807843
06-17 11:30:43.201 19335 20699 I native  : Translation (before postprocess): Was it ? ! !
06-17 11:30:44.253 19335 19991 I Quality : BitmapCompressInfo:1350,1920,2,90,569327084
06-17 11:30:46.360 19335 19353 I hiyomi.at.debug: Background concurrent mark compact GC freed 19MB AllocSpace bytes, 191(81MB) LOS objects, 51% free,90MB(M:22MB,L:67MB)/186MB, paused 1.519ms,2.817ms total 111.903ms
06-17 11:30:47.604 19335 19991 I Quality : BitmapCompressInfo:1350,1920,1,100,590409896
06-17 11:30:47.642 19335 20888 D native  : I0617 11:30:47.642313   20888 mergeddicttrans.cc:1860] The current system has NMT.
06-17 11:30:47.642 19335 20888 D native  : I0617 11:30:47.642411   20888 mergeddicttrans.cc:1866] Sentence #0: 昔兄さんの速度を超えるため編みに技の進化系...!!
06-17 11:30:47.642 19335 20888 D native  : I0617 11:30:47.642463   20888 mergeddicttrans.cc:1918] To be translated by NMT.
06-17 11:30:47.694 19335 20888 I native  : I0617 11:30:47.694795   20888 mergeddicttrans.cc:1827] Sentence #0: 昔兄さんの速度を超えるため編みに技の進化系...!!
06-17 11:30:47.695 19335 20888 I native  : I0617 11:30:47.694985   20888 mergeddicttrans.cc:1828] 
06-17 11:30:47.695 19335 20888 I native  : Source language: ja, target language: en
06-17 11:30:47.695 19335 20888 I native  : 
06-17 11:30:47.695 19335 20888 I native  : Has period trick: 0
06-17 11:30:47.695 19335 20888 I native  : 
06-17 11:30:47.695 19335 20888 I native  : Full translation: The evolutionary system of techniques for knitting to exceed the velocity of older brother ...!
06-17 11:30:47.695 19335 20888 I native  : Translate Instance: 
06-17 11:30:47.695 19335 20888 I native  : Query (raw): 昔兄さんの速度を超えるため編みに技の進化系...!!
06-17 11:30:47.695 19335 20888 I native  : Query (after preprocess): 昔兄 さん の 速度 を 超える ため 編み に 技 の 進化 系 ... !!
06-17 11:30:47.695 19335 20888 I native  : Query ids (after tokenizer): 3 2788 2632 1584 4 3 590 160 7 1163 547 94 1307 189 8 2116 4 1103 285 966 1198 723 2312 2
06-17 11:30:47.695 19335 20888 I native  : Translation ids: 16 1209 1467 291 172 6 1282 2149 23 19 2563 1428 7 595 1372 3 168 103 203 226 6 1896 22 3611 983 430 2
06-17 11:30:47.695 19335 20888 I native  : Translation (after detokenizer): The evolutionary system of techniques for knitting to exceed the velocity of older brother ... !
06-17 11:30:47.695 19335 20888 I native  : Alignment probability:
06-17 11:30:47.695 19335 20888 I native  : 	The	evolutionary	system	of	techniques	for	knitting	to	exceed	the	velocity	of	older	brother	...	!
06-17 11:30:47.695 19335 20888 I native  : 昔兄	0.117647	0.0339869	0.00784314	0.00392157	0.0352941	0.0235294	0.0705882	0.109804	0.0705882	0.623529	0.144118	0.352941	0.762745	0.545098	0.137255	0.00784314
06-17 11:30:47.695 19335 20888 I native  : さん	0.00392157	0	0	0	0.00130719	0	0.00196078	0.00392157	0.00196078	0.054902	0.0245098	0.0588235	0.147059	0.196078	0.0392157	0.00392157
06-17 11:30:47.695 19335 20888 I native  : の	0	0.00130719	0.00392157	0.00392157	0	0.00784314	0	0.00392157	0.00196078	0.0117647	0.00980392	0.384314	0.00980392	0.0352941	0.0235294	0
06-17 11:30:47.695 19335 20888 I native  : 速度	0.00392157	0.00784314	0.00392157	0	0	0	0.00196078	0.0117647	0.0333333	0.156863	0.576471	0.0509804	0.00784314	0.0431373	0.00784314	0.00392157
06-17 11:30:47.695 19335 20888 I native  : を	0	0.00130719	0	0	0	0	0	0.00392157	0.0117647	0.027451	0.00882353	0.0156863	0.00196078	0.00784314	0.00392157	0
06-17 11:30:47.695 19335 20888 I native  : 超える	0.0313726	0.00653595	0.00784314	0.0196078	0.00261438	0.0588235	0.0254902	0.145098	0.739216	0.0705882	0.00980392	0.0352941	0.00392157	0.00392157	0.00784314	0.0156863
06-17 11:30:47.695 19335 20888 I native  : ため	0.113725	0.00653595	0.00392157	0.0117647	0.0130719	0.0862745	0.00980392	0.552941	0.0235294	0.0156863	0.000980392	0.00392157	0	0.00392157	0.00392157	0.0235294
06-17 11:30:47.695 19335 20888 I native  : 編み	0.0745098	0.0261438	0.0156863	0.0235294	0.0928105	0.0862745	0.854902	0.027451	0.0431373	0.0196078	0.00490196	0	0	0.00392157	0.0117647	0.00392157
06-17 11:30:47.695 19335 20888 I native  : に	0.0117647	0.0130719	0.0235294	0.254902	0.0418301	0.478431	0.00196078	0.0156863	0	0	0	0	0	0	0.0156863	0
06-17 11:30:47.695 19335 20888 I native  : 技	0.211765	0.0980392	0.145098	0.133333	0.596078	0.133333	0.00980392	0.0117647	0	0	0.000980392	0	0.00392157	0.00392157	0.0156863	0
06-17 11:30:47.695 19335 20888 I native  : の	0.00784314	0.0496732	0.117647	0.388235	0.027451	0.0196078	0	0	0	0	0	0.00784314	0	0	0.00392157	0
06-17 11:30:47.695 19335 20888 I native  : 進化	0.32549	0.521569	0.14902	0.0588235	0.0300654	0.0117647	0	0	0	0	0	0.00392157	0	0	0.00784314	0
06-17 11:30:47.695 19335 20888 I native  : 系	0.0392157	0.205229	0.517647	0.0470588	0.0183007	0.0117647	0	0.00392157	0	0	0	0	0	0	0.00392157	0
06-17 11:30:47.695 19335 20888 I native  : ...	0.0196078	0.00784314	0.00784314	0.0392157	0.0287582	0.0705882	0.00588235	0.101961	0.0117647	0.0117647	0.00588235	0.0470588	0.0176471	0.0862745	0.639216	0.0156863
06-17 11:30:47.695 19335 20888 I native  : !!	0.00392157	0	0	0.00392157	0.00392157	0.00392157	0.00196078	0.00392157	0.00588235	0	0.000980392	0	0	0	0.0509804	0.839216
06-17 11:30:47.695 19335 20888 I native  : Translation (before postprocess): The evolutionary system of techniques for knitting to exceed the velocity of older brother ... !
06-17 11:30:47.697 19335 20892 D native  : I0617 11:30:47.697434   20892 mergeddicttrans.cc:1860] The current system has NMT.
06-17 11:30:47.697 19335 20892 D native  : I0617 11:30:47.697525   20892 mergeddicttrans.cc:1866] Sentence #0: 消え失せろ!亡霊!
06-17 11:30:47.697 19335 20892 D native  : I0617 11:30:47.697574   20892 mergeddicttrans.cc:1918] To be translated by NMT.
06-17 11:30:47.720 19335 20892 I native  : I0617 11:30:47.720399   20892 mergeddicttrans.cc:1827] Sentence #0: 消え失せろ!亡霊!
06-17 11:30:47.720 19335 20892 I native  : I0617 11:30:47.720548   20892 mergeddicttrans.cc:1828] 
06-17 11:30:47.720 19335 20892 I native  : Source language: ja, target language: en
06-17 11:30:47.720 19335 20892 I native  : 
06-17 11:30:47.720 19335 20892 I native  : Has period trick: 0
06-17 11:30:47.720 19335 20892 I native  : 
06-17 11:30:47.720 19335 20892 I native  : Full translation: I will disappear! The ghost!
06-17 11:30:47.720 19335 20892 I native  : Translate Instance: 
06-17 11:30:47.720 19335 20892 I native  : Query (raw): 消え失せろ!亡霊!
06-17 11:30:47.720 19335 20892 I native  : Query (after preprocess): 消え 失せろ ! 亡霊 !
06-17 11:30:47.720 19335 20892 I native  : Query ids (after tokenizer): 1140 202 1491 1170 733 723 3 2398 2599 723 2
06-17 11:30:47.720 19335 20892 I native  : Translation ids: 63 140 3372 434 430 16 186 214 654 430 2
06-17 11:30:47.720 19335 20892 I native  : Translation (after detokenizer): I will disappear ! The ghost !
06-17 11:30:47.720 19335 20892 I native  : Alignment probability:
06-17 11:30:47.720 19335 20892 I native  : 	I	will	disappear	!	The	ghost	!
06-17 11:30:47.720 19335 20892 I native  : 消え	0.376471	0.286275	0.705882	0.176471	0.0196078	0.00392157	0
06-17 11:30:47.720 19335 20892 I native  : 失せろ	0.478431	0.545098	0.215686	0.105882	0.105882	0.00261438	0.0117647
06-17 11:30:47.720 19335 20892 I native  : !	0.027451	0.00784314	0.0117647	0.584314	0.0313726	0.00130719	0.00392157
06-17 11:30:47.720 19335 20892 I native  : 亡霊	0.0588235	0.0156863	0.00784314	0.0352941	0.796078	0.820915	0.294118
06-17 11:30:47.720 19335 20892 I native  : !	0.00392157	0.00392157	0.00392157	0.0235294	0.00784314	0.00653595	0.482353
06-17 11:30:47.720 19335 20892 I native  : Translation (before postprocess): I will disappear ! The ghost !
06-17 11:30:47.722 19335 20893 D native  : I0617 11:30:47.722506   20893 mergeddicttrans.cc:1860] The current system has NMT.
06-17 11:30:47.722 19335 20893 D native  : I0617 11:30:47.722568   20893 mergeddicttrans.cc:1866] Sentence #0: 遅速:スインガンガンガン
06-17 11:30:47.722 19335 20893 D native  : I0617 11:30:47.722600   20893 mergeddicttrans.cc:1918] To be translated by NMT.
06-17 11:30:47.746 19335 20893 I native  : I0617 11:30:47.746752   20893 mergeddicttrans.cc:1827] Sentence #0: 遅速:スインガンガンガン
06-17 11:30:47.746 19335 20893 I native  : I0617 11:30:47.746864   20893 mergeddicttrans.cc:1828] 
06-17 11:30:47.746 19335 20893 I native  : Source language: ja, target language: en
06-17 11:30:47.746 19335 20893 I native  : 
06-17 11:30:47.746 19335 20893 I native  : Has period trick: 0
06-17 11:30:47.746 19335 20893 I native  : 
06-17 11:30:47.746 19335 20893 I native  : Full translation: Slow speed: swingangan gun
06-17 11:30:47.746 19335 20893 I native  : Translate Instance: 
06-17 11:30:47.746 19335 20893 I native  : Query (raw): 遅速:スインガンガンガン
06-17 11:30:47.746 19335 20893 I native  : Query (after preprocess): 遅速 : スインガンガンガン
06-17 11:30:47.746 19335 20893 I native  : Query ids (after tokenizer): 3 1436 590 75 76 164 754 19 754 19 754 19 2
06-17 11:30:47.746 19335 20893 I native  : Translation ids: 21 1375 901 41 2032 13 783 146 3453 2
06-17 11:30:47.746 19335 20893 I native  : Translation (after detokenizer): Slow speed : swingangan gun
06-17 11:30:47.746 19335 20893 I native  : Alignment probability:
06-17 11:30:47.746 19335 20893 I native  : 	Slow	speed	:	swingangan	gun
06-17 11:30:47.746 19335 20893 I native  : 遅速	0.788235	0.776471	0.133333	0.0107843	0
06-17 11:30:47.746 19335 20893 I native  : :	0.0176471	0.168627	0.737255	0.0137255	0
06-17 11:30:47.746 19335 20893 I native  : スインガンガンガン	0.103922	0.0196078	0.0941176	0.921569	0.847059
06-17 11:30:47.746 19335 20893 I native  : Translation (before postprocess): Slow speed : swingangan gun
06-17 11:30:47.753 19335 20894 D native  : I0617 11:30:47.753928   20894 mergeddicttrans.cc:1860] The current system has NMT.
06-17 11:30:47.754 19335 20894 D native  : I0617 11:30:47.754044   20894 mergeddicttrans.cc:1866] Sentence #0: ストライカの顔合技!!!
06-17 11:30:47.754 19335 20894 D native  : I0617 11:30:47.754077   20894 mergeddicttrans.cc:1918] To be translated by NMT.
06-17 11:30:47.781 19335 20894 I native  : I0617 11:30:47.781281   20894 mergeddicttrans.cc:1827] Sentence #0: ストライカの顔合技!!!
06-17 11:30:47.781 19335 20894 I native  : I0617 11:30:47.781379   20894 mergeddicttrans.cc:1828] 
06-17 11:30:47.781 19335 20894 I native  : Source language: ja, target language: en
06-17 11:30:47.781 19335 20894 I native  : 
06-17 11:30:47.781 19335 20894 I native  : Has period trick: 0
06-17 11:30:47.781 19335 20894 I native  : 
06-17 11:30:47.781 19335 20894 I native  : Full translation: Striker's face combined !!!
06-17 11:30:47.781 19335 20894 I native  : Translate Instance: 
06-17 11:30:47.781 19335 20894 I native  : Query (raw): ストライカの顔合技!!!
06-17 11:30:47.781 19335 20894 I native  : Query (after preprocess): ストライカ の 顔 合技 !!!
06-17 11:30:47.781 19335 20894 I native  : Query ids (after tokenizer): 660 309 347 4 3 1561 455 2293 723 2312 2312 2
06-17 11:30:47.781 19335 20894 I native  : Translation ids: 1286 1374 22 158 2361 1252 367 430 3409 3409 2
06-17 11:30:47.781 19335 20894 I native  : Translation (after detokenizer): Striker 's face combined !!!
06-17 11:30:47.781 19335 20894 I native  : Alignment probability:
06-17 11:30:47.781 19335 20894 I native  : 	Striker	's	face	combined	!!!
06-17 11:30:47.781 19335 20894 I native  : ストライカ	0.704575	0.0313726	0.00784314	0	0.00130719
06-17 11:30:47.781 19335 20894 I native  : の	0.0196078	0.196078	0.0235294	0.00392157	0.00130719
06-17 11:30:47.781 19335 20894 I native  : 顔	0.0705882	0.694118	0.909804	0.00784314	0.00261438
06-17 11:30:47.781 19335 20894 I native  : 合技	0.0222222	0.0509804	0.0509804	0.872549	0.11634
06-17 11:30:47.781 19335 20894 I native  : !!!	0.0117647	0.0156863	0.00392157	0.054902	0.777778
06-17 11:30:47.781 19335 20894 I native  : Translation (before postprocess): Striker 's face combined !!!
06-17 11:30:48.176 19335 19335 E IJankManager: slideSceneEnd unknown scene 1000 mScene:-1
06-17 11:30:48.493 19335 19335 D OplusViewDragTouchViewHelper: dispatchTouchView action = 1
06-17 11:30:48.494 19335 19335 D ViewRootImplExtImpl: the up motion event handled by client, just return
06-17 11:30:48.781 19335 19987 I Quality : BitmapCompressInfo:1350,1920,2,90,545937864
06-17 11:30:50.016 19335 19335 E IJankManager: slideSceneEnd unknown scene 1000 mScene:-1
06-17 11:30:50.222 19335 19335 D OplusViewDragTouchViewHelper: dispatchTouchView action = 1
06-17 11:30:50.223 19335 19335 D ViewRootImplExtImpl: the up motion event handled by client, just return
06-17 11:30:50.659 19335 19335 E IJankManager: slideSceneEnd unknown scene 1000 mScene:-1
06-17 11:30:50.820 19335 19335 D OplusViewDragTouchViewHelper: dispatchTouchView action = 1
06-17 11:30:50.820 19335 19335 D ViewRootImplExtImpl: the up motion event handled by client, just return
06-17 11:30:51.186 19335 19335 E Surface : IGraphicBufferProducer::setMaxDequeuedBufferCount(2) returned Invalid argument
06-17 11:30:51.291 19335 19353 I hiyomi.at.debug: Background concurrent mark compact GC freed 46MB AllocSpace bytes, 231(60MB) LOS objects, 52% free,87MB(M:15MB,L:72MB)/183MB, paused 853us,2.398ms total 105.072ms
06-17 11:30:51.524 19335 19335 E IJankManager: slideSceneEnd unknown scene 1000 mScene:-1
06-17 11:30:51.791 19335 19335 D OplusViewDragTouchViewHelper: dispatchTouchView action = 1
06-17 11:30:51.792 19335 19335 D ViewRootImplExtImpl: the up motion event handled by client, just return
06-17 11:30:51.883 19335 19988 I Quality : BitmapCompressInfo:1350,1920,1,100,569997865
06-17 11:30:51.923 19335 20898 D native  : I0617 11:30:51.923027   20898 mergeddicttrans.cc:1860] The current system has NMT.
06-17 11:30:51.923 19335 20898 D native  : I0617 11:30:51.923205   20898 mergeddicttrans.cc:1866] Sentence #0: 昔兄さんの速度を超えるため編みに技の進化系...!!
06-17 11:30:51.923 19335 20898 D native  : I0617 11:30:51.923261   20898 mergeddicttrans.cc:1918] To be translated by NMT.
06-17 11:30:51.977 19335 20898 I native  : I0617 11:30:51.977156   20898 mergeddicttrans.cc:1827] Sentence #0: 昔兄さんの速度を超えるため編みに技の進化系...!!
06-17 11:30:51.977 19335 20898 I native  : I0617 11:30:51.977313   20898 mergeddicttrans.cc:1828] 
06-17 11:30:51.977 19335 20898 I native  : Source language: ja, target language: en
06-17 11:30:51.977 19335 20898 I native  : 
06-17 11:30:51.977 19335 20898 I native  : Has period trick: 0
06-17 11:30:51.977 19335 20898 I native  : 
06-17 11:30:51.977 19335 20898 I native  : Full translation: The evolutionary system of techniques for knitting to exceed the velocity of older brother ...!
06-17 11:30:51.977 19335 20898 I native  : Translate Instance: 
06-17 11:30:51.977 19335 20898 I native  : Query (raw): 昔兄さんの速度を超えるため編みに技の進化系...!!
06-17 11:30:51.977 19335 20898 I native  : Query (after preprocess): 昔兄 さん の 速度 を 超える ため 編み に 技 の 進化 系 ... !!
06-17 11:30:51.977 19335 20898 I native  : Query ids (after tokenizer): 3 2788 2632 1584 4 3 590 160 7 1163 547 94 1307 189 8 2116 4 1103 285 966 1198 723 2312 2
06-17 11:30:51.977 19335 20898 I native  : Translation ids: 16 1209 1467 291 172 6 1282 2149 23 19 2563 1428 7 595 1372 3 168 103 203 226 6 1896 22 3611 983 430 2
06-17 11:30:51.977 19335 20898 I native  : Translation (after detokenizer): The evolutionary system of techniques for knitting to exceed the velocity of older brother ... !
06-17 11:30:51.977 19335 20898 I native  : Alignment probability:
06-17 11:30:51.977 19335 20898 I native  : 	The	evolutionary	system	of	techniques	for	knitting	to	exceed	the	velocity	of	older	brother	...	!
06-17 11:30:51.977 19335 20898 I native  : 昔兄	0.117647	0.0339869	0.00784314	0.00392157	0.0352941	0.0235294	0.0705882	0.109804	0.0705882	0.623529	0.144118	0.352941	0.762745	0.545098	0.137255	0.00784314
06-17 11:30:51.977 19335 20898 I native  : さん	0.00392157	0	0	0	0.00130719	0	0.00196078	0.00392157	0.00196078	0.054902	0.0245098	0.0588235	0.147059	0.196078	0.0392157	0.00392157
06-17 11:30:51.977 19335 20898 I native  : の	0	0.00130719	0.00392157	0.00392157	0	0.00784314	0	0.00392157	0.00196078	0.0117647	0.00980392	0.384314	0.00980392	0.0352941	0.0235294	0
06-17 11:30:51.977 19335 20898 I native  : 速度	0.00392157	0.00784314	0.00392157	0	0	0	0.00196078	0.0117647	0.0333333	0.156863	0.576471	0.0509804	0.00784314	0.0431373	0.00784314	0.00392157
06-17 11:30:51.977 19335 20898 I native  : を	0	0.00130719	0	0	0	0	0	0.00392157	0.0117647	0.027451	0.00882353	0.0156863	0.00196078	0.00784314	0.00392157	0
06-17 11:30:51.977 19335 20898 I native  : 超える	0.0313726	0.00653595	0.00784314	0.0196078	0.00261438	0.0588235	0.0254902	0.145098	0.739216	0.0705882	0.00980392	0.0352941	0.00392157	0.00392157	0.00784314	0.0156863
06-17 11:30:51.977 19335 20898 I native  : ため	0.113725	0.00653595	0.00392157	0.0117647	0.0130719	0.0862745	0.00980392	0.552941	0.0235294	0.0156863	0.000980392	0.00392157	0	0.00392157	0.00392157	0.0235294
06-17 11:30:51.977 19335 20898 I native  : 編み	0.0745098	0.0261438	0.0156863	0.0235294	0.0928105	0.0862745	0.854902	0.027451	0.0431373	0.0196078	0.00490196	0	0	0.00392157	0.0117647	0.00392157
06-17 11:30:51.977 19335 20898 I native  : に	0.0117647	0.0130719	0.0235294	0.254902	0.0418301	0.478431	0.00196078	0.0156863	0	0	0	0	0	0	0.0156863	0
06-17 11:30:51.977 19335 20898 I native  : 技	0.211765	0.0980392	0.145098	0.133333	0.596078	0.133333	0.00980392	0.0117647	0	0	0.000980392	0	0.00392157	0.00392157	0.0156863	0
06-17 11:30:51.977 19335 20898 I native  : の	0.00784314	0.0496732	0.117647	0.388235	0.027451	0.0196078	0	0	0	0	0	0.00784314	0	0	0.00392157	0
06-17 11:30:51.977 19335 20898 I native  : 進化	0.32549	0.521569	0.14902	0.0588235	0.0300654	0.0117647	0	0	0	0	0	0.00392157	0	0	0.00784314	0
06-17 11:30:51.977 19335 20898 I native  : 系	0.0392157	0.205229	0.517647	0.0470588	0.0183007	0.0117647	0	0.00392157	0	0	0	0	0	0	0.00392157	0
06-17 11:30:51.977 19335 20898 I native  : ...	0.0196078	0.00784314	0.00784314	0.0392157	0.0287582	0.0705882	0.00588235	0.101961	0.0117647	0.0117647	0.00588235	0.0470588	0.0176471	0.0862745	0.639216	0.0156863
06-17 11:30:51.977 19335 20898 I native  : !!	0.00392157	0	0	0.00392157	0.00392157	0.00392157	0.00196078	0.00392157	0.00588235	0	0.000980392	0	0	0	0.0509804	0.839216
06-17 11:30:51.977 19335 20898 I native  : Translation (before postprocess): The evolutionary system of techniques for knitting to exceed the velocity of older brother ... !
06-17 11:30:51.978 19335 20899 D native  : I0617 11:30:51.978520   20899 mergeddicttrans.cc:1860] The current system has NMT.
06-17 11:30:51.978 19335 20899 D native  : I0617 11:30:51.978558   20899 mergeddicttrans.cc:1866] Sentence #0: 消え失せろ!亡霊!
06-17 11:30:51.978 19335 20899 D native  : I0617 11:30:51.978597   20899 mergeddicttrans.cc:1918] To be translated by NMT.
06-17 11:30:52.006 19335 20899 I native  : I0617 11:30:52.006111   20899 mergeddicttrans.cc:1827] Sentence #0: 消え失せろ!亡霊!
06-17 11:30:52.006 19335 20899 I native  : I0617 11:30:52.006228   20899 mergeddicttrans.cc:1828] 
06-17 11:30:52.006 19335 20899 I native  : Source language: ja, target language: en
06-17 11:30:52.006 19335 20899 I native  : 
06-17 11:30:52.006 19335 20899 I native  : Has period trick: 0
06-17 11:30:52.006 19335 20899 I native  : 
06-17 11:30:52.006 19335 20899 I native  : Full translation: I will disappear! The ghost!
06-17 11:30:52.006 19335 20899 I native  : Translate Instance: 
06-17 11:30:52.006 19335 20899 I native  : Query (raw): 消え失せろ!亡霊!
06-17 11:30:52.006 19335 20899 I native  : Query (after preprocess): 消え 失せろ ! 亡霊 !
06-17 11:30:52.006 19335 20899 I native  : Query ids (after tokenizer): 1140 202 1491 1170 733 723 3 2398 2599 723 2
06-17 11:30:52.006 19335 20899 I native  : Translation ids: 63 140 3372 434 430 16 186 214 654 430 2
06-17 11:30:52.006 19335 20899 I native  : Translation (after detokenizer): I will disappear ! The ghost !
06-17 11:30:52.006 19335 20899 I native  : Alignment probability:
06-17 11:30:52.006 19335 20899 I native  : 	I	will	disappear	!	The	ghost	!
06-17 11:30:52.006 19335 20899 I native  : 消え	0.376471	0.286275	0.705882	0.176471	0.0196078	0.00392157	0
06-17 11:30:52.006 19335 20899 I native  : 失せろ	0.478431	0.545098	0.215686	0.105882	0.105882	0.00261438	0.0117647
06-17 11:30:52.006 19335 20899 I native  : !	0.027451	0.00784314	0.0117647	0.584314	0.0313726	0.00130719	0.00392157
06-17 11:30:52.006 19335 20899 I native  : 亡霊	0.0588235	0.0156863	0.00784314	0.0352941	0.796078	0.820915	0.294118
06-17 11:30:52.006 19335 20899 I native  : !	0.00392157	0.00392157	0.00392157	0.0235294	0.00784314	0.00653595	0.482353
06-17 11:30:52.006 19335 20899 I native  : Translation (before postprocess): I will disappear ! The ghost !
06-17 11:30:52.007 19335 20660 D native  : I0617 11:30:52.007727   20660 mergeddicttrans.cc:1860] The current system has NMT.
06-17 11:30:52.007 19335 20660 D native  : I0617 11:30:52.007784   20660 mergeddicttrans.cc:1866] Sentence #0: 遅速:スインガンガンガン
06-17 11:30:52.007 19335 20660 D native  : I0617 11:30:52.007815   20660 mergeddicttrans.cc:1918] To be translated by NMT.
06-17 11:30:52.029 19335 20660 I native  : I0617 11:30:52.029872   20660 mergeddicttrans.cc:1827] Sentence #0: 遅速:スインガンガンガン
06-17 11:30:52.029 19335 20660 I native  : I0617 11:30:52.029979   20660 mergeddicttrans.cc:1828] 
06-17 11:30:52.029 19335 20660 I native  : Source language: ja, target language: en
06-17 11:30:52.029 19335 20660 I native  : 
06-17 11:30:52.029 19335 20660 I native  : Has period trick: 0
06-17 11:30:52.029 19335 20660 I native  : 
06-17 11:30:52.029 19335 20660 I native  : Full translation: Slow speed: swingangan gun
06-17 11:30:52.029 19335 20660 I native  : Translate Instance: 
06-17 11:30:52.029 19335 20660 I native  : Query (raw): 遅速:スインガンガンガン
06-17 11:30:52.029 19335 20660 I native  : Query (after preprocess): 遅速 : スインガンガンガン
06-17 11:30:52.029 19335 20660 I native  : Query ids (after tokenizer): 3 1436 590 75 76 164 754 19 754 19 754 19 2
06-17 11:30:52.029 19335 20660 I native  : Translation ids: 21 1375 901 41 2032 13 783 146 3453 2
06-17 11:30:52.029 19335 20660 I native  : Translation (after detokenizer): Slow speed : swingangan gun
06-17 11:30:52.029 19335 20660 I native  : Alignment probability:
06-17 11:30:52.029 19335 20660 I native  : 	Slow	speed	:	swingangan	gun
06-17 11:30:52.029 19335 20660 I native  : 遅速	0.788235	0.776471	0.133333	0.0107843	0
06-17 11:30:52.029 19335 20660 I native  : :	0.0176471	0.168627	0.737255	0.0137255	0
06-17 11:30:52.029 19335 20660 I native  : スインガンガンガン	0.103922	0.0196078	0.0941176	0.921569	0.847059
06-17 11:30:52.029 19335 20660 I native  : Translation (before postprocess): Slow speed : swingangan gun
06-17 11:30:52.032 19335 20699 D native  : I0617 11:30:52.032602   20699 mergeddicttrans.cc:1860] The current system has NMT.
06-17 11:30:52.032 19335 20699 D native  : I0617 11:30:52.032789   20699 mergeddicttrans.cc:1866] Sentence #0: ストライカの顔合技!!!
06-17 11:30:52.032 19335 20699 D native  : I0617 11:30:52.032880   20699 mergeddicttrans.cc:1918] To be translated by NMT.
06-17 11:30:52.057 19335 20699 I native  : I0617 11:30:52.057560   20699 mergeddicttrans.cc:1827] Sentence #0: ストライカの顔合技!!!
06-17 11:30:52.057 19335 20699 I native  : I0617 11:30:52.057745   20699 mergeddicttrans.cc:1828] 
06-17 11:30:52.057 19335 20699 I native  : Source language: ja, target language: en
06-17 11:30:52.057 19335 20699 I native  : 
06-17 11:30:52.057 19335 20699 I native  : Has period trick: 0
06-17 11:30:52.057 19335 20699 I native  : 
06-17 11:30:52.057 19335 20699 I native  : Full translation: Striker's face combined !!!
06-17 11:30:52.057 19335 20699 I native  : Translate Instance: 
06-17 11:30:52.057 19335 20699 I native  : Query (raw): ストライカの顔合技!!!
06-17 11:30:52.057 19335 20699 I native  : Query (after preprocess): ストライカ の 顔 合技 !!!
06-17 11:30:52.057 19335 20699 I native  : Query ids (after tokenizer): 660 309 347 4 3 1561 455 2293 723 2312 2312 2
06-17 11:30:52.057 19335 20699 I native  : Translation ids: 1286 1374 22 158 2361 1252 367 430 3409 3409 2
06-17 11:30:52.057 19335 20699 I native  : Translation (after detokenizer): Striker 's face combined !!!
06-17 11:30:52.057 19335 20699 I native  : Alignment probability:
06-17 11:30:52.057 19335 20699 I native  : 	Striker	's	face	combined	!!!
06-17 11:30:52.057 19335 20699 I native  : ストライカ	0.704575	0.0313726	0.00784314	0	0.00130719
06-17 11:30:52.057 19335 20699 I native  : の	0.0196078	0.196078	0.0235294	0.00392157	0.00130719
06-17 11:30:52.057 19335 20699 I native  : 顔	0.0705882	0.694118	0.909804	0.00784314	0.00261438
06-17 11:30:52.057 19335 20699 I native  : 合技	0.0222222	0.0509804	0.0509804	0.872549	0.11634
06-17 11:30:52.057 19335 20699 I native  : !!!	0.0117647	0.0156863	0.00392157	0.054902	0.777778
06-17 11:30:52.057 19335 20699 I native  : Translation (before postprocess): Striker 's face combined !!!
06-17 11:30:53.026 19335 20137 I Quality : BitmapCompressInfo:1350,1920,2,90,544094531
06-17 11:30:56.274 19335 19988 I Quality : BitmapCompressInfo:1350,1920,1,100,587247813
06-17 11:30:56.301 19335 20888 D native  : I0617 11:30:56.301016   20888 mergeddicttrans.cc:1860] The current system has NMT.
06-17 11:30:56.301 19335 20888 D native  : I0617 11:30:56.301156   20888 mergeddicttrans.cc:1866] Sentence #0: 昔兄さんの速度を超えるため編みに技の進化系...!!
06-17 11:30:56.301 19335 20888 D native  : I0617 11:30:56.301298   20888 mergeddicttrans.cc:1918] To be translated by NMT.
06-17 11:30:56.356 19335 20888 I native  : I0617 11:30:56.356447   20888 mergeddicttrans.cc:1827] Sentence #0: 昔兄さんの速度を超えるため編みに技の進化系...!!
06-17 11:30:56.356 19335 20888 I native  : I0617 11:30:56.356558   20888 mergeddicttrans.cc:1828] 
06-17 11:30:56.356 19335 20888 I native  : Source language: ja, target language: en
06-17 11:30:56.356 19335 20888 I native  : 
06-17 11:30:56.356 19335 20888 I native  : Has period trick: 0
06-17 11:30:56.356 19335 20888 I native  : 
06-17 11:30:56.356 19335 20888 I native  : Full translation: The evolutionary system of techniques for knitting to exceed the velocity of older brother ...!
06-17 11:30:56.356 19335 20888 I native  : Translate Instance: 
06-17 11:30:56.356 19335 20888 I native  : Query (raw): 昔兄さんの速度を超えるため編みに技の進化系...!!
06-17 11:30:56.356 19335 20888 I native  : Query (after preprocess): 昔兄 さん の 速度 を 超える ため 編み に 技 の 進化 系 ... !!
06-17 11:30:56.356 19335 20888 I native  : Query ids (after tokenizer): 3 2788 2632 1584 4 3 590 160 7 1163 547 94 1307 189 8 2116 4 1103 285 966 1198 723 2312 2
06-17 11:30:56.356 19335 20888 I native  : Translation ids: 16 1209 1467 291 172 6 1282 2149 23 19 2563 1428 7 595 1372 3 168 103 203 226 6 1896 22 3611 983 430 2
06-17 11:30:56.356 19335 20888 I native  : Translation (after detokenizer): The evolutionary system of techniques for knitting to exceed the velocity of older brother ... !
06-17 11:30:56.356 19335 20888 I native  : Alignment probability:
06-17 11:30:56.356 19335 20888 I native  : 	The	evolutionary	system	of	techniques	for	knitting	to	exceed	the	velocity	of	older	brother	...	!
06-17 11:30:56.356 19335 20888 I native  : 昔兄	0.117647	0.0339869	0.00784314	0.00392157	0.0352941	0.0235294	0.0705882	0.109804	0.0705882	0.623529	0.144118	0.352941	0.762745	0.545098	0.137255	0.00784314
06-17 11:30:56.356 19335 20888 I native  : さん	0.00392157	0	0	0	0.00130719	0	0.00196078	0.00392157	0.00196078	0.054902	0.0245098	0.0588235	0.147059	0.196078	0.0392157	0.00392157
06-17 11:30:56.356 19335 20888 I native  : の	0	0.00130719	0.00392157	0.00392157	0	0.00784314	0	0.00392157	0.00196078	0.0117647	0.00980392	0.384314	0.00980392	0.0352941	0.0235294	0
06-17 11:30:56.356 19335 20888 I native  : 速度	0.00392157	0.00784314	0.00392157	0	0	0	0.00196078	0.0117647	0.0333333	0.156863	0.576471	0.0509804	0.00784314	0.0431373	0.00784314	0.00392157
06-17 11:30:56.356 19335 20888 I native  : を	0	0.00130719	0	0	0	0	0	0.00392157	0.0117647	0.027451	0.00882353	0.0156863	0.00196078	0.00784314	0.00392157	0
06-17 11:30:56.356 19335 20888 I native  : 超える	0.0313726	0.00653595	0.00784314	0.0196078	0.00261438	0.0588235	0.0254902	0.145098	0.739216	0.0705882	0.00980392	0.0352941	0.00392157	0.00392157	0.00784314	0.0156863
06-17 11:30:56.356 19335 20888 I native  : ため	0.113725	0.00653595	0.00392157	0.0117647	0.0130719	0.0862745	0.00980392	0.552941	0.0235294	0.0156863	0.000980392	0.00392157	0	0.00392157	0.00392157	0.0235294
06-17 11:30:56.356 19335 20888 I native  : 編み	0.0745098	0.0261438	0.0156863	0.0235294	0.0928105	0.0862745	0.854902	0.027451	0.0431373	0.0196078	0.00490196	0	0	0.00392157	0.0117647	0.00392157
06-17 11:30:56.356 19335 20888 I native  : に	0.0117647	0.0130719	0.0235294	0.254902	0.0418301	0.478431	0.00196078	0.0156863	0	0	0	0	0	0	0.0156863	0
06-17 11:30:56.356 19335 20888 I native  : 技	0.211765	0.0980392	0.145098	0.133333	0.596078	0.133333	0.00980392	0.0117647	0	0	0.000980392	0	0.00392157	0.00392157	0.0156863	0
06-17 11:30:56.356 19335 20888 I native  : の	0.00784314	0.0496732	0.117647	0.388235	0.027451	0.0196078	0	0	0	0	0	0.00784314	0	0	0.00392157	0
06-17 11:30:56.356 19335 20888 I native  : 進化	0.32549	0.521569	0.14902	0.0588235	0.0300654	0.0117647	0	0	0	0	0	0.00392157	0	0	0.00784314	0
06-17 11:30:56.356 19335 20888 I native  : 系	0.0392157	0.205229	0.517647	0.0470588	0.0183007	0.0117647	0	0.00392157	0	0	0	0	0	0	0.00392157	0
06-17 11:30:56.356 19335 20888 I native  : ...	0.0196078	0.00784314	0.00784314	0.0392157	0.0287582	0.0705882	0.00588235	0.101961	0.0117647	0.0117647	0.00588235	0.0470588	0.0176471	0.0862745	0.639216	0.0156863
06-17 11:30:56.356 19335 20888 I native  : !!	0.00392157	0	0	0.00392157	0.00392157	0.00392157	0.00196078	0.00392157	0.00588235	0	0.000980392	0	0	0	0.0509804	0.839216
06-17 11:30:56.356 19335 20888 I native  : Translation (before postprocess): The evolutionary system of techniques for knitting to exceed the velocity of older brother ... !
06-17 11:30:56.358 19335 20892 D native  : I0617 11:30:56.358900   20892 mergeddicttrans.cc:1860] The current system has NMT.
06-17 11:30:56.358 19335 20892 D native  : I0617 11:30:56.358975   20892 mergeddicttrans.cc:1866] Sentence #0: 消え失せろ!亡霊!
06-17 11:30:56.359 19335 20892 D native  : I0617 11:30:56.359020   20892 mergeddicttrans.cc:1918] To be translated by NMT.
06-17 11:30:56.381 19335 20892 I native  : I0617 11:30:56.381119   20892 mergeddicttrans.cc:1827] Sentence #0: 消え失せろ!亡霊!
06-17 11:30:56.381 19335 20892 I native  : I0617 11:30:56.381241   20892 mergeddicttrans.cc:1828] 
06-17 11:30:56.381 19335 20892 I native  : Source language: ja, target language: en
06-17 11:30:56.381 19335 20892 I native  : 
06-17 11:30:56.381 19335 20892 I native  : Has period trick: 0
06-17 11:30:56.381 19335 20892 I native  : 
06-17 11:30:56.381 19335 20892 I native  : Full translation: I will disappear! The ghost!
06-17 11:30:56.381 19335 20892 I native  : Translate Instance: 
06-17 11:30:56.381 19335 20892 I native  : Query (raw): 消え失せろ!亡霊!
06-17 11:30:56.381 19335 20892 I native  : Query (after preprocess): 消え 失せろ ! 亡霊 !
06-17 11:30:56.381 19335 20892 I native  : Query ids (after tokenizer): 1140 202 1491 1170 733 723 3 2398 2599 723 2
06-17 11:30:56.381 19335 20892 I native  : Translation ids: 63 140 3372 434 430 16 186 214 654 430 2
06-17 11:30:56.381 19335 20892 I native  : Translation (after detokenizer): I will disappear ! The ghost !
06-17 11:30:56.381 19335 20892 I native  : Alignment probability:
06-17 11:30:56.381 19335 20892 I native  : 	I	will	disappear	!	The	ghost	!
06-17 11:30:56.381 19335 20892 I native  : 消え	0.376471	0.286275	0.705882	0.176471	0.0196078	0.00392157	0
06-17 11:30:56.381 19335 20892 I native  : 失せろ	0.478431	0.545098	0.215686	0.105882	0.105882	0.00261438	0.0117647
06-17 11:30:56.381 19335 20892 I native  : !	0.027451	0.00784314	0.0117647	0.584314	0.0313726	0.00130719	0.00392157
06-17 11:30:56.381 19335 20892 I native  : 亡霊	0.0588235	0.0156863	0.00784314	0.0352941	0.796078	0.820915	0.294118
06-17 11:30:56.381 19335 20892 I native  : !	0.00392157	0.00392157	0.00392157	0.0235294	0.00784314	0.00653595	0.482353
06-17 11:30:56.381 19335 20892 I native  : Translation (before postprocess): I will disappear ! The ghost !
06-17 11:30:56.382 19335 20893 D native  : I0617 11:30:56.382615   20893 mergeddicttrans.cc:1860] The current system has NMT.
06-17 11:30:56.382 19335 20893 D native  : I0617 11:30:56.382682   20893 mergeddicttrans.cc:1866] Sentence #0: 遅速:スインガンガンガン
06-17 11:30:56.382 19335 20893 D native  : I0617 11:30:56.382714   20893 mergeddicttrans.cc:1918] To be translated by NMT.
06-17 11:30:56.405 19335 20893 I native  : I0617 11:30:56.405266   20893 mergeddicttrans.cc:1827] Sentence #0: 遅速:スインガンガンガン
06-17 11:30:56.405 19335 20893 I native  : I0617 11:30:56.405498   20893 mergeddicttrans.cc:1828] 
06-17 11:30:56.405 19335 20893 I native  : Source language: ja, target language: en
06-17 11:30:56.405 19335 20893 I native  : 
06-17 11:30:56.405 19335 20893 I native  : Has period trick: 0
06-17 11:30:56.405 19335 20893 I native  : 
06-17 11:30:56.405 19335 20893 I native  : Full translation: Slow speed: swingangan gun
06-17 11:30:56.405 19335 20893 I native  : Translate Instance: 
06-17 11:30:56.405 19335 20893 I native  : Query (raw): 遅速:スインガンガンガン
06-17 11:30:56.405 19335 20893 I native  : Query (after preprocess): 遅速 : スインガンガンガン
06-17 11:30:56.405 19335 20893 I native  : Query ids (after tokenizer): 3 1436 590 75 76 164 754 19 754 19 754 19 2
06-17 11:30:56.405 19335 20893 I native  : Translation ids: 21 1375 901 41 2032 13 783 146 3453 2
06-17 11:30:56.405 19335 20893 I native  : Translation (after detokenizer): Slow speed : swingangan gun
06-17 11:30:56.405 19335 20893 I native  : Alignment probability:
06-17 11:30:56.405 19335 20893 I native  : 	Slow	speed	:	swingangan	gun
06-17 11:30:56.405 19335 20893 I native  : 遅速	0.788235	0.776471	0.133333	0.0107843	0
06-17 11:30:56.405 19335 20893 I native  : :	0.0176471	0.168627	0.737255	0.0137255	0
06-17 11:30:56.405 19335 20893 I native  : スインガンガンガン	0.103922	0.0196078	0.0941176	0.921569	0.847059
06-17 11:30:56.405 19335 20893 I native  : Translation (before postprocess): Slow speed : swingangan gun
06-17 11:30:56.407 19335 20894 D native  : I0617 11:30:56.407018   20894 mergeddicttrans.cc:1860] The current system has NMT.
06-17 11:30:56.407 19335 20894 D native  : I0617 11:30:56.407083   20894 mergeddicttrans.cc:1866] Sentence #0: ストライカの顔合技!!!
06-17 11:30:56.407 19335 20894 D native  : I0617 11:30:56.407118   20894 mergeddicttrans.cc:1918] To be translated by NMT.
06-17 11:30:56.434 19335 20894 I native  : I0617 11:30:56.434281   20894 mergeddicttrans.cc:1827] Sentence #0: ストライカの顔合技!!!
06-17 11:30:56.434 19335 20894 I native  : I0617 11:30:56.434408   20894 mergeddicttrans.cc:1828] 
06-17 11:30:56.434 19335 20894 I native  : Source language: ja, target language: en
06-17 11:30:56.434 19335 20894 I native  : 
06-17 11:30:56.434 19335 20894 I native  : Has period trick: 0
06-17 11:30:56.434 19335 20894 I native  : 
06-17 11:30:56.434 19335 20894 I native  : Full translation: Striker's face combined !!!
06-17 11:30:56.434 19335 20894 I native  : Translate Instance: 
06-17 11:30:56.434 19335 20894 I native  : Query (raw): ストライカの顔合技!!!
06-17 11:30:56.434 19335 20894 I native  : Query (after preprocess): ストライカ の 顔 合技 !!!
06-17 11:30:56.434 19335 20894 I native  : Query ids (after tokenizer): 660 309 347 4 3 1561 455 2293 723 2312 2312 2
06-17 11:30:56.434 19335 20894 I native  : Translation ids: 1286 1374 22 158 2361 1252 367 430 3409 3409 2
06-17 11:30:56.434 19335 20894 I native  : Translation (after detokenizer): Striker 's face combined !!!
06-17 11:30:56.434 19335 20894 I native  : Alignment probability:
06-17 11:30:56.434 19335 20894 I native  : 	Striker	's	face	combined	!!!
06-17 11:30:56.434 19335 20894 I native  : ストライカ	0.704575	0.0313726	0.00784314	0	0.00130719
06-17 11:30:56.434 19335 20894 I native  : の	0.0196078	0.196078	0.0235294	0.00392157	0.00130719
06-17 11:30:56.434 19335 20894 I native  : 顔	0.0705882	0.694118	0.909804	0.00784314	0.00261438
06-17 11:30:56.434 19335 20894 I native  : 合技	0.0222222	0.0509804	0.0509804	0.872549	0.11634
06-17 11:30:56.434 19335 20894 I native  : !!!	0.0117647	0.0156863	0.00392157	0.054902	0.777778
06-17 11:30:56.434 19335 20894 I native  : Translation (before postprocess): Striker 's face combined !!!
06-17 11:30:57.354 19335 19988 I Quality : BitmapCompressInfo:1350,1920,2,90,529809218
06-17 11:31:00.611 19335 20150 I Quality : BitmapCompressInfo:1350,1920,1,100,560088802
06-17 11:31:00.635 19335 20898 D native  : I0617 11:31:00.635418   20898 mergeddicttrans.cc:1860] The current system has NMT.
06-17 11:31:00.635 19335 20898 D native  : I0617 11:31:00.635462   20898 mergeddicttrans.cc:1866] Sentence #0: 昔兄さんの速度を超えるため編みに技の進化系...!!
06-17 11:31:00.635 19335 20898 D native  : I0617 11:31:00.635513   20898 mergeddicttrans.cc:1918] To be translated by NMT.
06-17 11:31:00.686 19335 20898 I native  : I0617 11:31:00.686810   20898 mergeddicttrans.cc:1827] Sentence #0: 昔兄さんの速度を超えるため編みに技の進化系...!!
06-17 11:31:00.686 19335 20898 I native  : I0617 11:31:00.686916   20898 mergeddicttrans.cc:1828] 
06-17 11:31:00.686 19335 20898 I native  : Source language: ja, target language: en
06-17 11:31:00.686 19335 20898 I native  : 
06-17 11:31:00.686 19335 20898 I native  : Has period trick: 0
06-17 11:31:00.686 19335 20898 I native  : 
06-17 11:31:00.686 19335 20898 I native  : Full translation: The evolutionary system of techniques for knitting to exceed the velocity of older brother ...!
06-17 11:31:00.686 19335 20898 I native  : Translate Instance: 
06-17 11:31:00.686 19335 20898 I native  : Query (raw): 昔兄さんの速度を超えるため編みに技の進化系...!!
06-17 11:31:00.686 19335 20898 I native  : Query (after preprocess): 昔兄 さん の 速度 を 超える ため 編み に 技 の 進化 系 ... !!
06-17 11:31:00.686 19335 20898 I native  : Query ids (after tokenizer): 3 2788 2632 1584 4 3 590 160 7 1163 547 94 1307 189 8 2116 4 1103 285 966 1198 723 2312 2
06-17 11:31:00.686 19335 20898 I native  : Translation ids: 16 1209 1467 291 172 6 1282 2149 23 19 2563 1428 7 595 1372 3 168 103 203 226 6 1896 22 3611 983 430 2
06-17 11:31:00.686 19335 20898 I native  : Translation (after detokenizer): The evolutionary system of techniques for knitting to exceed the velocity of older brother ... !
06-17 11:31:00.686 19335 20898 I native  : Alignment probability:
06-17 11:31:00.686 19335 20898 I native  : 	The	evolutionary	system	of	techniques	for	knitting	to	exceed	the	velocity	of	older	brother	...	!
06-17 11:31:00.686 19335 20898 I native  : 昔兄	0.117647	0.0339869	0.00784314	0.00392157	0.0352941	0.0235294	0.0705882	0.109804	0.0705882	0.623529	0.144118	0.352941	0.762745	0.545098	0.137255	0.00784314
06-17 11:31:00.686 19335 20898 I native  : さん	0.00392157	0	0	0	0.00130719	0	0.00196078	0.00392157	0.00196078	0.054902	0.0245098	0.0588235	0.147059	0.196078	0.0392157	0.00392157
06-17 11:31:00.686 19335 20898 I native  : の	0	0.00130719	0.00392157	0.00392157	0	0.00784314	0	0.00392157	0.00196078	0.0117647	0.00980392	0.384314	0.00980392	0.0352941	0.0235294	0
06-17 11:31:00.686 19335 20898 I native  : 速度	0.00392157	0.00784314	0.00392157	0	0	0	0.00196078	0.0117647	0.0333333	0.156863	0.576471	0.0509804	0.00784314	0.0431373	0.00784314	0.00392157
06-17 11:31:00.686 19335 20898 I native  : を	0	0.00130719	0	0	0	0	0	0.00392157	0.0117647	0.027451	0.00882353	0.0156863	0.00196078	0.00784314	0.00392157	0
06-17 11:31:00.686 19335 20898 I native  : 超える	0.0313726	0.00653595	0.00784314	0.0196078	0.00261438	0.0588235	0.0254902	0.145098	0.739216	0.0705882	0.00980392	0.0352941	0.00392157	0.00392157	0.00784314	0.0156863
06-17 11:31:00.686 19335 20898 I native  : ため	0.113725	0.00653595	0.00392157	0.0117647	0.0130719	0.0862745	0.00980392	0.552941	0.0235294	0.0156863	0.000980392	0.00392157	0	0.00392157	0.00392157	0.0235294
06-17 11:31:00.686 19335 20898 I native  : 編み	0.0745098	0.0261438	0.0156863	0.0235294	0.0928105	0.0862745	0.854902	0.027451	0.0431373	0.0196078	0.00490196	0	0	0.00392157	0.0117647	0.00392157
06-17 11:31:00.686 19335 20898 I native  : に	0.0117647	0.0130719	0.0235294	0.254902	0.0418301	0.478431	0.00196078	0.0156863	0	0	0	0	0	0	0.0156863	0
06-17 11:31:00.686 19335 20898 I native  : 技	0.211765	0.0980392	0.145098	0.133333	0.596078	0.133333	0.00980392	0.0117647	0	0	0.000980392	0	0.00392157	0.00392157	0.0156863	0
06-17 11:31:00.686 19335 20898 I native  : の	0.00784314	0.0496732	0.117647	0.388235	0.027451	0.0196078	0	0	0	0	0	0.00784314	0	0	0.00392157	0
06-17 11:31:00.686 19335 20898 I native  : 進化	0.32549	0.521569	0.14902	0.0588235	0.0300654	0.0117647	0	0	0	0	0	0.00392157	0	0	0.00784314	0
06-17 11:31:00.686 19335 20898 I native  : 系	0.0392157	0.205229	0.517647	0.0470588	0.0183007	0.0117647	0	0.00392157	0	0	0	0	0	0	0.00392157	0
06-17 11:31:00.686 19335 20898 I native  : ...	0.0196078	0.00784314	0.00784314	0.0392157	0.0287582	0.0705882	0.00588235	0.101961	0.0117647	0.0117647	0.00588235	0.0470588	0.0176471	0.0862745	0.639216	0.0156863
06-17 11:31:00.686 19335 20898 I native  : !!	0.00392157	0	0	0.00392157	0.00392157	0.00392157	0.00196078	0.00392157	0.00588235	0	0.000980392	0	0	0	0.0509804	0.839216
06-17 11:31:00.686 19335 20898 I native  : Translation (before postprocess): The evolutionary system of techniques for knitting to exceed the velocity of older brother ... !
06-17 11:31:00.690 19335 20899 D native  : I0617 11:31:00.690979   20899 mergeddicttrans.cc:1860] The current system has NMT.
06-17 11:31:00.691 19335 20899 D native  : I0617 11:31:00.691045   20899 mergeddicttrans.cc:1866] Sentence #0: 消え失せろ!亡霊!
06-17 11:31:00.691 19335 20899 D native  : I0617 11:31:00.691079   20899 mergeddicttrans.cc:1918] To be translated by NMT.
06-17 11:31:00.712 19335 20899 I native  : I0617 11:31:00.712408   20899 mergeddicttrans.cc:1827] Sentence #0: 消え失せろ!亡霊!
06-17 11:31:00.712 19335 20899 I native  : I0617 11:31:00.712583   20899 mergeddicttrans.cc:1828] 
06-17 11:31:00.712 19335 20899 I native  : Source language: ja, target language: en
06-17 11:31:00.712 19335 20899 I native  : 
06-17 11:31:00.712 19335 20899 I native  : Has period trick: 0
06-17 11:31:00.712 19335 20899 I native  : 
06-17 11:31:00.712 19335 20899 I native  : Full translation: I will disappear! The ghost!
06-17 11:31:00.712 19335 20899 I native  : Translate Instance: 
06-17 11:31:00.712 19335 20899 I native  : Query (raw): 消え失せろ!亡霊!
06-17 11:31:00.712 19335 20899 I native  : Query (after preprocess): 消え 失せろ ! 亡霊 !
06-17 11:31:00.712 19335 20899 I native  : Query ids (after tokenizer): 1140 202 1491 1170 733 723 3 2398 2599 723 2
06-17 11:31:00.712 19335 20899 I native  : Translation ids: 63 140 3372 434 430 16 186 214 654 430 2
06-17 11:31:00.712 19335 20899 I native  : Translation (after detokenizer): I will disappear ! The ghost !
06-17 11:31:00.712 19335 20899 I native  : Alignment probability:
06-17 11:31:00.712 19335 20899 I native  : 	I	will	disappear	!	The	ghost	!
06-17 11:31:00.712 19335 20899 I native  : 消え	0.376471	0.286275	0.705882	0.176471	0.0196078	0.00392157	0
06-17 11:31:00.712 19335 20899 I native  : 失せろ	0.478431	0.545098	0.215686	0.105882	0.105882	0.00261438	0.0117647
06-17 11:31:00.712 19335 20899 I native  : !	0.027451	0.00784314	0.0117647	0.584314	0.0313726	0.00130719	0.00392157
06-17 11:31:00.712 19335 20899 I native  : 亡霊	0.0588235	0.0156863	0.00784314	0.0352941	0.796078	0.820915	0.294118
06-17 11:31:00.712 19335 20899 I native  : !	0.00392157	0.00392157	0.00392157	0.0235294	0.00784314	0.00653595	0.482353
06-17 11:31:00.712 19335 20899 I native  : Translation (before postprocess): I will disappear ! The ghost !
06-17 11:31:00.714 19335 20660 D native  : I0617 11:31:00.714738   20660 mergeddicttrans.cc:1860] The current system has NMT.
06-17 11:31:00.714 19335 20660 D native  : I0617 11:31:00.714822   20660 mergeddicttrans.cc:1866] Sentence #0: 遅速:スインガンガンガン
06-17 11:31:00.714 19335 20660 D native  : I0617 11:31:00.714858   20660 mergeddicttrans.cc:1918] To be translated by NMT.
06-17 11:31:00.737 19335 20660 I native  : I0617 11:31:00.737583   20660 mergeddicttrans.cc:1827] Sentence #0: 遅速:スインガンガンガン
06-17 11:31:00.737 19335 20660 I native  : I0617 11:31:00.737711   20660 mergeddicttrans.cc:1828] 
06-17 11:31:00.737 19335 20660 I native  : Source language: ja, target language: en
06-17 11:31:00.737 19335 20660 I native  : 
06-17 11:31:00.737 19335 20660 I native  : Has period trick: 0
06-17 11:31:00.737 19335 20660 I native  : 
06-17 11:31:00.737 19335 20660 I native  : Full translation: Slow speed: swingangan gun
06-17 11:31:00.737 19335 20660 I native  : Translate Instance: 
06-17 11:31:00.737 19335 20660 I native  : Query (raw): 遅速:スインガンガンガン
06-17 11:31:00.737 19335 20660 I native  : Query (after preprocess): 遅速 : スインガンガンガン
06-17 11:31:00.737 19335 20660 I native  : Query ids (after tokenizer): 3 1436 590 75 76 164 754 19 754 19 754 19 2
06-17 11:31:00.737 19335 20660 I native  : Translation ids: 21 1375 901 41 2032 13 783 146 3453 2
06-17 11:31:00.737 19335 20660 I native  : Translation (after detokenizer): Slow speed : swingangan gun
06-17 11:31:00.737 19335 20660 I native  : Alignment probability:
06-17 11:31:00.737 19335 20660 I native  : 	Slow	speed	:	swingangan	gun
06-17 11:31:00.737 19335 20660 I native  : 遅速	0.788235	0.776471	0.133333	0.0107843	0
06-17 11:31:00.737 19335 20660 I native  : :	0.0176471	0.168627	0.737255	0.0137255	0
06-17 11:31:00.737 19335 20660 I native  : スインガンガンガン	0.103922	0.0196078	0.0941176	0.921569	0.847059
06-17 11:31:00.737 19335 20660 I native  : Translation (before postprocess): Slow speed : swingangan gun
06-17 11:31:00.739 19335 20699 D native  : I0617 11:31:00.739425   20699 mergeddicttrans.cc:1860] The current system has NMT.
06-17 11:31:00.739 19335 20699 D native  : I0617 11:31:00.739751   20699 mergeddicttrans.cc:1866] Sentence #0: ストライカの顔合技!!!
06-17 11:31:00.739 19335 20699 D native  : I0617 11:31:00.739837   20699 mergeddicttrans.cc:1918] To be translated by NMT.
06-17 11:31:00.764 19335 20699 I native  : I0617 11:31:00.764314   20699 mergeddicttrans.cc:1827] Sentence #0: ストライカの顔合技!!!
06-17 11:31:00.764 19335 20699 I native  : I0617 11:31:00.764410   20699 mergeddicttrans.cc:1828] 
06-17 11:31:00.764 19335 20699 I native  : Source language: ja, target language: en
06-17 11:31:00.764 19335 20699 I native  : 
06-17 11:31:00.764 19335 20699 I native  : Has period trick: 0
06-17 11:31:00.764 19335 20699 I native  : 
06-17 11:31:00.764 19335 20699 I native  : Full translation: Striker's face combined !!!
06-17 11:31:00.764 19335 20699 I native  : Translate Instance: 
06-17 11:31:00.764 19335 20699 I native  : Query (raw): ストライカの顔合技!!!
06-17 11:31:00.764 19335 20699 I native  : Query (after preprocess): ストライカ の 顔 合技 !!!
06-17 11:31:00.764 19335 20699 I native  : Query ids (after tokenizer): 660 309 347 4 3 1561 455 2293 723 2312 2312 2
06-17 11:31:00.764 19335 20699 I native  : Translation ids: 1286 1374 22 158 2361 1252 367 430 3409 3409 2
06-17 11:31:00.764 19335 20699 I native  : Translation (after detokenizer): Striker 's face combined !!!
06-17 11:31:00.764 19335 20699 I native  : Alignment probability:
06-17 11:31:00.764 19335 20699 I native  : 	Striker	's	face	combined	!!!
06-17 11:31:00.764 19335 20699 I native  : ストライカ	0.704575	0.0313726	0.00784314	0	0.00130719
06-17 11:31:00.764 19335 20699 I native  : の	0.0196078	0.196078	0.0235294	0.00392157	0.00130719
06-17 11:31:00.764 19335 20699 I native  : 顔	0.0705882	0.694118	0.909804	0.00784314	0.00261438
06-17 11:31:00.764 19335 20699 I native  : 合技	0.0222222	0.0509804	0.0509804	0.872549	0.11634
06-17 11:31:00.764 19335 20699 I native  : !!!	0.0117647	0.0156863	0.00392157	0.054902	0.777778
06-17 11:31:00.764 19335 20699 I native  : Translation (before postprocess): Striker 's face combined !!!
06-17 11:31:01.583 19335 20135 I Quality : BitmapCompressInfo:1350,1920,2,90,519072917
06-17 11:31:04.885 19335 20135 I Quality : BitmapCompressInfo:1350,1920,1,100,610893385
06-17 11:31:04.904 19335 20888 D native  : I0617 11:31:04.903913   20888 mergeddicttrans.cc:1860] The current system has NMT.
06-17 11:31:04.904 19335 20888 D native  : I0617 11:31:04.904059   20888 mergeddicttrans.cc:1866] Sentence #0: 昔兄さんの速度を超えるため編みに技の進化系...!!
06-17 11:31:04.904 19335 20888 D native  : I0617 11:31:04.904116   20888 mergeddicttrans.cc:1918] To be translated by NMT.
06-17 11:31:04.958 19335 20888 I native  : I0617 11:31:04.958704   20888 mergeddicttrans.cc:1827] Sentence #0: 昔兄さんの速度を超えるため編みに技の進化系...!!
06-17 11:31:04.958 19335 20888 I native  : I0617 11:31:04.958810   20888 mergeddicttrans.cc:1828] 
06-17 11:31:04.958 19335 20888 I native  : Source language: ja, target language: en
06-17 11:31:04.958 19335 20888 I native  : 
06-17 11:31:04.958 19335 20888 I native  : Has period trick: 0
06-17 11:31:04.958 19335 20888 I native  : 
06-17 11:31:04.958 19335 20888 I native  : Full translation: The evolutionary system of techniques for knitting to exceed the velocity of older brother ...!
06-17 11:31:04.958 19335 20888 I native  : Translate Instance: 
06-17 11:31:04.958 19335 20888 I native  : Query (raw): 昔兄さんの速度を超えるため編みに技の進化系...!!
06-17 11:31:04.958 19335 20888 I native  : Query (after preprocess): 昔兄 さん の 速度 を 超える ため 編み に 技 の 進化 系 ... !!
06-17 11:31:04.958 19335 20888 I native  : Query ids (after tokenizer): 3 2788 2632 1584 4 3 590 160 7 1163 547 94 1307 189 8 2116 4 1103 285 966 1198 723 2312 2
06-17 11:31:04.958 19335 20888 I native  : Translation ids: 16 1209 1467 291 172 6 1282 2149 23 19 2563 1428 7 595 1372 3 168 103 203 226 6 1896 22 3611 983 430 2
06-17 11:31:04.958 19335 20888 I native  : Translation (after detokenizer): The evolutionary system of techniques for knitting to exceed the velocity of older brother ... !
06-17 11:31:04.958 19335 20888 I native  : Alignment probability:
06-17 11:31:04.958 19335 20888 I native  : 	The	evolutionary	system	of	techniques	for	knitting	to	exceed	the	velocity	of	older	brother	...	!
06-17 11:31:04.958 19335 20888 I native  : 昔兄	0.117647	0.0339869	0.00784314	0.00392157	0.0352941	0.0235294	0.0705882	0.109804	0.0705882	0.623529	0.144118	0.352941	0.762745	0.545098	0.137255	0.00784314
06-17 11:31:04.958 19335 20888 I native  : さん	0.00392157	0	0	0	0.00130719	0	0.00196078	0.00392157	0.00196078	0.054902	0.0245098	0.0588235	0.147059	0.196078	0.0392157	0.00392157
06-17 11:31:04.958 19335 20888 I native  : の	0	0.00130719	0.00392157	0.00392157	0	0.00784314	0	0.00392157	0.00196078	0.0117647	0.00980392	0.384314	0.00980392	0.0352941	0.0235294	0
06-17 11:31:04.958 19335 20888 I native  : 速度	0.00392157	0.00784314	0.00392157	0	0	0	0.00196078	0.0117647	0.0333333	0.156863	0.576471	0.0509804	0.00784314	0.0431373	0.00784314	0.00392157
06-17 11:31:04.958 19335 20888 I native  : を	0	0.00130719	0	0	0	0	0	0.00392157	0.0117647	0.027451	0.00882353	0.0156863	0.00196078	0.00784314	0.00392157	0
06-17 11:31:04.958 19335 20888 I native  : 超える	0.0313726	0.00653595	0.00784314	0.0196078	0.00261438	0.0588235	0.0254902	0.145098	0.739216	0.0705882	0.00980392	0.0352941	0.00392157	0.00392157	0.00784314	0.0156863
06-17 11:31:04.958 19335 20888 I native  : ため	0.113725	0.00653595	0.00392157	0.0117647	0.0130719	0.0862745	0.00980392	0.552941	0.0235294	0.0156863	0.000980392	0.00392157	0	0.00392157	0.00392157	0.0235294
06-17 11:31:04.958 19335 20888 I native  : 編み	0.0745098	0.0261438	0.0156863	0.0235294	0.0928105	0.0862745	0.854902	0.027451	0.0431373	0.0196078	0.00490196	0	0	0.00392157	0.0117647	0.00392157
06-17 11:31:04.958 19335 20888 I native  : に	0.0117647	0.0130719	0.0235294	0.254902	0.0418301	0.478431	0.00196078	0.0156863	0	0	0	0	0	0	0.0156863	0
06-17 11:31:04.958 19335 20888 I native  : 技	0.211765	0.0980392	0.145098	0.133333	0.596078	0.133333	0.00980392	0.0117647	0	0	0.000980392	0	0.00392157	0.00392157	0.0156863	0
06-17 11:31:04.958 19335 20888 I native  : の	0.00784314	0.0496732	0.117647	0.388235	0.027451	0.0196078	0	0	0	0	0	0.00784314	0	0	0.00392157	0
06-17 11:31:04.958 19335 20888 I native  : 進化	0.32549	0.521569	0.14902	0.0588235	0.0300654	0.0117647	0	0	0	0	0	0.00392157	0	0	0.00784314	0
06-17 11:31:04.958 19335 20888 I native  : 系	0.0392157	0.205229	0.517647	0.0470588	0.0183007	0.0117647	0	0.00392157	0	0	0	0	0	0	0.00392157	0
06-17 11:31:04.958 19335 20888 I native  : ...	0.0196078	0.00784314	0.00784314	0.0392157	0.0287582	0.0705882	0.00588235	0.101961	0.0117647	0.0117647	0.00588235	0.0470588	0.0176471	0.0862745	0.639216	0.0156863
06-17 11:31:04.958 19335 20888 I native  : !!	0.00392157	0	0	0.00392157	0.00392157	0.00392157	0.00196078	0.00392157	0.00588235	0	0.000980392	0	0	0	0.0509804	0.839216
06-17 11:31:04.958 19335 20888 I native  : Translation (before postprocess): The evolutionary system of techniques for knitting to exceed the velocity of older brother ... !
06-17 11:31:04.960 19335 20892 D native  : I0617 11:31:04.960488   20892 mergeddicttrans.cc:1860] The current system has NMT.
06-17 11:31:04.960 19335 20892 D native  : I0617 11:31:04.960560   20892 mergeddicttrans.cc:1866] Sentence #0: 消え失せろ!亡霊!
06-17 11:31:04.960 19335 20892 D native  : I0617 11:31:04.960595   20892 mergeddicttrans.cc:1918] To be translated by NMT.
06-17 11:31:04.983 19335 20892 I native  : I0617 11:31:04.983170   20892 mergeddicttrans.cc:1827] Sentence #0: 消え失せろ!亡霊!
06-17 11:31:04.983 19335 20892 I native  : I0617 11:31:04.983273   20892 mergeddicttrans.cc:1828] 
06-17 11:31:04.983 19335 20892 I native  : Source language: ja, target language: en
06-17 11:31:04.983 19335 20892 I native  : 
06-17 11:31:04.983 19335 20892 I native  : Has period trick: 0
06-17 11:31:04.983 19335 20892 I native  : 
06-17 11:31:04.983 19335 20892 I native  : Full translation: I will disappear! The ghost!
06-17 11:31:04.983 19335 20892 I native  : Translate Instance: 
06-17 11:31:04.983 19335 20892 I native  : Query (raw): 消え失せろ!亡霊!
06-17 11:31:04.983 19335 20892 I native  : Query (after preprocess): 消え 失せろ ! 亡霊 !
06-17 11:31:04.983 19335 20892 I native  : Query ids (after tokenizer): 1140 202 1491 1170 733 723 3 2398 2599 723 2
06-17 11:31:04.983 19335 20892 I native  : Translation ids: 63 140 3372 434 430 16 186 214 654 430 2
06-17 11:31:04.983 19335 20892 I native  : Translation (after detokenizer): I will disappear ! The ghost !
06-17 11:31:04.983 19335 20892 I native  : Alignment probability:
06-17 11:31:04.983 19335 20892 I native  : 	I	will	disappear	!	The	ghost	!
06-17 11:31:04.983 19335 20892 I native  : 消え	0.376471	0.286275	0.705882	0.176471	0.0196078	0.00392157	0
06-17 11:31:04.983 19335 20892 I native  : 失せろ	0.478431	0.545098	0.215686	0.105882	0.105882	0.00261438	0.0117647
06-17 11:31:04.983 19335 20892 I native  : !	0.027451	0.00784314	0.0117647	0.584314	0.0313726	0.00130719	0.00392157
06-17 11:31:04.983 19335 20892 I native  : 亡霊	0.0588235	0.0156863	0.00784314	0.0352941	0.796078	0.820915	0.294118
06-17 11:31:04.983 19335 20892 I native  : !	0.00392157	0.00392157	0.00392157	0.0235294	0.00784314	0.00653595	0.482353
06-17 11:31:04.983 19335 20892 I native  : Translation (before postprocess): I will disappear ! The ghost !
06-17 11:31:04.990 19335 20893 D native  : I0617 11:31:04.990111   20893 mergeddicttrans.cc:1860] The current system has NMT.
06-17 11:31:04.990 19335 20893 D native  : I0617 11:31:04.990150   20893 mergeddicttrans.cc:1866] Sentence #0: 遅速:スインガンガンガン
06-17 11:31:04.990 19335 20893 D native  : I0617 11:31:04.990346   20893 mergeddicttrans.cc:1918] To be translated by NMT.
06-17 11:31:05.018 19335 20893 I native  : I0617 11:31:05.018390   20893 mergeddicttrans.cc:1827] Sentence #0: 遅速:スインガンガンガン
06-17 11:31:05.018 19335 20893 I native  : I0617 11:31:05.018587   20893 mergeddicttrans.cc:1828] 
06-17 11:31:05.018 19335 20893 I native  : Source language: ja, target language: en
06-17 11:31:05.018 19335 20893 I native  : 
06-17 11:31:05.018 19335 20893 I native  : Has period trick: 0
06-17 11:31:05.018 19335 20893 I native  : 
06-17 11:31:05.018 19335 20893 I native  : Full translation: Slow speed: swingangan gun
06-17 11:31:05.018 19335 20893 I native  : Translate Instance: 
06-17 11:31:05.018 19335 20893 I native  : Query (raw): 遅速:スインガンガンガン
06-17 11:31:05.018 19335 20893 I native  : Query (after preprocess): 遅速 : スインガンガンガン
06-17 11:31:05.018 19335 20893 I native  : Query ids (after tokenizer): 3 1436 590 75 76 164 754 19 754 19 754 19 2
06-17 11:31:05.018 19335 20893 I native  : Translation ids: 21 1375 901 41 2032 13 783 146 3453 2
06-17 11:31:05.018 19335 20893 I native  : Translation (after detokenizer): Slow speed : swingangan gun
06-17 11:31:05.018 19335 20893 I native  : Alignment probability:
06-17 11:31:05.018 19335 20893 I native  : 	Slow	speed	:	swingangan	gun
06-17 11:31:05.018 19335 20893 I native  : 遅速	0.788235	0.776471	0.133333	0.0107843	0
06-17 11:31:05.018 19335 20893 I native  : :	0.0176471	0.168627	0.737255	0.0137255	0
06-17 11:31:05.018 19335 20893 I native  : スインガンガンガン	0.103922	0.0196078	0.0941176	0.921569	0.847059
06-17 11:31:05.018 19335 20893 I native  : Translation (before postprocess): Slow speed : swingangan gun
06-17 11:31:05.020 19335 20894 D native  : I0617 11:31:05.020509   20894 mergeddicttrans.cc:1860] The current system has NMT.
06-17 11:31:05.020 19335 20894 D native  : I0617 11:31:05.020606   20894 mergeddicttrans.cc:1866] Sentence #0: ストライカの顔合技!!!
06-17 11:31:05.020 19335 20894 D native  : I0617 11:31:05.020644   20894 mergeddicttrans.cc:1918] To be translated by NMT.
06-17 11:31:05.045 19335 20894 I native  : I0617 11:31:05.045227   20894 mergeddicttrans.cc:1827] Sentence #0: ストライカの顔合技!!!
06-17 11:31:05.045 19335 20894 I native  : I0617 11:31:05.045391   20894 mergeddicttrans.cc:1828] 
06-17 11:31:05.045 19335 20894 I native  : Source language: ja, target language: en
06-17 11:31:05.045 19335 20894 I native  : 
06-17 11:31:05.045 19335 20894 I native  : Has period trick: 0
06-17 11:31:05.045 19335 20894 I native  : 
06-17 11:31:05.045 19335 20894 I native  : Full translation: Striker's face combined !!!
06-17 11:31:05.045 19335 20894 I native  : Translate Instance: 
06-17 11:31:05.045 19335 20894 I native  : Query (raw): ストライカの顔合技!!!
06-17 11:31:05.045 19335 20894 I native  : Query (after preprocess): ストライカ の 顔 合技 !!!
06-17 11:31:05.045 19335 20894 I native  : Query ids (after tokenizer): 660 309 347 4 3 1561 455 2293 723 2312 2312 2
06-17 11:31:05.045 19335 20894 I native  : Translation ids: 1286 1374 22 158 2361 1252 367 430 3409 3409 2
06-17 11:31:05.045 19335 20894 I native  : Translation (after detokenizer): Striker 's face combined !!!
06-17 11:31:05.045 19335 20894 I native  : Alignment probability:
06-17 11:31:05.045 19335 20894 I native  : 	Striker	's	face	combined	!!!
06-17 11:31:05.045 19335 20894 I native  : ストライカ	0.704575	0.0313726	0.00784314	0	0.00130719
06-17 11:31:05.045 19335 20894 I native  : の	0.0196078	0.196078	0.0235294	0.00392157	0.00130719
06-17 11:31:05.045 19335 20894 I native  : 顔	0.0705882	0.694118	0.909804	0.00784314	0.00261438
06-17 11:31:05.045 19335 20894 I native  : 合技	0.0222222	0.0509804	0.0509804	0.872549	0.11634
06-17 11:31:05.045 19335 20894 I native  : !!!	0.0117647	0.0156863	0.00392157	0.054902	0.777778
06-17 11:31:05.045 19335 20894 I native  : Translation (before postprocess): Striker 's face combined !!!
06-17 11:31:05.972 19335 20508 I Quality : BitmapCompressInfo:1350,1920,2,90,548371094
06-17 11:31:07.233 19335 19607 I hiyomi.at.debug: Waiting for a blocking GC ProfileSaver
06-17 11:31:07.319 19335 19353 I hiyomi.at.debug: Background concurrent mark compact GC freed 30MB AllocSpace bytes, 217(69MB) LOS objects, 45% free,116MB(M:15MB,L:101MB)/212MB, paused 587us,2.755ms total 104.991ms
06-17 11:31:07.320 19335 19607 I hiyomi.at.debug: WaitForGcToComplete blocked ProfileSaver on Background for 87.257ms
06-17 11:31:09.188 19335 20508 I Quality : BitmapCompressInfo:1350,1920,1,100,597633125
06-17 11:31:09.222 19335 20898 D native  : I0617 11:31:09.222712   20898 mergeddicttrans.cc:1860] The current system has NMT.
06-17 11:31:09.222 19335 20898 D native  : I0617 11:31:09.222855   20898 mergeddicttrans.cc:1866] Sentence #0: 昔兄さんの速度を超えるため編みに技の進化系...!!
06-17 11:31:09.222 19335 20898 D native  : I0617 11:31:09.222909   20898 mergeddicttrans.cc:1918] To be translated by NMT.
06-17 11:31:09.276 19335 20898 I native  : I0617 11:31:09.276570   20898 mergeddicttrans.cc:1827] Sentence #0: 昔兄さんの速度を超えるため編みに技の進化系...!!
06-17 11:31:09.276 19335 20898 I native  : I0617 11:31:09.276744   20898 mergeddicttrans.cc:1828] 
06-17 11:31:09.276 19335 20898 I native  : Source language: ja, target language: en
06-17 11:31:09.276 19335 20898 I native  : 
06-17 11:31:09.276 19335 20898 I native  : Has period trick: 0
06-17 11:31:09.276 19335 20898 I native  : 
06-17 11:31:09.276 19335 20898 I native  : Full translation: The evolutionary system of techniques for knitting to exceed the velocity of older brother ...!
06-17 11:31:09.276 19335 20898 I native  : Translate Instance: 
06-17 11:31:09.276 19335 20898 I native  : Query (raw): 昔兄さんの速度を超えるため編みに技の進化系...!!
06-17 11:31:09.276 19335 20898 I native  : Query (after preprocess): 昔兄 さん の 速度 を 超える ため 編み に 技 の 進化 系 ... !!
06-17 11:31:09.276 19335 20898 I native  : Query ids (after tokenizer): 3 2788 2632 1584 4 3 590 160 7 1163 547 94 1307 189 8 2116 4 1103 285 966 1198 723 2312 2
06-17 11:31:09.276 19335 20898 I native  : Translation ids: 16 1209 1467 291 172 6 1282 2149 23 19 2563 1428 7 595 1372 3 168 103 203 226 6 1896 22 3611 983 430 2
06-17 11:31:09.276 19335 20898 I native  : Translation (after detokenizer): The evolutionary system of techniques for knitting to exceed the velocity of older brother ... !
06-17 11:31:09.276 19335 20898 I native  : Alignment probability:
06-17 11:31:09.276 19335 20898 I native  : 	The	evolutionary	system	of	techniques	for	knitting	to	exceed	the	velocity	of	older	brother	...	!
06-17 11:31:09.276 19335 20898 I native  : 昔兄	0.117647	0.0339869	0.00784314	0.00392157	0.0352941	0.0235294	0.0705882	0.109804	0.0705882	0.623529	0.144118	0.352941	0.762745	0.545098	0.137255	0.00784314
06-17 11:31:09.276 19335 20898 I native  : さん	0.00392157	0	0	0	0.00130719	0	0.00196078	0.00392157	0.00196078	0.054902	0.0245098	0.0588235	0.147059	0.196078	0.0392157	0.00392157
06-17 11:31:09.276 19335 20898 I native  : の	0	0.00130719	0.00392157	0.00392157	0	0.00784314	0	0.00392157	0.00196078	0.0117647	0.00980392	0.384314	0.00980392	0.0352941	0.0235294	0
06-17 11:31:09.276 19335 20898 I native  : 速度	0.00392157	0.00784314	0.00392157	0	0	0	0.00196078	0.0117647	0.0333333	0.156863	0.576471	0.0509804	0.00784314	0.0431373	0.00784314	0.00392157
06-17 11:31:09.276 19335 20898 I native  : を	0	0.00130719	0	0	0	0	0	0.00392157	0.0117647	0.027451	0.00882353	0.0156863	0.00196078	0.00784314	0.00392157	0
06-17 11:31:09.276 19335 20898 I native  : 超える	0.0313726	0.00653595	0.00784314	0.0196078	0.00261438	0.0588235	0.0254902	0.145098	0.739216	0.0705882	0.00980392	0.0352941	0.00392157	0.00392157	0.00784314	0.0156863
06-17 11:31:09.276 19335 20898 I native  : ため	0.113725	0.00653595	0.00392157	0.0117647	0.0130719	0.0862745	0.00980392	0.552941	0.0235294	0.0156863	0.000980392	0.00392157	0	0.00392157	0.00392157	0.0235294
06-17 11:31:09.276 19335 20898 I native  : 編み	0.0745098	0.0261438	0.0156863	0.0235294	0.0928105	0.0862745	0.854902	0.027451	0.0431373	0.0196078	0.00490196	0	0	0.00392157	0.0117647	0.00392157
06-17 11:31:09.276 19335 20898 I native  : に	0.0117647	0.0130719	0.0235294	0.254902	0.0418301	0.478431	0.00196078	0.0156863	0	0	0	0	0	0	0.0156863	0
06-17 11:31:09.276 19335 20898 I native  : 技	0.211765	0.0980392	0.145098	0.133333	0.596078	0.133333	0.00980392	0.0117647	0	0	0.000980392	0	0.00392157	0.00392157	0.0156863	0
06-17 11:31:09.276 19335 20898 I native  : の	0.00784314	0.0496732	0.117647	0.388235	0.027451	0.0196078	0	0	0	0	0	0.00784314	0	0	0.00392157	0
06-17 11:31:09.276 19335 20898 I native  : 進化	0.32549	0.521569	0.14902	0.0588235	0.0300654	0.0117647	0	0	0	0	0	0.00392157	0	0	0.00784314	0
06-17 11:31:09.276 19335 20898 I native  : 系	0.0392157	0.205229	0.517647	0.0470588	0.0183007	0.0117647	0	0.00392157	0	0	0	0	0	0	0.00392157	0
06-17 11:31:09.276 19335 20898 I native  : ...	0.0196078	0.00784314	0.00784314	0.0392157	0.0287582	0.0705882	0.00588235	0.101961	0.0117647	0.0117647	0.00588235	0.0470588	0.0176471	0.0862745	0.639216	0.0156863
06-17 11:31:09.276 19335 20898 I native  : !!	0.00392157	0	0	0.00392157	0.00392157	0.00392157	0.00196078	0.00392157	0.00588235	0	0.000980392	0	0	0	0.0509804	0.839216
06-17 11:31:09.276 19335 20898 I native  : Translation (before postprocess): The evolutionary system of techniques for knitting to exceed the velocity of older brother ... !
06-17 11:31:09.278 19335 20899 D native  : I0617 11:31:09.278701   20899 mergeddicttrans.cc:1860] The current system has NMT.
06-17 11:31:09.278 19335 20899 D native  : I0617 11:31:09.278780   20899 mergeddicttrans.cc:1866] Sentence #0: 消え失せろ!亡霊!
06-17 11:31:09.278 19335 20899 D native  : I0617 11:31:09.278824   20899 mergeddicttrans.cc:1918] To be translated by NMT.
06-17 11:31:09.301 19335 20899 I native  : I0617 11:31:09.300970   20899 mergeddicttrans.cc:1827] Sentence #0: 消え失せろ!亡霊!
06-17 11:31:09.301 19335 20899 I native  : I0617 11:31:09.301108   20899 mergeddicttrans.cc:1828] 
06-17 11:31:09.301 19335 20899 I native  : Source language: ja, target language: en
06-17 11:31:09.301 19335 20899 I native  : 
06-17 11:31:09.301 19335 20899 I native  : Has period trick: 0
06-17 11:31:09.301 19335 20899 I native  : 
06-17 11:31:09.301 19335 20899 I native  : Full translation: I will disappear! The ghost!
06-17 11:31:09.301 19335 20899 I native  : Translate Instance: 
06-17 11:31:09.301 19335 20899 I native  : Query (raw): 消え失せろ!亡霊!
06-17 11:31:09.301 19335 20899 I native  : Query (after preprocess): 消え 失せろ ! 亡霊 !
06-17 11:31:09.301 19335 20899 I native  : Query ids (after tokenizer): 1140 202 1491 1170 733 723 3 2398 2599 723 2
06-17 11:31:09.301 19335 20899 I native  : Translation ids: 63 140 3372 434 430 16 186 214 654 430 2
06-17 11:31:09.301 19335 20899 I native  : Translation (after detokenizer): I will disappear ! The ghost !
06-17 11:31:09.301 19335 20899 I native  : Alignment probability:
06-17 11:31:09.301 19335 20899 I native  : 	I	will	disappear	!	The	ghost	!
06-17 11:31:09.301 19335 20899 I native  : 消え	0.376471	0.286275	0.705882	0.176471	0.0196078	0.00392157	0
06-17 11:31:09.301 19335 20899 I native  : 失せろ	0.478431	0.545098	0.215686	0.105882	0.105882	0.00261438	0.0117647
06-17 11:31:09.301 19335 20899 I native  : !	0.027451	0.00784314	0.0117647	0.584314	0.0313726	0.00130719	0.00392157
06-17 11:31:09.301 19335 20899 I native  : 亡霊	0.0588235	0.0156863	0.00784314	0.0352941	0.796078	0.820915	0.294118
06-17 11:31:09.301 19335 20899 I native  : !	0.00392157	0.00392157	0.00392157	0.0235294	0.00784314	0.00653595	0.482353
06-17 11:31:09.301 19335 20899 I native  : Translation (before postprocess): I will disappear ! The ghost !
06-17 11:31:09.304 19335 20660 D native  : I0617 11:31:09.304287   20660 mergeddicttrans.cc:1860] The current system has NMT.
06-17 11:31:09.304 19335 20660 D native  : I0617 11:31:09.304371   20660 mergeddicttrans.cc:1866] Sentence #0: 遅速:スインガンガンガン
06-17 11:31:09.304 19335 20660 D native  : I0617 11:31:09.304405   20660 mergeddicttrans.cc:1918] To be translated by NMT.
06-17 11:31:09.329 19335 20660 I native  : I0617 11:31:09.329708   20660 mergeddicttrans.cc:1827] Sentence #0: 遅速:スインガンガンガン
06-17 11:31:09.329 19335 20660 I native  : I0617 11:31:09.329808   20660 mergeddicttrans.cc:1828] 
06-17 11:31:09.329 19335 20660 I native  : Source language: ja, target language: en
06-17 11:31:09.329 19335 20660 I native  : 
06-17 11:31:09.329 19335 20660 I native  : Has period trick: 0
06-17 11:31:09.329 19335 20660 I native  : 
06-17 11:31:09.329 19335 20660 I native  : Full translation: Slow speed: swingangan gun
06-17 11:31:09.329 19335 20660 I native  : Translate Instance: 
06-17 11:31:09.329 19335 20660 I native  : Query (raw): 遅速:スインガンガンガン
06-17 11:31:09.329 19335 20660 I native  : Query (after preprocess): 遅速 : スインガンガンガン
06-17 11:31:09.329 19335 20660 I native  : Query ids (after tokenizer): 3 1436 590 75 76 164 754 19 754 19 754 19 2
06-17 11:31:09.329 19335 20660 I native  : Translation ids: 21 1375 901 41 2032 13 783 146 3453 2
06-17 11:31:09.329 19335 20660 I native  : Translation (after detokenizer): Slow speed : swingangan gun
06-17 11:31:09.329 19335 20660 I native  : Alignment probability:
06-17 11:31:09.329 19335 20660 I native  : 	Slow	speed	:	swingangan	gun
06-17 11:31:09.329 19335 20660 I native  : 遅速	0.788235	0.776471	0.133333	0.0107843	0
06-17 11:31:09.329 19335 20660 I native  : :	0.0176471	0.168627	0.737255	0.0137255	0
06-17 11:31:09.329 19335 20660 I native  : スインガンガンガン	0.103922	0.0196078	0.0941176	0.921569	0.847059
06-17 11:31:09.329 19335 20660 I native  : Translation (before postprocess): Slow speed : swingangan gun
06-17 11:31:09.331 19335 20699 D native  : I0617 11:31:09.331484   20699 mergeddicttrans.cc:1860] The current system has NMT.
06-17 11:31:09.331 19335 20699 D native  : I0617 11:31:09.331554   20699 mergeddicttrans.cc:1866] Sentence #0: ストライカの顔合技!!!
06-17 11:31:09.331 19335 20699 D native  : I0617 11:31:09.331586   20699 mergeddicttrans.cc:1918] To be translated by NMT.
06-17 11:31:09.357 19335 20699 I native  : I0617 11:31:09.357147   20699 mergeddicttrans.cc:1827] Sentence #0: ストライカの顔合技!!!
06-17 11:31:09.357 19335 20699 I native  : I0617 11:31:09.357255   20699 mergeddicttrans.cc:1828] 
06-17 11:31:09.357 19335 20699 I native  : Source language: ja, target language: en
06-17 11:31:09.357 19335 20699 I native  : 
06-17 11:31:09.357 19335 20699 I native  : Has period trick: 0
06-17 11:31:09.357 19335 20699 I native  : 
06-17 11:31:09.357 19335 20699 I native  : Full translation: Striker's face combined !!!
06-17 11:31:09.357 19335 20699 I native  : Translate Instance: 
06-17 11:31:09.357 19335 20699 I native  : Query (raw): ストライカの顔合技!!!
06-17 11:31:09.357 19335 20699 I native  : Query (after preprocess): ストライカ の 顔 合技 !!!
06-17 11:31:09.357 19335 20699 I native  : Query ids (after tokenizer): 660 309 347 4 3 1561 455 2293 723 2312 2312 2
06-17 11:31:09.357 19335 20699 I native  : Translation ids: 1286 1374 22 158 2361 1252 367 430 3409 3409 2
06-17 11:31:09.357 19335 20699 I native  : Translation (after detokenizer): Striker 's face combined !!!
06-17 11:31:09.357 19335 20699 I native  : Alignment probability:
06-17 11:31:09.357 19335 20699 I native  : 	Striker	's	face	combined	!!!
06-17 11:31:09.357 19335 20699 I native  : ストライカ	0.704575	0.0313726	0.00784314	0	0.00130719
06-17 11:31:09.357 19335 20699 I native  : の	0.0196078	0.196078	0.0235294	0.00392157	0.00130719
06-17 11:31:09.357 19335 20699 I native  : 顔	0.0705882	0.694118	0.909804	0.00784314	0.00261438
06-17 11:31:09.357 19335 20699 I native  : 合技	0.0222222	0.0509804	0.0509804	0.872549	0.11634
06-17 11:31:09.357 19335 20699 I native  : !!!	0.0117647	0.0156863	0.00392157	0.054902	0.777778
06-17 11:31:09.357 19335 20699 I native  : Translation (before postprocess): Striker 's face combined !!!
06-17 11:31:10.332 19335 19987 I Quality : BitmapCompressInfo:1350,1920,2,90,544740260
06-17 11:31:13.622 19335 19987 I Quality : BitmapCompressInfo:1350,1920,1,100,577243594
06-17 11:31:13.652 19335 20888 D native  : I0617 11:31:13.652193   20888 mergeddicttrans.cc:1860] The current system has NMT.
06-17 11:31:13.652 19335 20888 D native  : I0617 11:31:13.652389   20888 mergeddicttrans.cc:1866] Sentence #0: 昔兄さんの速度を超えるため編みに技の進化系...!!
06-17 11:31:13.652 19335 20888 D native  : I0617 11:31:13.652462   20888 mergeddicttrans.cc:1918] To be translated by NMT.
06-17 11:31:13.711 19335 20888 I native  : I0617 11:31:13.711748   20888 mergeddicttrans.cc:1827] Sentence #0: 昔兄さんの速度を超えるため編みに技の進化系...!!
06-17 11:31:13.712 19335 20888 I native  : I0617 11:31:13.712008   20888 mergeddicttrans.cc:1828] 
06-17 11:31:13.712 19335 20888 I native  : Source language: ja, target language: en
06-17 11:31:13.712 19335 20888 I native  : 
06-17 11:31:13.712 19335 20888 I native  : Has period trick: 0
06-17 11:31:13.712 19335 20888 I native  : 
06-17 11:31:13.712 19335 20888 I native  : Full translation: The evolutionary system of techniques for knitting to exceed the velocity of older brother ...!
06-17 11:31:13.712 19335 20888 I native  : Translate Instance: 
06-17 11:31:13.712 19335 20888 I native  : Query (raw): 昔兄さんの速度を超えるため編みに技の進化系...!!
06-17 11:31:13.712 19335 20888 I native  : Query (after preprocess): 昔兄 さん の 速度 を 超える ため 編み に 技 の 進化 系 ... !!
06-17 11:31:13.712 19335 20888 I native  : Query ids (after tokenizer): 3 2788 2632 1584 4 3 590 160 7 1163 547 94 1307 189 8 2116 4 1103 285 966 1198 723 2312 2
06-17 11:31:13.712 19335 20888 I native  : Translation ids: 16 1209 1467 291 172 6 1282 2149 23 19 2563 1428 7 595 1372 3 168 103 203 226 6 1896 22 3611 983 430 2
06-17 11:31:13.712 19335 20888 I native  : Translation (after detokenizer): The evolutionary system of techniques for knitting to exceed the velocity of older brother ... !
06-17 11:31:13.712 19335 20888 I native  : Alignment probability:
06-17 11:31:13.712 19335 20888 I native  : 	The	evolutionary	system	of	techniques	for	knitting	to	exceed	the	velocity	of	older	brother	...	!
06-17 11:31:13.712 19335 20888 I native  : 昔兄	0.117647	0.0339869	0.00784314	0.00392157	0.0352941	0.0235294	0.0705882	0.109804	0.0705882	0.623529	0.144118	0.352941	0.762745	0.545098	0.137255	0.00784314
06-17 11:31:13.712 19335 20888 I native  : さん	0.00392157	0	0	0	0.00130719	0	0.00196078	0.00392157	0.00196078	0.054902	0.0245098	0.0588235	0.147059	0.196078	0.0392157	0.00392157
06-17 11:31:13.712 19335 20888 I native  : の	0	0.00130719	0.00392157	0.00392157	0	0.00784314	0	0.00392157	0.00196078	0.0117647	0.00980392	0.384314	0.00980392	0.0352941	0.0235294	0
06-17 11:31:13.712 19335 20888 I native  : 速度	0.00392157	0.00784314	0.00392157	0	0	0	0.00196078	0.0117647	0.0333333	0.156863	0.576471	0.0509804	0.00784314	0.0431373	0.00784314	0.00392157
06-17 11:31:13.712 19335 20888 I native  : を	0	0.00130719	0	0	0	0	0	0.00392157	0.0117647	0.027451	0.00882353	0.0156863	0.00196078	0.00784314	0.00392157	0
06-17 11:31:13.712 19335 20888 I native  : 超える	0.0313726	0.00653595	0.00784314	0.0196078	0.00261438	0.0588235	0.0254902	0.145098	0.739216	0.0705882	0.00980392	0.0352941	0.00392157	0.00392157	0.00784314	0.0156863
06-17 11:31:13.712 19335 20888 I native  : ため	0.113725	0.00653595	0.00392157	0.0117647	0.0130719	0.0862745	0.00980392	0.552941	0.0235294	0.0156863	0.000980392	0.00392157	0	0.00392157	0.00392157	0.0235294
06-17 11:31:13.712 19335 20888 I native  : 編み	0.0745098	0.0261438	0.0156863	0.0235294	0.0928105	0.0862745	0.854902	0.027451	0.0431373	0.0196078	0.00490196	0	0	0.00392157	0.0117647	0.00392157
06-17 11:31:13.712 19335 20888 I native  : に	0.0117647	0.0130719	0.0235294	0.254902	0.0418301	0.478431	0.00196078	0.0156863	0	0	0	0	0	0	0.0156863	0
06-17 11:31:13.712 19335 20888 I native  : 技	0.211765	0.0980392	0.145098	0.133333	0.596078	0.133333	0.00980392	0.0117647	0	0	0.000980392	0	0.00392157	0.00392157	0.0156863	0
06-17 11:31:13.712 19335 20888 I native  : の	0.00784314	0.0496732	0.117647	0.388235	0.027451	0.0196078	0	0	0	0	0	0.00784314	0	0	0.00392157	0
06-17 11:31:13.712 19335 20888 I native  : 進化	0.32549	0.521569	0.14902	0.0588235	0.0300654	0.0117647	0	0	0	0	0	0.00392157	0	0	0.00784314	0
06-17 11:31:13.712 19335 20888 I native  : 系	0.0392157	0.205229	0.517647	0.0470588	0.0183007	0.0117647	0	0.00392157	0	0	0	0	0	0	0.00392157	0
06-17 11:31:13.712 19335 20888 I native  : ...	0.0196078	0.00784314	0.00784314	0.0392157	0.0287582	0.0705882	0.00588235	0.101961	0.0117647	0.0117647	0.00588235	0.0470588	0.0176471	0.0862745	0.639216	0.0156863
06-17 11:31:13.712 19335 20888 I native  : !!	0.00392157	0	0	0.00392157	0.00392157	0.00392157	0.00196078	0.00392157	0.00588235	0	0.000980392	0	0	0	0.0509804	0.839216
06-17 11:31:13.712 19335 20888 I native  : Translation (before postprocess): The evolutionary system of techniques for knitting to exceed the velocity of older brother ... !
06-17 11:31:13.713 19335 20892 D native  : I0617 11:31:13.713847   20892 mergeddicttrans.cc:1860] The current system has NMT.
06-17 11:31:13.713 19335 20892 D native  : I0617 11:31:13.713957   20892 mergeddicttrans.cc:1866] Sentence #0: 消え失せろ!亡霊!
06-17 11:31:13.714 19335 20892 D native  : I0617 11:31:13.714001   20892 mergeddicttrans.cc:1918] To be translated by NMT.
06-17 11:31:13.738 19335 20892 I native  : I0617 11:31:13.738066   20892 mergeddicttrans.cc:1827] Sentence #0: 消え失せろ!亡霊!
06-17 11:31:13.738 19335 20892 I native  : I0617 11:31:13.738174   20892 mergeddicttrans.cc:1828] 
06-17 11:31:13.738 19335 20892 I native  : Source language: ja, target language: en
06-17 11:31:13.738 19335 20892 I native  : 
06-17 11:31:13.738 19335 20892 I native  : Has period trick: 0
06-17 11:31:13.738 19335 20892 I native  : 
06-17 11:31:13.738 19335 20892 I native  : Full translation: I will disappear! The ghost!
06-17 11:31:13.738 19335 20892 I native  : Translate Instance: 
06-17 11:31:13.738 19335 20892 I native  : Query (raw): 消え失せろ!亡霊!
06-17 11:31:13.738 19335 20892 I native  : Query (after preprocess): 消え 失せろ ! 亡霊 !
06-17 11:31:13.738 19335 20892 I native  : Query ids (after tokenizer): 1140 202 1491 1170 733 723 3 2398 2599 723 2
06-17 11:31:13.738 19335 20892 I native  : Translation ids: 63 140 3372 434 430 16 186 214 654 430 2
06-17 11:31:13.738 19335 20892 I native  : Translation (after detokenizer): I will disappear ! The ghost !
06-17 11:31:13.738 19335 20892 I native  : Alignment probability:
06-17 11:31:13.738 19335 20892 I native  : 	I	will	disappear	!	The	ghost	!
06-17 11:31:13.738 19335 20892 I native  : 消え	0.376471	0.286275	0.705882	0.176471	0.0196078	0.00392157	0
06-17 11:31:13.738 19335 20892 I native  : 失せろ	0.478431	0.545098	0.215686	0.105882	0.105882	0.00261438	0.0117647
06-17 11:31:13.738 19335 20892 I native  : !	0.027451	0.00784314	0.0117647	0.584314	0.0313726	0.00130719	0.00392157
06-17 11:31:13.738 19335 20892 I native  : 亡霊	0.0588235	0.0156863	0.00784314	0.0352941	0.796078	0.820915	0.294118
06-17 11:31:13.738 19335 20892 I native  : !	0.00392157	0.00392157	0.00392157	0.0235294	0.00784314	0.00653595	0.482353
06-17 11:31:13.738 19335 20892 I native  : Translation (before postprocess): I will disappear ! The ghost !
06-17 11:31:13.739 19335 20893 D native  : I0617 11:31:13.739418   20893 mergeddicttrans.cc:1860] The current system has NMT.
06-17 11:31:13.739 19335 20893 D native  : I0617 11:31:13.739511   20893 mergeddicttrans.cc:1866] Sentence #0: 遅速:スインガンガンガン
06-17 11:31:13.739 19335 20893 D native  : I0617 11:31:13.739546   20893 mergeddicttrans.cc:1918] To be translated by NMT.
06-17 11:31:13.766 19335 20893 I native  : I0617 11:31:13.766127   20893 mergeddicttrans.cc:1827] Sentence #0: 遅速:スインガンガンガン
06-17 11:31:13.766 19335 20893 I native  : I0617 11:31:13.766382   20893 mergeddicttrans.cc:1828] 
06-17 11:31:13.766 19335 20893 I native  : Source language: ja, target language: en
06-17 11:31:13.766 19335 20893 I native  : 
06-17 11:31:13.766 19335 20893 I native  : Has period trick: 0
06-17 11:31:13.766 19335 20893 I native  : 
06-17 11:31:13.766 19335 20893 I native  : Full translation: Slow speed: swingangan gun
06-17 11:31:13.766 19335 20893 I native  : Translate Instance: 
06-17 11:31:13.766 19335 20893 I native  : Query (raw): 遅速:スインガンガンガン
06-17 11:31:13.766 19335 20893 I native  : Query (after preprocess): 遅速 : スインガンガンガン
06-17 11:31:13.766 19335 20893 I native  : Query ids (after tokenizer): 3 1436 590 75 76 164 754 19 754 19 754 19 2
06-17 11:31:13.766 19335 20893 I native  : Translation ids: 21 1375 901 41 2032 13 783 146 3453 2
06-17 11:31:13.766 19335 20893 I native  : Translation (after detokenizer): Slow speed : swingangan gun
06-17 11:31:13.766 19335 20893 I native  : Alignment probability:
06-17 11:31:13.766 19335 20893 I native  : 	Slow	speed	:	swingangan	gun
06-17 11:31:13.766 19335 20893 I native  : 遅速	0.788235	0.776471	0.133333	0.0107843	0
06-17 11:31:13.766 19335 20893 I native  : :	0.0176471	0.168627	0.737255	0.0137255	0
06-17 11:31:13.766 19335 20893 I native  : スインガンガンガン	0.103922	0.0196078	0.0941176	0.921569	0.847059
06-17 11:31:13.766 19335 20893 I native  : Translation (before postprocess): Slow speed : swingangan gun
06-17 11:31:13.768 19335 20894 D native  : I0617 11:31:13.768391   20894 mergeddicttrans.cc:1860] The current system has NMT.
06-17 11:31:13.768 19335 20894 D native  : I0617 11:31:13.768536   20894 mergeddicttrans.cc:1866] Sentence #0: ストライカの顔合技!!!
06-17 11:31:13.768 19335 20894 D native  : I0617 11:31:13.768577   20894 mergeddicttrans.cc:1918] To be translated by NMT.
06-17 11:31:13.793 19335 20894 I native  : I0617 11:31:13.793067   20894 mergeddicttrans.cc:1827] Sentence #0: ストライカの顔合技!!!
06-17 11:31:13.793 19335 20894 I native  : I0617 11:31:13.793145   20894 mergeddicttrans.cc:1828] 
06-17 11:31:13.793 19335 20894 I native  : Source language: ja, target language: en
06-17 11:31:13.793 19335 20894 I native  : 
06-17 11:31:13.793 19335 20894 I native  : Has period trick: 0
06-17 11:31:13.793 19335 20894 I native  : 
06-17 11:31:13.793 19335 20894 I native  : Full translation: Striker's face combined !!!
06-17 11:31:13.793 19335 20894 I native  : Translate Instance: 
06-17 11:31:13.793 19335 20894 I native  : Query (raw): ストライカの顔合技!!!
06-17 11:31:13.793 19335 20894 I native  : Query (after preprocess): ストライカ の 顔 合技 !!!
06-17 11:31:13.793 19335 20894 I native  : Query ids (after tokenizer): 660 309 347 4 3 1561 455 2293 723 2312 2312 2
06-17 11:31:13.793 19335 20894 I native  : Translation ids: 1286 1374 22 158 2361 1252 367 430 3409 3409 2
06-17 11:31:13.793 19335 20894 I native  : Translation (after detokenizer): Striker 's face combined !!!
06-17 11:31:13.793 19335 20894 I native  : Alignment probability:
06-17 11:31:13.793 19335 20894 I native  : 	Striker	's	face	combined	!!!
06-17 11:31:13.793 19335 20894 I native  : ストライカ	0.704575	0.0313726	0.00784314	0	0.00130719
06-17 11:31:13.793 19335 20894 I native  : の	0.0196078	0.196078	0.0235294	0.00392157	0.00130719
06-17 11:31:13.793 19335 20894 I native  : 顔	0.0705882	0.694118	0.909804	0.00784314	0.00261438
06-17 11:31:13.793 19335 20894 I native  : 合技	0.0222222	0.0509804	0.0509804	0.872549	0.11634
06-17 11:31:13.793 19335 20894 I native  : !!!	0.0117647	0.0156863	0.00392157	0.054902	0.777778
06-17 11:31:13.793 19335 20894 I native  : Translation (before postprocess): Striker 's face combined !!!
06-17 11:31:14.717 19335 20508 I Quality : BitmapCompressInfo:1350,1920,2,90,551008385
06-17 11:31:16.597 19335 19353 I hiyomi.at.debug: Background concurrent mark compact GC freed 33MB AllocSpace bytes, 193(52MB) LOS objects, 39% free,145MB(M:19MB,L:125MB)/241MB, paused 725us,3.239ms total 100.636ms
06-17 11:31:17.859 19335 20508 I Quality : BitmapCompressInfo:1350,1920,1,100,569027083
06-17 11:31:17.892 19335 20898 D native  : I0617 11:31:17.891931   20898 mergeddicttrans.cc:1860] The current system has NMT.
06-17 11:31:17.892 19335 20898 D native  : I0617 11:31:17.892097   20898 mergeddicttrans.cc:1866] Sentence #0: 昔兄さんの速度を超えるため編みに技の進化系...!!
06-17 11:31:17.892 19335 20898 D native  : I0617 11:31:17.892160   20898 mergeddicttrans.cc:1918] To be translated by NMT.
06-17 11:31:17.947 19335 20898 I native  : I0617 11:31:17.946975   20898 mergeddicttrans.cc:1827] Sentence #0: 昔兄さんの速度を超えるため編みに技の進化系...!!
06-17 11:31:17.947 19335 20898 I native  : I0617 11:31:17.947301   20898 mergeddicttrans.cc:1828] 
06-17 11:31:17.947 19335 20898 I native  : Source language: ja, target language: en
06-17 11:31:17.947 19335 20898 I native  : 
06-17 11:31:17.947 19335 20898 I native  : Has period trick: 0
06-17 11:31:17.947 19335 20898 I native  : 
06-17 11:31:17.947 19335 20898 I native  : Full translation: The evolutionary system of techniques for knitting to exceed the velocity of older brother ...!
06-17 11:31:17.947 19335 20898 I native  : Translate Instance: 
06-17 11:31:17.947 19335 20898 I native  : Query (raw): 昔兄さんの速度を超えるため編みに技の進化系...!!
06-17 11:31:17.947 19335 20898 I native  : Query (after preprocess): 昔兄 さん の 速度 を 超える ため 編み に 技 の 進化 系 ... !!
06-17 11:31:17.947 19335 20898 I native  : Query ids (after tokenizer): 3 2788 2632 1584 4 3 590 160 7 1163 547 94 1307 189 8 2116 4 1103 285 966 1198 723 2312 2
06-17 11:31:17.947 19335 20898 I native  : Translation ids: 16 1209 1467 291 172 6 1282 2149 23 19 2563 1428 7 595 1372 3 168 103 203 226 6 1896 22 3611 983 430 2
06-17 11:31:17.947 19335 20898 I native  : Translation (after detokenizer): The evolutionary system of techniques for knitting to exceed the velocity of older brother ... !
06-17 11:31:17.947 19335 20898 I native  : Alignment probability:
06-17 11:31:17.947 19335 20898 I native  : 	The	evolutionary	system	of	techniques	for	knitting	to	exceed	the	velocity	of	older	brother	...	!
06-17 11:31:17.947 19335 20898 I native  : 昔兄	0.117647	0.0339869	0.00784314	0.00392157	0.0352941	0.0235294	0.0705882	0.109804	0.0705882	0.623529	0.144118	0.352941	0.762745	0.545098	0.137255	0.00784314
06-17 11:31:17.947 19335 20898 I native  : さん	0.00392157	0	0	0	0.00130719	0	0.00196078	0.00392157	0.00196078	0.054902	0.0245098	0.0588235	0.147059	0.196078	0.0392157	0.00392157
06-17 11:31:17.947 19335 20898 I native  : の	0	0.00130719	0.00392157	0.00392157	0	0.00784314	0	0.00392157	0.00196078	0.0117647	0.00980392	0.384314	0.00980392	0.0352941	0.0235294	0
06-17 11:31:17.947 19335 20898 I native  : 速度	0.00392157	0.00784314	0.00392157	0	0	0	0.00196078	0.0117647	0.0333333	0.156863	0.576471	0.0509804	0.00784314	0.0431373	0.00784314	0.00392157
06-17 11:31:17.947 19335 20898 I native  : を	0	0.00130719	0	0	0	0	0	0.00392157	0.0117647	0.027451	0.00882353	0.0156863	0.00196078	0.00784314	0.00392157	0
06-17 11:31:17.947 19335 20898 I native  : 超える	0.0313726	0.00653595	0.00784314	0.0196078	0.00261438	0.0588235	0.0254902	0.145098	0.739216	0.0705882	0.00980392	0.0352941	0.00392157	0.00392157	0.00784314	0.0156863
06-17 11:31:17.947 19335 20898 I native  : ため	0.113725	0.00653595	0.00392157	0.0117647	0.0130719	0.0862745	0.00980392	0.552941	0.0235294	0.0156863	0.000980392	0.00392157	0	0.00392157	0.00392157	0.0235294
06-17 11:31:17.947 19335 20898 I native  : 編み	0.0745098	0.0261438	0.0156863	0.0235294	0.0928105	0.0862745	0.854902	0.027451	0.0431373	0.0196078	0.00490196	0	0	0.00392157	0.0117647	0.00392157
06-17 11:31:17.947 19335 20898 I native  : に	0.0117647	0.0130719	0.0235294	0.254902	0.0418301	0.478431	0.00196078	0.0156863	0	0	0	0	0	0	0.0156863	0
06-17 11:31:17.947 19335 20898 I native  : 技	0.211765	0.0980392	0.145098	0.133333	0.596078	0.133333	0.00980392	0.0117647	0	0	0.000980392	0	0.00392157	0.00392157	0.0156863	0
06-17 11:31:17.947 19335 20898 I native  : の	0.00784314	0.0496732	0.117647	0.388235	0.027451	0.0196078	0	0	0	0	0	0.00784314	0	0	0.00392157	0
06-17 11:31:17.947 19335 20898 I native  : 進化	0.32549	0.521569	0.14902	0.0588235	0.0300654	0.0117647	0	0	0	0	0	0.00392157	0	0	0.00784314	0
06-17 11:31:17.947 19335 20898 I native  : 系	0.0392157	0.205229	0.517647	0.0470588	0.0183007	0.0117647	0	0.00392157	0	0	0	0	0	0	0.00392157	0
06-17 11:31:17.947 19335 20898 I native  : ...	0.0196078	0.00784314	0.00784314	0.0392157	0.0287582	0.0705882	0.00588235	0.101961	0.0117647	0.0117647	0.00588235	0.0470588	0.0176471	0.0862745	0.639216	0.0156863
06-17 11:31:17.947 19335 20898 I native  : !!	0.00392157	0	0	0.00392157	0.00392157	0.00392157	0.00196078	0.00392157	0.00588235	0	0.000980392	0	0	0	0.0509804	0.839216
06-17 11:31:17.947 19335 20898 I native  : Translation (before postprocess): The evolutionary system of techniques for knitting to exceed the velocity of older brother ... !
06-17 11:31:17.949 19335 20899 D native  : I0617 11:31:17.949561   20899 mergeddicttrans.cc:1860] The current system has NMT.
06-17 11:31:17.949 19335 20899 D native  : I0617 11:31:17.949625   20899 mergeddicttrans.cc:1866] Sentence #0: 消え失せろ!亡霊!
06-17 11:31:17.949 19335 20899 D native  : I0617 11:31:17.949669   20899 mergeddicttrans.cc:1918] To be translated by NMT.
06-17 11:31:17.971 19335 20899 I native  : I0617 11:31:17.971714   20899 mergeddicttrans.cc:1827] Sentence #0: 消え失せろ!亡霊!
06-17 11:31:17.972 19335 20899 I native  : I0617 11:31:17.972008   20899 mergeddicttrans.cc:1828] 
06-17 11:31:17.972 19335 20899 I native  : Source language: ja, target language: en
06-17 11:31:17.972 19335 20899 I native  : 
06-17 11:31:17.972 19335 20899 I native  : Has period trick: 0
06-17 11:31:17.972 19335 20899 I native  : 
06-17 11:31:17.972 19335 20899 I native  : Full translation: I will disappear! The ghost!
06-17 11:31:17.972 19335 20899 I native  : Translate Instance: 
06-17 11:31:17.972 19335 20899 I native  : Query (raw): 消え失せろ!亡霊!
06-17 11:31:17.972 19335 20899 I native  : Query (after preprocess): 消え 失せろ ! 亡霊 !
06-17 11:31:17.972 19335 20899 I native  : Query ids (after tokenizer): 1140 202 1491 1170 733 723 3 2398 2599 723 2
06-17 11:31:17.972 19335 20899 I native  : Translation ids: 63 140 3372 434 430 16 186 214 654 430 2
06-17 11:31:17.972 19335 20899 I native  : Translation (after detokenizer): I will disappear ! The ghost !
06-17 11:31:17.972 19335 20899 I native  : Alignment probability:
06-17 11:31:17.972 19335 20899 I native  : 	I	will	disappear	!	The	ghost	!
06-17 11:31:17.972 19335 20899 I native  : 消え	0.376471	0.286275	0.705882	0.176471	0.0196078	0.00392157	0
06-17 11:31:17.972 19335 20899 I native  : 失せろ	0.478431	0.545098	0.215686	0.105882	0.105882	0.00261438	0.0117647
06-17 11:31:17.972 19335 20899 I native  : !	0.027451	0.00784314	0.0117647	0.584314	0.0313726	0.00130719	0.00392157
06-17 11:31:17.972 19335 20899 I native  : 亡霊	0.0588235	0.0156863	0.00784314	0.0352941	0.796078	0.820915	0.294118
06-17 11:31:17.972 19335 20899 I native  : !	0.00392157	0.00392157	0.00392157	0.0235294	0.00784314	0.00653595	0.482353
06-17 11:31:17.972 19335 20899 I native  : Translation (before postprocess): I will disappear ! The ghost !
06-17 11:31:17.972 19335 20660 D native  : I0617 11:31:17.972790   20660 mergeddicttrans.cc:1860] The current system has NMT.
06-17 11:31:17.972 19335 20660 D native  : I0617 11:31:17.972816   20660 mergeddicttrans.cc:1866] Sentence #0: 遅速:スインガンガンガン
06-17 11:31:17.972 19335 20660 D native  : I0617 11:31:17.972844   20660 mergeddicttrans.cc:1918] To be translated by NMT.
06-17 11:31:17.995 19335 20660 I native  : I0617 11:31:17.995332   20660 mergeddicttrans.cc:1827] Sentence #0: 遅速:スインガンガンガン
06-17 11:31:17.995 19335 20660 I native  : I0617 11:31:17.995474   20660 mergeddicttrans.cc:1828] 
06-17 11:31:17.995 19335 20660 I native  : Source language: ja, target language: en
06-17 11:31:17.995 19335 20660 I native  : 
06-17 11:31:17.995 19335 20660 I native  : Has period trick: 0
06-17 11:31:17.995 19335 20660 I native  : 
06-17 11:31:17.995 19335 20660 I native  : Full translation: Slow speed: swingangan gun
06-17 11:31:17.995 19335 20660 I native  : Translate Instance: 
06-17 11:31:17.995 19335 20660 I native  : Query (raw): 遅速:スインガンガンガン
06-17 11:31:17.995 19335 20660 I native  : Query (after preprocess): 遅速 : スインガンガンガン
06-17 11:31:17.995 19335 20660 I native  : Query ids (after tokenizer): 3 1436 590 75 76 164 754 19 754 19 754 19 2
06-17 11:31:17.995 19335 20660 I native  : Translation ids: 21 1375 901 41 2032 13 783 146 3453 2
06-17 11:31:17.995 19335 20660 I native  : Translation (after detokenizer): Slow speed : swingangan gun
06-17 11:31:17.995 19335 20660 I native  : Alignment probability:
06-17 11:31:17.995 19335 20660 I native  : 	Slow	speed	:	swingangan	gun
06-17 11:31:17.995 19335 20660 I native  : 遅速	0.788235	0.776471	0.133333	0.0107843	0
06-17 11:31:17.995 19335 20660 I native  : :	0.0176471	0.168627	0.737255	0.0137255	0
06-17 11:31:17.995 19335 20660 I native  : スインガンガンガン	0.103922	0.0196078	0.0941176	0.921569	0.847059
06-17 11:31:17.995 19335 20660 I native  : Translation (before postprocess): Slow speed : swingangan gun
06-17 11:31:17.998 19335 20699 D native  : I0617 11:31:17.998284   20699 mergeddicttrans.cc:1860] The current system has NMT.
06-17 11:31:17.998 19335 20699 D native  : I0617 11:31:17.998357   20699 mergeddicttrans.cc:1866] Sentence #0: ストライカの顔合技!!!
06-17 11:31:17.998 19335 20699 D native  : I0617 11:31:17.998392   20699 mergeddicttrans.cc:1918] To be translated by NMT.
06-17 11:31:18.021 19335 20699 I native  : I0617 11:31:18.021178   20699 mergeddicttrans.cc:1827] Sentence #0: ストライカの顔合技!!!
06-17 11:31:18.021 19335 20699 I native  : I0617 11:31:18.021274   20699 mergeddicttrans.cc:1828] 
06-17 11:31:18.021 19335 20699 I native  : Source language: ja, target language: en
06-17 11:31:18.021 19335 20699 I native  : 
06-17 11:31:18.021 19335 20699 I native  : Has period trick: 0
06-17 11:31:18.021 19335 20699 I native  : 
06-17 11:31:18.021 19335 20699 I native  : Full translation: Striker's face combined !!!
06-17 11:31:18.021 19335 20699 I native  : Translate Instance: 
06-17 11:31:18.021 19335 20699 I native  : Query (raw): ストライカの顔合技!!!
06-17 11:31:18.021 19335 20699 I native  : Query (after preprocess): ストライカ の 顔 合技 !!!
06-17 11:31:18.021 19335 20699 I native  : Query ids (after tokenizer): 660 309 347 4 3 1561 455 2293 723 2312 2312 2
06-17 11:31:18.021 19335 20699 I native  : Translation ids: 1286 1374 22 158 2361 1252 367 430 3409 3409 2
06-17 11:31:18.021 19335 20699 I native  : Translation (after detokenizer): Striker 's face combined !!!
06-17 11:31:18.021 19335 20699 I native  : Alignment probability:
06-17 11:31:18.021 19335 20699 I native  : 	Striker	's	face	combined	!!!
06-17 11:31:18.021 19335 20699 I native  : ストライカ	0.704575	0.0313726	0.00784314	0	0.00130719
06-17 11:31:18.021 19335 20699 I native  : の	0.0196078	0.196078	0.0235294	0.00392157	0.00130719
06-17 11:31:18.021 19335 20699 I native  : 顔	0.0705882	0.694118	0.909804	0.00784314	0.00261438
06-17 11:31:18.021 19335 20699 I native  : 合技	0.0222222	0.0509804	0.0509804	0.872549	0.11634
06-17 11:31:18.021 19335 20699 I native  : !!!	0.0117647	0.0156863	0.00392157	0.054902	0.777778
06-17 11:31:18.021 19335 20699 I native  : Translation (before postprocess): Striker 's face combined !!!
06-17 11:31:18.936 19335 20137 I Quality : BitmapCompressInfo:1350,1920,2,90,524683802
06-17 11:31:21.050 19335 19353 I hiyomi.at.debug: Background concurrent mark compact GC freed 38MB AllocSpace bytes, 197(56MB) LOS objects, 37% free,156MB(M:22MB,L:133MB)/252MB, paused 1.417ms,3.113ms total 108.721ms
06-17 11:31:22.192 19335 20137 I Quality : BitmapCompressInfo:1350,1920,1,100,587646250
06-17 11:31:22.224 19335 20888 D native  : I0617 11:31:22.224308   20888 mergeddicttrans.cc:1860] The current system has NMT.
06-17 11:31:22.224 19335 20888 D native  : I0617 11:31:22.224501   20888 mergeddicttrans.cc:1866] Sentence #0: 昔兄さんの速度を超えるため編みに技の進化系...!!
06-17 11:31:22.224 19335 20888 D native  : I0617 11:31:22.224554   20888 mergeddicttrans.cc:1918] To be translated by NMT.
06-17 11:31:22.277 19335 20888 I native  : I0617 11:31:22.277896   20888 mergeddicttrans.cc:1827] Sentence #0: 昔兄さんの速度を超えるため編みに技の進化系...!!
06-17 11:31:22.278 19335 20888 I native  : I0617 11:31:22.278059   20888 mergeddicttrans.cc:1828] 
06-17 11:31:22.278 19335 20888 I native  : Source language: ja, target language: en
06-17 11:31:22.278 19335 20888 I native  : 
06-17 11:31:22.278 19335 20888 I native  : Has period trick: 0
06-17 11:31:22.278 19335 20888 I native  : 
06-17 11:31:22.278 19335 20888 I native  : Full translation: The evolutionary system of techniques for knitting to exceed the velocity of older brother ...!
06-17 11:31:22.278 19335 20888 I native  : Translate Instance: 
06-17 11:31:22.278 19335 20888 I native  : Query (raw): 昔兄さんの速度を超えるため編みに技の進化系...!!
06-17 11:31:22.278 19335 20888 I native  : Query (after preprocess): 昔兄 さん の 速度 を 超える ため 編み に 技 の 進化 系 ... !!
06-17 11:31:22.278 19335 20888 I native  : Query ids (after tokenizer): 3 2788 2632 1584 4 3 590 160 7 1163 547 94 1307 189 8 2116 4 1103 285 966 1198 723 2312 2
06-17 11:31:22.278 19335 20888 I native  : Translation ids: 16 1209 1467 291 172 6 1282 2149 23 19 2563 1428 7 595 1372 3 168 103 203 226 6 1896 22 3611 983 430 2
06-17 11:31:22.278 19335 20888 I native  : Translation (after detokenizer): The evolutionary system of techniques for knitting to exceed the velocity of older brother ... !
06-17 11:31:22.278 19335 20888 I native  : Alignment probability:
06-17 11:31:22.278 19335 20888 I native  : 	The	evolutionary	system	of	techniques	for	knitting	to	exceed	the	velocity	of	older	brother	...	!
06-17 11:31:22.278 19335 20888 I native  : 昔兄	0.117647	0.0339869	0.00784314	0.00392157	0.0352941	0.0235294	0.0705882	0.109804	0.0705882	0.623529	0.144118	0.352941	0.762745	0.545098	0.137255	0.00784314
06-17 11:31:22.278 19335 20888 I native  : さん	0.00392157	0	0	0	0.00130719	0	0.00196078	0.00392157	0.00196078	0.054902	0.0245098	0.0588235	0.147059	0.196078	0.0392157	0.00392157
06-17 11:31:22.278 19335 20888 I native  : の	0	0.00130719	0.00392157	0.00392157	0	0.00784314	0	0.00392157	0.00196078	0.0117647	0.00980392	0.384314	0.00980392	0.0352941	0.0235294	0
06-17 11:31:22.278 19335 20888 I native  : 速度	0.00392157	0.00784314	0.00392157	0	0	0	0.00196078	0.0117647	0.0333333	0.156863	0.576471	0.0509804	0.00784314	0.0431373	0.00784314	0.00392157
06-17 11:31:22.278 19335 20888 I native  : を	0	0.00130719	0	0	0	0	0	0.00392157	0.0117647	0.027451	0.00882353	0.0156863	0.00196078	0.00784314	0.00392157	0
06-17 11:31:22.278 19335 20888 I native  : 超える	0.0313726	0.00653595	0.00784314	0.0196078	0.00261438	0.0588235	0.0254902	0.145098	0.739216	0.0705882	0.00980392	0.0352941	0.00392157	0.00392157	0.00784314	0.0156863
06-17 11:31:22.278 19335 20888 I native  : ため	0.113725	0.00653595	0.00392157	0.0117647	0.0130719	0.0862745	0.00980392	0.552941	0.0235294	0.0156863	0.000980392	0.00392157	0	0.00392157	0.00392157	0.0235294
06-17 11:31:22.278 19335 20888 I native  : 編み	0.0745098	0.0261438	0.0156863	0.0235294	0.0928105	0.0862745	0.854902	0.027451	0.0431373	0.0196078	0.00490196	0	0	0.00392157	0.0117647	0.00392157
06-17 11:31:22.278 19335 20888 I native  : に	0.0117647	0.0130719	0.0235294	0.254902	0.0418301	0.478431	0.00196078	0.0156863	0	0	0	0	0	0	0.0156863	0
06-17 11:31:22.278 19335 20888 I native  : 技	0.211765	0.0980392	0.145098	0.133333	0.596078	0.133333	0.00980392	0.0117647	0	0	0.000980392	0	0.00392157	0.00392157	0.0156863	0
06-17 11:31:22.278 19335 20888 I native  : の	0.00784314	0.0496732	0.117647	0.388235	0.027451	0.0196078	0	0	0	0	0	0.00784314	0	0	0.00392157	0
06-17 11:31:22.278 19335 20888 I native  : 進化	0.32549	0.521569	0.14902	0.0588235	0.0300654	0.0117647	0	0	0	0	0	0.00392157	0	0	0.00784314	0
06-17 11:31:22.278 19335 20888 I native  : 系	0.0392157	0.205229	0.517647	0.0470588	0.0183007	0.0117647	0	0.00392157	0	0	0	0	0	0	0.00392157	0
06-17 11:31:22.278 19335 20888 I native  : ...	0.0196078	0.00784314	0.00784314	0.0392157	0.0287582	0.0705882	0.00588235	0.101961	0.0117647	0.0117647	0.00588235	0.0470588	0.0176471	0.0862745	0.639216	0.0156863
06-17 11:31:22.278 19335 20888 I native  : !!	0.00392157	0	0	0.00392157	0.00392157	0.00392157	0.00196078	0.00392157	0.00588235	0	0.000980392	0	0	0	0.0509804	0.839216
06-17 11:31:22.278 19335 20888 I native  : Translation (before postprocess): The evolutionary system of techniques for knitting to exceed the velocity of older brother ... !
06-17 11:31:22.280 19335 20892 D native  : I0617 11:31:22.280871   20892 mergeddicttrans.cc:1860] The current system has NMT.
06-17 11:31:22.280 19335 20892 D native  : I0617 11:31:22.280944   20892 mergeddicttrans.cc:1866] Sentence #0: 消え失せろ!亡霊!
06-17 11:31:22.280 19335 20892 D native  : I0617 11:31:22.280982   20892 mergeddicttrans.cc:1918] To be translated by NMT.
06-17 11:31:22.304 19335 20892 I native  : I0617 11:31:22.304295   20892 mergeddicttrans.cc:1827] Sentence #0: 消え失せろ!亡霊!
06-17 11:31:22.304 19335 20892 I native  : I0617 11:31:22.304394   20892 mergeddicttrans.cc:1828] 
06-17 11:31:22.304 19335 20892 I native  : Source language: ja, target language: en
06-17 11:31:22.304 19335 20892 I native  : 
06-17 11:31:22.304 19335 20892 I native  : Has period trick: 0
06-17 11:31:22.304 19335 20892 I native  : 
06-17 11:31:22.304 19335 20892 I native  : Full translation: I will disappear! The ghost!
06-17 11:31:22.304 19335 20892 I native  : Translate Instance: 
06-17 11:31:22.304 19335 20892 I native  : Query (raw): 消え失せろ!亡霊!
06-17 11:31:22.304 19335 20892 I native  : Query (after preprocess): 消え 失せろ ! 亡霊 !
06-17 11:31:22.304 19335 20892 I native  : Query ids (after tokenizer): 1140 202 1491 1170 733 723 3 2398 2599 723 2
06-17 11:31:22.304 19335 20892 I native  : Translation ids: 63 140 3372 434 430 16 186 214 654 430 2
06-17 11:31:22.304 19335 20892 I native  : Translation (after detokenizer): I will disappear ! The ghost !
06-17 11:31:22.304 19335 20892 I native  : Alignment probability:
06-17 11:31:22.304 19335 20892 I native  : 	I	will	disappear	!	The	ghost	!
06-17 11:31:22.304 19335 20892 I native  : 消え	0.376471	0.286275	0.705882	0.176471	0.0196078	0.00392157	0
06-17 11:31:22.304 19335 20892 I native  : 失せろ	0.478431	0.545098	0.215686	0.105882	0.105882	0.00261438	0.0117647
06-17 11:31:22.304 19335 20892 I native  : !	0.027451	0.00784314	0.0117647	0.584314	0.0313726	0.00130719	0.00392157
06-17 11:31:22.304 19335 20892 I native  : 亡霊	0.0588235	0.0156863	0.00784314	0.0352941	0.796078	0.820915	0.294118
06-17 11:31:22.304 19335 20892 I native  : !	0.00392157	0.00392157	0.00392157	0.0235294	0.00784314	0.00653595	0.482353
06-17 11:31:22.304 19335 20892 I native  : Translation (before postprocess): I will disappear ! The ghost !
06-17 11:31:22.309 19335 20893 D native  : I0617 11:31:22.309276   20893 mergeddicttrans.cc:1860] The current system has NMT.
06-17 11:31:22.309 19335 20893 D native  : I0617 11:31:22.309342   20893 mergeddicttrans.cc:1866] Sentence #0: 遅速:スインガンガンガン
06-17 11:31:22.309 19335 20893 D native  : I0617 11:31:22.309376   20893 mergeddicttrans.cc:1918] To be translated by NMT.
06-17 11:31:22.331 19335 20893 I native  : I0617 11:31:22.331748   20893 mergeddicttrans.cc:1827] Sentence #0: 遅速:スインガンガンガン
06-17 11:31:22.331 19335 20893 I native  : I0617 11:31:22.331841   20893 mergeddicttrans.cc:1828] 
06-17 11:31:22.331 19335 20893 I native  : Source language: ja, target language: en
06-17 11:31:22.331 19335 20893 I native  : 
06-17 11:31:22.331 19335 20893 I native  : Has period trick: 0
06-17 11:31:22.331 19335 20893 I native  : 
06-17 11:31:22.331 19335 20893 I native  : Full translation: Slow speed: swingangan gun
06-17 11:31:22.331 19335 20893 I native  : Translate Instance: 
06-17 11:31:22.331 19335 20893 I native  : Query (raw): 遅速:スインガンガンガン
06-17 11:31:22.331 19335 20893 I native  : Query (after preprocess): 遅速 : スインガンガンガン
06-17 11:31:22.331 19335 20893 I native  : Query ids (after tokenizer): 3 1436 590 75 76 164 754 19 754 19 754 19 2
06-17 11:31:22.331 19335 20893 I native  : Translation ids: 21 1375 901 41 2032 13 783 146 3453 2
06-17 11:31:22.331 19335 20893 I native  : Translation (after detokenizer): Slow speed : swingangan gun
06-17 11:31:22.331 19335 20893 I native  : Alignment probability:
06-17 11:31:22.331 19335 20893 I native  : 	Slow	speed	:	swingangan	gun
06-17 11:31:22.331 19335 20893 I native  : 遅速	0.788235	0.776471	0.133333	0.0107843	0
06-17 11:31:22.331 19335 20893 I native  : :	0.0176471	0.168627	0.737255	0.0137255	0
06-17 11:31:22.331 19335 20893 I native  : スインガンガンガン	0.103922	0.0196078	0.0941176	0.921569	0.847059
06-17 11:31:22.331 19335 20893 I native  : Translation (before postprocess): Slow speed : swingangan gun
06-17 11:31:22.333 19335 20894 D native  : I0617 11:31:22.333775   20894 mergeddicttrans.cc:1860] The current system has NMT.
06-17 11:31:22.333 19335 20894 D native  : I0617 11:31:22.333840   20894 mergeddicttrans.cc:1866] Sentence #0: ストライカの顔合技!!!
06-17 11:31:22.333 19335 20894 D native  : I0617 11:31:22.333875   20894 mergeddicttrans.cc:1918] To be translated by NMT.
06-17 11:31:22.357 19335 20894 I native  : I0617 11:31:22.357060   20894 mergeddicttrans.cc:1827] Sentence #0: ストライカの顔合技!!!
06-17 11:31:22.357 19335 20894 I native  : I0617 11:31:22.357302   20894 mergeddicttrans.cc:1828] 
06-17 11:31:22.357 19335 20894 I native  : Source language: ja, target language: en
06-17 11:31:22.357 19335 20894 I native  : 
06-17 11:31:22.357 19335 20894 I native  : Has period trick: 0
06-17 11:31:22.357 19335 20894 I native  : 
06-17 11:31:22.357 19335 20894 I native  : Full translation: Striker's face combined !!!
06-17 11:31:22.357 19335 20894 I native  : Translate Instance: 
06-17 11:31:22.357 19335 20894 I native  : Query (raw): ストライカの顔合技!!!
06-17 11:31:22.357 19335 20894 I native  : Query (after preprocess): ストライカ の 顔 合技 !!!
06-17 11:31:22.357 19335 20894 I native  : Query ids (after tokenizer): 660 309 347 4 3 1561 455 2293 723 2312 2312 2
06-17 11:31:22.357 19335 20894 I native  : Translation ids: 1286 1374 22 158 2361 1252 367 430 3409 3409 2
06-17 11:31:22.357 19335 20894 I native  : Translation (after detokenizer): Striker 's face combined !!!
06-17 11:31:22.357 19335 20894 I native  : Alignment probability:
06-17 11:31:22.357 19335 20894 I native  : 	Striker	's	face	combined	!!!
06-17 11:31:22.357 19335 20894 I native  : ストライカ	0.704575	0.0313726	0.00784314	0	0.00130719
06-17 11:31:22.357 19335 20894 I native  : の	0.0196078	0.196078	0.0235294	0.00392157	0.00130719
06-17 11:31:22.357 19335 20894 I native  : 顔	0.0705882	0.694118	0.909804	0.00784314	0.00261438
06-17 11:31:22.357 19335 20894 I native  : 合技	0.0222222	0.0509804	0.0509804	0.872549	0.11634
06-17 11:31:22.357 19335 20894 I native  : !!!	0.0117647	0.0156863	0.00392157	0.054902	0.777778
06-17 11:31:22.357 19335 20894 I native  : Translation (before postprocess): Striker 's face combined !!!
06-17 11:31:23.300 19335 20508 I Quality : BitmapCompressInfo:1350,1920,2,90,551498697
06-17 11:31:26.514 19335 20508 I Quality : BitmapCompressInfo:1350,1920,1,100,569957604
06-17 11:31:26.540 19335 20898 D native  : I0617 11:31:26.540380   20898 mergeddicttrans.cc:1860] The current system has NMT.
06-17 11:31:26.540 19335 20898 D native  : I0617 11:31:26.540609   20898 mergeddicttrans.cc:1866] Sentence #0: 昔兄さんの速度を超えるため編みに技の進化系...!!
06-17 11:31:26.540 19335 20898 D native  : I0617 11:31:26.540663   20898 mergeddicttrans.cc:1918] To be translated by NMT.
06-17 11:31:26.595 19335 20898 I native  : I0617 11:31:26.594952   20898 mergeddicttrans.cc:1827] Sentence #0: 昔兄さんの速度を超えるため編みに技の進化系...!!
06-17 11:31:26.595 19335 20898 I native  : I0617 11:31:26.595190   20898 mergeddicttrans.cc:1828] 
06-17 11:31:26.595 19335 20898 I native  : Source language: ja, target language: en
06-17 11:31:26.595 19335 20898 I native  : 
06-17 11:31:26.595 19335 20898 I native  : Has period trick: 0
06-17 11:31:26.595 19335 20898 I native  : 
06-17 11:31:26.595 19335 20898 I native  : Full translation: The evolutionary system of techniques for knitting to exceed the velocity of older brother ...!
06-17 11:31:26.595 19335 20898 I native  : Translate Instance: 
06-17 11:31:26.595 19335 20898 I native  : Query (raw): 昔兄さんの速度を超えるため編みに技の進化系...!!
06-17 11:31:26.595 19335 20898 I native  : Query (after preprocess): 昔兄 さん の 速度 を 超える ため 編み に 技 の 進化 系 ... !!
06-17 11:31:26.595 19335 20898 I native  : Query ids (after tokenizer): 3 2788 2632 1584 4 3 590 160 7 1163 547 94 1307 189 8 2116 4 1103 285 966 1198 723 2312 2
06-17 11:31:26.595 19335 20898 I native  : Translation ids: 16 1209 1467 291 172 6 1282 2149 23 19 2563 1428 7 595 1372 3 168 103 203 226 6 1896 22 3611 983 430 2
06-17 11:31:26.595 19335 20898 I native  : Translation (after detokenizer): The evolutionary system of techniques for knitting to exceed the velocity of older brother ... !
06-17 11:31:26.595 19335 20898 I native  : Alignment probability:
06-17 11:31:26.595 19335 20898 I native  : 	The	evolutionary	system	of	techniques	for	knitting	to	exceed	the	velocity	of	older	brother	...	!
06-17 11:31:26.595 19335 20898 I native  : 昔兄	0.117647	0.0339869	0.00784314	0.00392157	0.0352941	0.0235294	0.0705882	0.109804	0.0705882	0.623529	0.144118	0.352941	0.762745	0.545098	0.137255	0.00784314
06-17 11:31:26.595 19335 20898 I native  : さん	0.00392157	0	0	0	0.00130719	0	0.00196078	0.00392157	0.00196078	0.054902	0.0245098	0.0588235	0.147059	0.196078	0.0392157	0.00392157
06-17 11:31:26.595 19335 20898 I native  : の	0	0.00130719	0.00392157	0.00392157	0	0.00784314	0	0.00392157	0.00196078	0.0117647	0.00980392	0.384314	0.00980392	0.0352941	0.0235294	0
06-17 11:31:26.595 19335 20898 I native  : 速度	0.00392157	0.00784314	0.00392157	0	0	0	0.00196078	0.0117647	0.0333333	0.156863	0.576471	0.0509804	0.00784314	0.0431373	0.00784314	0.00392157
06-17 11:31:26.595 19335 20898 I native  : を	0	0.00130719	0	0	0	0	0	0.00392157	0.0117647	0.027451	0.00882353	0.0156863	0.00196078	0.00784314	0.00392157	0
06-17 11:31:26.595 19335 20898 I native  : 超える	0.0313726	0.00653595	0.00784314	0.0196078	0.00261438	0.0588235	0.0254902	0.145098	0.739216	0.0705882	0.00980392	0.0352941	0.00392157	0.00392157	0.00784314	0.0156863
06-17 11:31:26.595 19335 20898 I native  : ため	0.113725	0.00653595	0.00392157	0.0117647	0.0130719	0.0862745	0.00980392	0.552941	0.0235294	0.0156863	0.000980392	0.00392157	0	0.00392157	0.00392157	0.0235294
06-17 11:31:26.595 19335 20898 I native  : 編み	0.0745098	0.0261438	0.0156863	0.0235294	0.0928105	0.0862745	0.854902	0.027451	0.0431373	0.0196078	0.00490196	0	0	0.00392157	0.0117647	0.00392157
06-17 11:31:26.595 19335 20898 I native  : に	0.0117647	0.0130719	0.0235294	0.254902	0.0418301	0.478431	0.00196078	0.0156863	0	0	0	0	0	0	0.0156863	0
06-17 11:31:26.595 19335 20898 I native  : 技	0.211765	0.0980392	0.145098	0.133333	0.596078	0.133333	0.00980392	0.0117647	0	0	0.000980392	0	0.00392157	0.00392157	0.0156863	0
06-17 11:31:26.595 19335 20898 I native  : の	0.00784314	0.0496732	0.117647	0.388235	0.027451	0.0196078	0	0	0	0	0	0.00784314	0	0	0.00392157	0
06-17 11:31:26.595 19335 20898 I native  : 進化	0.32549	0.521569	0.14902	0.0588235	0.0300654	0.0117647	0	0	0	0	0	0.00392157	0	0	0.00784314	0
06-17 11:31:26.595 19335 20898 I native  : 系	0.0392157	0.205229	0.517647	0.0470588	0.0183007	0.0117647	0	0.00392157	0	0	0	0	0	0	0.00392157	0
06-17 11:31:26.595 19335 20898 I native  : ...	0.0196078	0.00784314	0.00784314	0.0392157	0.0287582	0.0705882	0.00588235	0.101961	0.0117647	0.0117647	0.00588235	0.0470588	0.0176471	0.0862745	0.639216	0.0156863
06-17 11:31:26.595 19335 20898 I native  : !!	0.00392157	0	0	0.00392157	0.00392157	0.00392157	0.00196078	0.00392157	0.00588235	0	0.000980392	0	0	0	0.0509804	0.839216
06-17 11:31:26.595 19335 20898 I native  : Translation (before postprocess): The evolutionary system of techniques for knitting to exceed the velocity of older brother ... !
06-17 11:31:26.597 19335 20899 D native  : I0617 11:31:26.597777   20899 mergeddicttrans.cc:1860] The current system has NMT.
06-17 11:31:26.597 19335 20899 D native  : I0617 11:31:26.597906   20899 mergeddicttrans.cc:1866] Sentence #0: 消え失せろ!亡霊!
06-17 11:31:26.597 19335 20899 D native  : I0617 11:31:26.597966   20899 mergeddicttrans.cc:1918] To be translated by NMT.
06-17 11:31:26.622 19335 20899 I native  : I0617 11:31:26.622620   20899 mergeddicttrans.cc:1827] Sentence #0: 消え失せろ!亡霊!
06-17 11:31:26.622 19335 20899 I native  : I0617 11:31:26.622750   20899 mergeddicttrans.cc:1828] 
06-17 11:31:26.622 19335 20899 I native  : Source language: ja, target language: en
06-17 11:31:26.622 19335 20899 I native  : 
06-17 11:31:26.622 19335 20899 I native  : Has period trick: 0
06-17 11:31:26.622 19335 20899 I native  : 
06-17 11:31:26.622 19335 20899 I native  : Full translation: I will disappear! The ghost!
06-17 11:31:26.622 19335 20899 I native  : Translate Instance: 
06-17 11:31:26.622 19335 20899 I native  : Query (raw): 消え失せろ!亡霊!
06-17 11:31:26.622 19335 20899 I native  : Query (after preprocess): 消え 失せろ ! 亡霊 !
06-17 11:31:26.622 19335 20899 I native  : Query ids (after tokenizer): 1140 202 1491 1170 733 723 3 2398 2599 723 2
06-17 11:31:26.622 19335 20899 I native  : Translation ids: 63 140 3372 434 430 16 186 214 654 430 2
06-17 11:31:26.622 19335 20899 I native  : Translation (after detokenizer): I will disappear ! The ghost !
06-17 11:31:26.622 19335 20899 I native  : Alignment probability:
06-17 11:31:26.622 19335 20899 I native  : 	I	will	disappear	!	The	ghost	!
06-17 11:31:26.622 19335 20899 I native  : 消え	0.376471	0.286275	0.705882	0.176471	0.0196078	0.00392157	0
06-17 11:31:26.622 19335 20899 I native  : 失せろ	0.478431	0.545098	0.215686	0.105882	0.105882	0.00261438	0.0117647
06-17 11:31:26.622 19335 20899 I native  : !	0.027451	0.00784314	0.0117647	0.584314	0.0313726	0.00130719	0.00392157
06-17 11:31:26.622 19335 20899 I native  : 亡霊	0.0588235	0.0156863	0.00784314	0.0352941	0.796078	0.820915	0.294118
06-17 11:31:26.622 19335 20899 I native  : !	0.00392157	0.00392157	0.00392157	0.0235294	0.00784314	0.00653595	0.482353
06-17 11:31:26.622 19335 20899 I native  : Translation (before postprocess): I will disappear ! The ghost !
06-17 11:31:26.624 19335 20660 D native  : I0617 11:31:26.624418   20660 mergeddicttrans.cc:1860] The current system has NMT.
06-17 11:31:26.624 19335 20660 D native  : I0617 11:31:26.624472   20660 mergeddicttrans.cc:1866] Sentence #0: 遅速:スインガンガンガン
06-17 11:31:26.624 19335 20660 D native  : I0617 11:31:26.624503   20660 mergeddicttrans.cc:1918] To be translated by NMT.
06-17 11:31:26.647 19335 20660 I native  : I0617 11:31:26.647369   20660 mergeddicttrans.cc:1827] Sentence #0: 遅速:スインガンガンガン
06-17 11:31:26.647 19335 20660 I native  : I0617 11:31:26.647482   20660 mergeddicttrans.cc:1828] 
06-17 11:31:26.647 19335 20660 I native  : Source language: ja, target language: en
06-17 11:31:26.647 19335 20660 I native  : 
06-17 11:31:26.647 19335 20660 I native  : Has period trick: 0
06-17 11:31:26.647 19335 20660 I native  : 
06-17 11:31:26.647 19335 20660 I native  : Full translation: Slow speed: swingangan gun
06-17 11:31:26.647 19335 20660 I native  : Translate Instance: 
06-17 11:31:26.647 19335 20660 I native  : Query (raw): 遅速:スインガンガンガン
06-17 11:31:26.647 19335 20660 I native  : Query (after preprocess): 遅速 : スインガンガンガン
06-17 11:31:26.647 19335 20660 I native  : Query ids (after tokenizer): 3 1436 590 75 76 164 754 19 754 19 754 19 2
06-17 11:31:26.647 19335 20660 I native  : Translation ids: 21 1375 901 41 2032 13 783 146 3453 2
06-17 11:31:26.647 19335 20660 I native  : Translation (after detokenizer): Slow speed : swingangan gun
06-17 11:31:26.647 19335 20660 I native  : Alignment probability:
06-17 11:31:26.647 19335 20660 I native  : 	Slow	speed	:	swingangan	gun
06-17 11:31:26.647 19335 20660 I native  : 遅速	0.788235	0.776471	0.133333	0.0107843	0
06-17 11:31:26.647 19335 20660 I native  : :	0.0176471	0.168627	0.737255	0.0137255	0
06-17 11:31:26.647 19335 20660 I native  : スインガンガンガン	0.103922	0.0196078	0.0941176	0.921569	0.847059
06-17 11:31:26.647 19335 20660 I native  : Translation (before postprocess): Slow speed : swingangan gun
06-17 11:31:26.648 19335 20699 D native  : I0617 11:31:26.648908   20699 mergeddicttrans.cc:1860] The current system has NMT.
06-17 11:31:26.648 19335 20699 D native  : I0617 11:31:26.648976   20699 mergeddicttrans.cc:1866] Sentence #0: ストライカの顔合技!!!
06-17 11:31:26.649 19335 20699 D native  : I0617 11:31:26.649009   20699 mergeddicttrans.cc:1918] To be translated by NMT.
06-17 11:31:26.671 19335 20699 I native  : I0617 11:31:26.671379   20699 mergeddicttrans.cc:1827] Sentence #0: ストライカの顔合技!!!
06-17 11:31:26.671 19335 20699 I native  : I0617 11:31:26.671496   20699 mergeddicttrans.cc:1828] 
06-17 11:31:26.671 19335 20699 I native  : Source language: ja, target language: en
06-17 11:31:26.671 19335 20699 I native  : 
06-17 11:31:26.671 19335 20699 I native  : Has period trick: 0
06-17 11:31:26.671 19335 20699 I native  : 
06-17 11:31:26.671 19335 20699 I native  : Full translation: Striker's face combined !!!
06-17 11:31:26.671 19335 20699 I native  : Translate Instance: 
06-17 11:31:26.671 19335 20699 I native  : Query (raw): ストライカの顔合技!!!
06-17 11:31:26.671 19335 20699 I native  : Query (after preprocess): ストライカ の 顔 合技 !!!
06-17 11:31:26.671 19335 20699 I native  : Query ids (after tokenizer): 660 309 347 4 3 1561 455 2293 723 2312 2312 2
06-17 11:31:26.671 19335 20699 I native  : Translation ids: 1286 1374 22 158 2361 1252 367 430 3409 3409 2
06-17 11:31:26.671 19335 20699 I native  : Translation (after detokenizer): Striker 's face combined !!!
06-17 11:31:26.671 19335 20699 I native  : Alignment probability:
06-17 11:31:26.671 19335 20699 I native  : 	Striker	's	face	combined	!!!
06-17 11:31:26.671 19335 20699 I native  : ストライカ	0.704575	0.0313726	0.00784314	0	0.00130719
06-17 11:31:26.671 19335 20699 I native  : の	0.0196078	0.196078	0.0235294	0.00392157	0.00130719
06-17 11:31:26.671 19335 20699 I native  : 顔	0.0705882	0.694118	0.909804	0.00784314	0.00261438
06-17 11:31:26.671 19335 20699 I native  : 合技	0.0222222	0.0509804	0.0509804	0.872549	0.11634
06-17 11:31:26.671 19335 20699 I native  : !!!	0.0117647	0.0156863	0.00392157	0.054902	0.777778
06-17 11:31:26.671 19335 20699 I native  : Translation (before postprocess): Striker 's face combined !!!
06-17 11:31:27.632 19335 20508 I Quality : BitmapCompressInfo:1350,1920,2,90,574185365
06-17 11:31:30.839 19335 20508 I Quality : BitmapCompressInfo:1350,1920,1,100,579980937
06-17 11:31:30.872 19335 20888 D native  : I0617 11:31:30.872212   20888 mergeddicttrans.cc:1860] The current system has NMT.
06-17 11:31:30.872 19335 20888 D native  : I0617 11:31:30.872336   20888 mergeddicttrans.cc:1866] Sentence #0: 昔兄さんの速度を超えるため編みに技の進化系...!!
06-17 11:31:30.872 19335 20888 D native  : I0617 11:31:30.872403   20888 mergeddicttrans.cc:1918] To be translated by NMT.
06-17 11:31:30.935 19335 20888 I native  : I0617 11:31:30.935836   20888 mergeddicttrans.cc:1827] Sentence #0: 昔兄さんの速度を超えるため編みに技の進化系...!!
06-17 11:31:30.936 19335 20888 I native  : I0617 11:31:30.936103   20888 mergeddicttrans.cc:1828] 
06-17 11:31:30.936 19335 20888 I native  : Source language: ja, target language: en
06-17 11:31:30.936 19335 20888 I native  : 
06-17 11:31:30.936 19335 20888 I native  : Has period trick: 0
06-17 11:31:30.936 19335 20888 I native  : 
06-17 11:31:30.936 19335 20888 I native  : Full translation: The evolutionary system of techniques for knitting to exceed the velocity of older brother ...!
06-17 11:31:30.936 19335 20888 I native  : Translate Instance: 
06-17 11:31:30.936 19335 20888 I native  : Query (raw): 昔兄さんの速度を超えるため編みに技の進化系...!!
06-17 11:31:30.936 19335 20888 I native  : Query (after preprocess): 昔兄 さん の 速度 を 超える ため 編み に 技 の 進化 系 ... !!
06-17 11:31:30.936 19335 20888 I native  : Query ids (after tokenizer): 3 2788 2632 1584 4 3 590 160 7 1163 547 94 1307 189 8 2116 4 1103 285 966 1198 723 2312 2
06-17 11:31:30.936 19335 20888 I native  : Translation ids: 16 1209 1467 291 172 6 1282 2149 23 19 2563 1428 7 595 1372 3 168 103 203 226 6 1896 22 3611 983 430 2
06-17 11:31:30.936 19335 20888 I native  : Translation (after detokenizer): The evolutionary system of techniques for knitting to exceed the velocity of older brother ... !
06-17 11:31:30.936 19335 20888 I native  : Alignment probability:
06-17 11:31:30.936 19335 20888 I native  : 	The	evolutionary	system	of	techniques	for	knitting	to	exceed	the	velocity	of	older	brother	...	!
06-17 11:31:30.936 19335 20888 I native  : 昔兄	0.117647	0.0339869	0.00784314	0.00392157	0.0352941	0.0235294	0.0705882	0.109804	0.0705882	0.623529	0.144118	0.352941	0.762745	0.545098	0.137255	0.00784314
06-17 11:31:30.936 19335 20888 I native  : さん	0.00392157	0	0	0	0.00130719	0	0.00196078	0.00392157	0.00196078	0.054902	0.0245098	0.0588235	0.147059	0.196078	0.0392157	0.00392157
06-17 11:31:30.936 19335 20888 I native  : の	0	0.00130719	0.00392157	0.00392157	0	0.00784314	0	0.00392157	0.00196078	0.0117647	0.00980392	0.384314	0.00980392	0.0352941	0.0235294	0
06-17 11:31:30.936 19335 20888 I native  : 速度	0.00392157	0.00784314	0.00392157	0	0	0	0.00196078	0.0117647	0.0333333	0.156863	0.576471	0.0509804	0.00784314	0.0431373	0.00784314	0.00392157
06-17 11:31:30.936 19335 20888 I native  : を	0	0.00130719	0	0	0	0	0	0.00392157	0.0117647	0.027451	0.00882353	0.0156863	0.00196078	0.00784314	0.00392157	0
06-17 11:31:30.936 19335 20888 I native  : 超える	0.0313726	0.00653595	0.00784314	0.0196078	0.00261438	0.0588235	0.0254902	0.145098	0.739216	0.0705882	0.00980392	0.0352941	0.00392157	0.00392157	0.00784314	0.0156863
06-17 11:31:30.936 19335 20888 I native  : ため	0.113725	0.00653595	0.00392157	0.0117647	0.0130719	0.0862745	0.00980392	0.552941	0.0235294	0.0156863	0.000980392	0.00392157	0	0.00392157	0.00392157	0.0235294
06-17 11:31:30.936 19335 20888 I native  : 編み	0.0745098	0.0261438	0.0156863	0.0235294	0.0928105	0.0862745	0.854902	0.027451	0.0431373	0.0196078	0.00490196	0	0	0.00392157	0.0117647	0.00392157
06-17 11:31:30.936 19335 20888 I native  : に	0.0117647	0.0130719	0.0235294	0.254902	0.0418301	0.478431	0.00196078	0.0156863	0	0	0	0	0	0	0.0156863	0
06-17 11:31:30.936 19335 20888 I native  : 技	0.211765	0.0980392	0.145098	0.133333	0.596078	0.133333	0.00980392	0.0117647	0	0	0.000980392	0	0.00392157	0.00392157	0.0156863	0
06-17 11:31:30.936 19335 20888 I native  : の	0.00784314	0.0496732	0.117647	0.388235	0.027451	0.0196078	0	0	0	0	0	0.00784314	0	0	0.00392157	0
06-17 11:31:30.936 19335 20888 I native  : 進化	0.32549	0.521569	0.14902	0.0588235	0.0300654	0.0117647	0	0	0	0	0	0.00392157	0	0	0.00784314	0
06-17 11:31:30.936 19335 20888 I native  : 系	0.0392157	0.205229	0.517647	0.0470588	0.0183007	0.0117647	0	0.00392157	0	0	0	0	0	0	0.00392157	0
06-17 11:31:30.936 19335 20888 I native  : ...	0.0196078	0.00784314	0.00784314	0.0392157	0.0287582	0.0705882	0.00588235	0.101961	0.0117647	0.0117647	0.00588235	0.0470588	0.0176471	0.0862745	0.639216	0.0156863
06-17 11:31:30.936 19335 20888 I native  : !!	0.00392157	0	0	0.00392157	0.00392157	0.00392157	0.00196078	0.00392157	0.00588235	0	0.000980392	0	0	0	0.0509804	0.839216
06-17 11:31:30.936 19335 20888 I native  : Translation (before postprocess): The evolutionary system of techniques for knitting to exceed the velocity of older brother ... !
06-17 11:31:30.939 19335 20892 D native  : I0617 11:31:30.939053   20892 mergeddicttrans.cc:1860] The current system has NMT.
06-17 11:31:30.939 19335 20892 D native  : I0617 11:31:30.939188   20892 mergeddicttrans.cc:1866] Sentence #0: 消え失せろ!亡霊!
06-17 11:31:30.939 19335 20892 D native  : I0617 11:31:30.939241   20892 mergeddicttrans.cc:1918] To be translated by NMT.
06-17 11:31:30.962 19335 20892 I native  : I0617 11:31:30.961994   20892 mergeddicttrans.cc:1827] Sentence #0: 消え失せろ!亡霊!
06-17 11:31:30.962 19335 20892 I native  : I0617 11:31:30.962110   20892 mergeddicttrans.cc:1828] 
06-17 11:31:30.962 19335 20892 I native  : Source language: ja, target language: en
06-17 11:31:30.962 19335 20892 I native  : 
06-17 11:31:30.962 19335 20892 I native  : Has period trick: 0
06-17 11:31:30.962 19335 20892 I native  : 
06-17 11:31:30.962 19335 20892 I native  : Full translation: I will disappear! The ghost!
06-17 11:31:30.962 19335 20892 I native  : Translate Instance: 
06-17 11:31:30.962 19335 20892 I native  : Query (raw): 消え失せろ!亡霊!
06-17 11:31:30.962 19335 20892 I native  : Query (after preprocess): 消え 失せろ ! 亡霊 !
06-17 11:31:30.962 19335 20892 I native  : Query ids (after tokenizer): 1140 202 1491 1170 733 723 3 2398 2599 723 2
06-17 11:31:30.962 19335 20892 I native  : Translation ids: 63 140 3372 434 430 16 186 214 654 430 2
06-17 11:31:30.962 19335 20892 I native  : Translation (after detokenizer): I will disappear ! The ghost !
06-17 11:31:30.962 19335 20892 I native  : Alignment probability:
06-17 11:31:30.962 19335 20892 I native  : 	I	will	disappear	!	The	ghost	!
06-17 11:31:30.962 19335 20892 I native  : 消え	0.376471	0.286275	0.705882	0.176471	0.0196078	0.00392157	0
06-17 11:31:30.962 19335 20892 I native  : 失せろ	0.478431	0.545098	0.215686	0.105882	0.105882	0.00261438	0.0117647
06-17 11:31:30.962 19335 20892 I native  : !	0.027451	0.00784314	0.0117647	0.584314	0.0313726	0.00130719	0.00392157
06-17 11:31:30.962 19335 20892 I native  : 亡霊	0.0588235	0.0156863	0.00784314	0.0352941	0.796078	0.820915	0.294118
06-17 11:31:30.962 19335 20892 I native  : !	0.00392157	0.00392157	0.00392157	0.0235294	0.00784314	0.00653595	0.482353
06-17 11:31:30.962 19335 20892 I native  : Translation (before postprocess): I will disappear ! The ghost !
06-17 11:31:30.963 19335 20893 D native  : I0617 11:31:30.963786   20893 mergeddicttrans.cc:1860] The current system has NMT.
06-17 11:31:30.963 19335 20893 D native  : I0617 11:31:30.963849   20893 mergeddicttrans.cc:1866] Sentence #0: 遅速:スインガンガンガン
06-17 11:31:30.963 19335 20893 D native  : I0617 11:31:30.963879   20893 mergeddicttrans.cc:1918] To be translated by NMT.
06-17 11:31:30.988 19335 20893 I native  : I0617 11:31:30.988425   20893 mergeddicttrans.cc:1827] Sentence #0: 遅速:スインガンガンガン
06-17 11:31:30.988 19335 20893 I native  : I0617 11:31:30.988562   20893 mergeddicttrans.cc:1828] 
06-17 11:31:30.988 19335 20893 I native  : Source language: ja, target language: en
06-17 11:31:30.988 19335 20893 I native  : 
06-17 11:31:30.988 19335 20893 I native  : Has period trick: 0
06-17 11:31:30.988 19335 20893 I native  : 
06-17 11:31:30.988 19335 20893 I native  : Full translation: Slow speed: swingangan gun
06-17 11:31:30.988 19335 20893 I native  : Translate Instance: 
06-17 11:31:30.988 19335 20893 I native  : Query (raw): 遅速:スインガンガンガン
06-17 11:31:30.988 19335 20893 I native  : Query (after preprocess): 遅速 : スインガンガンガン
06-17 11:31:30.988 19335 20893 I native  : Query ids (after tokenizer): 3 1436 590 75 76 164 754 19 754 19 754 19 2
06-17 11:31:30.988 19335 20893 I native  : Translation ids: 21 1375 901 41 2032 13 783 146 3453 2
06-17 11:31:30.988 19335 20893 I native  : Translation (after detokenizer): Slow speed : swingangan gun
06-17 11:31:30.988 19335 20893 I native  : Alignment probability:
06-17 11:31:30.988 19335 20893 I native  : 	Slow	speed	:	swingangan	gun
06-17 11:31:30.988 19335 20893 I native  : 遅速	0.788235	0.776471	0.133333	0.0107843	0
06-17 11:31:30.988 19335 20893 I native  : :	0.0176471	0.168627	0.737255	0.0137255	0
06-17 11:31:30.988 19335 20893 I native  : スインガンガンガン	0.103922	0.0196078	0.0941176	0.921569	0.847059
06-17 11:31:30.988 19335 20893 I native  : Translation (before postprocess): Slow speed : swingangan gun
06-17 11:31:30.990 19335 20894 D native  : I0617 11:31:30.990424   20894 mergeddicttrans.cc:1860] The current system has NMT.
06-17 11:31:30.990 19335 20894 D native  : I0617 11:31:30.990493   20894 mergeddicttrans.cc:1866] Sentence #0: ストライカの顔合技!!!
06-17 11:31:30.990 19335 20894 D native  : I0617 11:31:30.990528   20894 mergeddicttrans.cc:1918] To be translated by NMT.
06-17 11:31:31.016 19335 20894 I native  : I0617 11:31:31.016931   20894 mergeddicttrans.cc:1827] Sentence #0: ストライカの顔合技!!!
06-17 11:31:31.017 19335 20894 I native  : I0617 11:31:31.017045   20894 mergeddicttrans.cc:1828] 
06-17 11:31:31.017 19335 20894 I native  : Source language: ja, target language: en
06-17 11:31:31.017 19335 20894 I native  : 
06-17 11:31:31.017 19335 20894 I native  : Has period trick: 0
06-17 11:31:31.017 19335 20894 I native  : 
06-17 11:31:31.017 19335 20894 I native  : Full translation: Striker's face combined !!!
06-17 11:31:31.017 19335 20894 I native  : Translate Instance: 
06-17 11:31:31.017 19335 20894 I native  : Query (raw): ストライカの顔合技!!!
06-17 11:31:31.017 19335 20894 I native  : Query (after preprocess): ストライカ の 顔 合技 !!!
06-17 11:31:31.017 19335 20894 I native  : Query ids (after tokenizer): 660 309 347 4 3 1561 455 2293 723 2312 2312 2
06-17 11:31:31.017 19335 20894 I native  : Translation ids: 1286 1374 22 158 2361 1252 367 430 3409 3409 2
06-17 11:31:31.017 19335 20894 I native  : Translation (after detokenizer): Striker 's face combined !!!
06-17 11:31:31.017 19335 20894 I native  : Alignment probability:
06-17 11:31:31.017 19335 20894 I native  : 	Striker	's	face	combined	!!!
06-17 11:31:31.017 19335 20894 I native  : ストライカ	0.704575	0.0313726	0.00784314	0	0.00130719
06-17 11:31:31.017 19335 20894 I native  : の	0.0196078	0.196078	0.0235294	0.00392157	0.00130719
06-17 11:31:31.017 19335 20894 I native  : 顔	0.0705882	0.694118	0.909804	0.00784314	0.00261438
06-17 11:31:31.017 19335 20894 I native  : 合技	0.0222222	0.0509804	0.0509804	0.872549	0.11634
06-17 11:31:31.017 19335 20894 I native  : !!!	0.0117647	0.0156863	0.00392157	0.054902	0.777778
06-17 11:31:31.017 19335 20894 I native  : Translation (before postprocess): Striker 's face combined !!!
06-17 11:31:31.950 19335 20137 I Quality : BitmapCompressInfo:1350,1920,2,90,536093697
06-17 11:31:35.250 19335 20137 I Quality : BitmapCompressInfo:1350,1920,1,100,579138281
06-17 11:31:35.281 19335 20898 D native  : I0617 11:31:35.281091   20898 mergeddicttrans.cc:1860] The current system has NMT.
06-17 11:31:35.281 19335 20898 D native  : I0617 11:31:35.281147   20898 mergeddicttrans.cc:1866] Sentence #0: 昔兄さんの速度を超えるため編みに技の進化系...!!
06-17 11:31:35.281 19335 20898 D native  : I0617 11:31:35.281191   20898 mergeddicttrans.cc:1918] To be translated by NMT.
06-17 11:31:35.333 19335 20898 I native  : I0617 11:31:35.333721   20898 mergeddicttrans.cc:1827] Sentence #0: 昔兄さんの速度を超えるため編みに技の進化系...!!
06-17 11:31:35.333 19335 20898 I native  : I0617 11:31:35.333841   20898 mergeddicttrans.cc:1828] 
06-17 11:31:35.333 19335 20898 I native  : Source language: ja, target language: en
06-17 11:31:35.333 19335 20898 I native  : 
06-17 11:31:35.333 19335 20898 I native  : Has period trick: 0
06-17 11:31:35.333 19335 20898 I native  : 
06-17 11:31:35.333 19335 20898 I native  : Full translation: The evolutionary system of techniques for knitting to exceed the velocity of older brother ...!
06-17 11:31:35.333 19335 20898 I native  : Translate Instance: 
06-17 11:31:35.333 19335 20898 I native  : Query (raw): 昔兄さんの速度を超えるため編みに技の進化系...!!
06-17 11:31:35.333 19335 20898 I native  : Query (after preprocess): 昔兄 さん の 速度 を 超える ため 編み に 技 の 進化 系 ... !!
06-17 11:31:35.333 19335 20898 I native  : Query ids (after tokenizer): 3 2788 2632 1584 4 3 590 160 7 1163 547 94 1307 189 8 2116 4 1103 285 966 1198 723 2312 2
06-17 11:31:35.333 19335 20898 I native  : Translation ids: 16 1209 1467 291 172 6 1282 2149 23 19 2563 1428 7 595 1372 3 168 103 203 226 6 1896 22 3611 983 430 2
06-17 11:31:35.333 19335 20898 I native  : Translation (after detokenizer): The evolutionary system of techniques for knitting to exceed the velocity of older brother ... !
06-17 11:31:35.333 19335 20898 I native  : Alignment probability:
06-17 11:31:35.333 19335 20898 I native  : 	The	evolutionary	system	of	techniques	for	knitting	to	exceed	the	velocity	of	older	brother	...	!
06-17 11:31:35.333 19335 20898 I native  : 昔兄	0.117647	0.0339869	0.00784314	0.00392157	0.0352941	0.0235294	0.0705882	0.109804	0.0705882	0.623529	0.144118	0.352941	0.762745	0.545098	0.137255	0.00784314
06-17 11:31:35.333 19335 20898 I native  : さん	0.00392157	0	0	0	0.00130719	0	0.00196078	0.00392157	0.00196078	0.054902	0.0245098	0.0588235	0.147059	0.196078	0.0392157	0.00392157
06-17 11:31:35.333 19335 20898 I native  : の	0	0.00130719	0.00392157	0.00392157	0	0.00784314	0	0.00392157	0.00196078	0.0117647	0.00980392	0.384314	0.00980392	0.0352941	0.0235294	0
06-17 11:31:35.333 19335 20898 I native  : 速度	0.00392157	0.00784314	0.00392157	0	0	0	0.00196078	0.0117647	0.0333333	0.156863	0.576471	0.0509804	0.00784314	0.0431373	0.00784314	0.00392157
06-17 11:31:35.333 19335 20898 I native  : を	0	0.00130719	0	0	0	0	0	0.00392157	0.0117647	0.027451	0.00882353	0.0156863	0.00196078	0.00784314	0.00392157	0
06-17 11:31:35.333 19335 20898 I native  : 超える	0.0313726	0.00653595	0.00784314	0.0196078	0.00261438	0.0588235	0.0254902	0.145098	0.739216	0.0705882	0.00980392	0.0352941	0.00392157	0.00392157	0.00784314	0.0156863
06-17 11:31:35.333 19335 20898 I native  : ため	0.113725	0.00653595	0.00392157	0.0117647	0.0130719	0.0862745	0.00980392	0.552941	0.0235294	0.0156863	0.000980392	0.00392157	0	0.00392157	0.00392157	0.0235294
06-17 11:31:35.333 19335 20898 I native  : 編み	0.0745098	0.0261438	0.0156863	0.0235294	0.0928105	0.0862745	0.854902	0.027451	0.0431373	0.0196078	0.00490196	0	0	0.00392157	0.0117647	0.00392157
06-17 11:31:35.333 19335 20898 I native  : に	0.0117647	0.0130719	0.0235294	0.254902	0.0418301	0.478431	0.00196078	0.0156863	0	0	0	0	0	0	0.0156863	0
06-17 11:31:35.333 19335 20898 I native  : 技	0.211765	0.0980392	0.145098	0.133333	0.596078	0.133333	0.00980392	0.0117647	0	0	0.000980392	0	0.00392157	0.00392157	0.0156863	0
06-17 11:31:35.333 19335 20898 I native  : の	0.00784314	0.0496732	0.117647	0.388235	0.027451	0.0196078	0	0	0	0	0	0.00784314	0	0	0.00392157	0
06-17 11:31:35.333 19335 20898 I native  : 進化	0.32549	0.521569	0.14902	0.0588235	0.0300654	0.0117647	0	0	0	0	0	0.00392157	0	0	0.00784314	0
06-17 11:31:35.333 19335 20898 I native  : 系	0.0392157	0.205229	0.517647	0.0470588	0.0183007	0.0117647	0	0.00392157	0	0	0	0	0	0	0.00392157	0
06-17 11:31:35.333 19335 20898 I native  : ...	0.0196078	0.00784314	0.00784314	0.0392157	0.0287582	0.0705882	0.00588235	0.101961	0.0117647	0.0117647	0.00588235	0.0470588	0.0176471	0.0862745	0.639216	0.0156863
06-17 11:31:35.333 19335 20898 I native  : !!	0.00392157	0	0	0.00392157	0.00392157	0.00392157	0.00196078	0.00392157	0.00588235	0	0.000980392	0	0	0	0.0509804	0.839216
06-17 11:31:35.333 19335 20898 I native  : Translation (before postprocess): The evolutionary system of techniques for knitting to exceed the velocity of older brother ... !
06-17 11:31:35.339 19335 20899 D native  : I0617 11:31:35.339264   20899 mergeddicttrans.cc:1860] The current system has NMT.
06-17 11:31:35.339 19335 20899 D native  : I0617 11:31:35.339335   20899 mergeddicttrans.cc:1866] Sentence #0: 消え失せろ!亡霊!
06-17 11:31:35.339 19335 20899 D native  : I0617 11:31:35.339376   20899 mergeddicttrans.cc:1918] To be translated by NMT.
06-17 11:31:35.363 19335 20899 I native  : I0617 11:31:35.363517   20899 mergeddicttrans.cc:1827] Sentence #0: 消え失せろ!亡霊!
06-17 11:31:35.363 19335 20899 I native  : I0617 11:31:35.363623   20899 mergeddicttrans.cc:1828] 
06-17 11:31:35.363 19335 20899 I native  : Source language: ja, target language: en
06-17 11:31:35.363 19335 20899 I native  : 
06-17 11:31:35.363 19335 20899 I native  : Has period trick: 0
06-17 11:31:35.363 19335 20899 I native  : 
06-17 11:31:35.363 19335 20899 I native  : Full translation: I will disappear! The ghost!
06-17 11:31:35.363 19335 20899 I native  : Translate Instance: 
06-17 11:31:35.363 19335 20899 I native  : Query (raw): 消え失せろ!亡霊!
06-17 11:31:35.363 19335 20899 I native  : Query (after preprocess): 消え 失せろ ! 亡霊 !
06-17 11:31:35.363 19335 20899 I native  : Query ids (after tokenizer): 1140 202 1491 1170 733 723 3 2398 2599 723 2
06-17 11:31:35.363 19335 20899 I native  : Translation ids: 63 140 3372 434 430 16 186 214 654 430 2
06-17 11:31:35.363 19335 20899 I native  : Translation (after detokenizer): I will disappear ! The ghost !
06-17 11:31:35.363 19335 20899 I native  : Alignment probability:
06-17 11:31:35.363 19335 20899 I native  : 	I	will	disappear	!	The	ghost	!
06-17 11:31:35.363 19335 20899 I native  : 消え	0.376471	0.286275	0.705882	0.176471	0.0196078	0.00392157	0
06-17 11:31:35.363 19335 20899 I native  : 失せろ	0.478431	0.545098	0.215686	0.105882	0.105882	0.00261438	0.0117647
06-17 11:31:35.363 19335 20899 I native  : !	0.027451	0.00784314	0.0117647	0.584314	0.0313726	0.00130719	0.00392157
06-17 11:31:35.363 19335 20899 I native  : 亡霊	0.0588235	0.0156863	0.00784314	0.0352941	0.796078	0.820915	0.294118
06-17 11:31:35.363 19335 20899 I native  : !	0.00392157	0.00392157	0.00392157	0.0235294	0.00784314	0.00653595	0.482353
06-17 11:31:35.363 19335 20899 I native  : Translation (before postprocess): I will disappear ! The ghost !
06-17 11:31:35.364 19335 20660 D native  : I0617 11:31:35.364954   20660 mergeddicttrans.cc:1860] The current system has NMT.
06-17 11:31:35.365 19335 20660 D native  : I0617 11:31:35.365006   20660 mergeddicttrans.cc:1866] Sentence #0: 遅速:スインガンガンガン
06-17 11:31:35.365 19335 20660 D native  : I0617 11:31:35.365035   20660 mergeddicttrans.cc:1918] To be translated by NMT.
06-17 11:31:35.387 19335 20660 I native  : I0617 11:31:35.387394   20660 mergeddicttrans.cc:1827] Sentence #0: 遅速:スインガンガンガン
06-17 11:31:35.387 19335 20660 I native  : I0617 11:31:35.387502   20660 mergeddicttrans.cc:1828] 
06-17 11:31:35.387 19335 20660 I native  : Source language: ja, target language: en
06-17 11:31:35.387 19335 20660 I native  : 
06-17 11:31:35.387 19335 20660 I native  : Has period trick: 0
06-17 11:31:35.387 19335 20660 I native  : 
06-17 11:31:35.387 19335 20660 I native  : Full translation: Slow speed: swingangan gun
06-17 11:31:35.387 19335 20660 I native  : Translate Instance: 
06-17 11:31:35.387 19335 20660 I native  : Query (raw): 遅速:スインガンガンガン
06-17 11:31:35.387 19335 20660 I native  : Query (after preprocess): 遅速 : スインガンガンガン
06-17 11:31:35.387 19335 20660 I native  : Query ids (after tokenizer): 3 1436 590 75 76 164 754 19 754 19 754 19 2
06-17 11:31:35.387 19335 20660 I native  : Translation ids: 21 1375 901 41 2032 13 783 146 3453 2
06-17 11:31:35.387 19335 20660 I native  : Translation (after detokenizer): Slow speed : swingangan gun
06-17 11:31:35.387 19335 20660 I native  : Alignment probability:
06-17 11:31:35.387 19335 20660 I native  : 	Slow	speed	:	swingangan	gun
06-17 11:31:35.387 19335 20660 I native  : 遅速	0.788235	0.776471	0.133333	0.0107843	0
06-17 11:31:35.387 19335 20660 I native  : :	0.0176471	0.168627	0.737255	0.0137255	0
06-17 11:31:35.387 19335 20660 I native  : スインガンガンガン	0.103922	0.0196078	0.0941176	0.921569	0.847059
06-17 11:31:35.387 19335 20660 I native  : Translation (before postprocess): Slow speed : swingangan gun
06-17 11:31:35.394 19335 20699 D native  : I0617 11:31:35.394565   20699 mergeddicttrans.cc:1860] The current system has NMT.
06-17 11:31:35.394 19335 20699 D native  : I0617 11:31:35.394634   20699 mergeddicttrans.cc:1866] Sentence #0: ストライカの顔合技!!!
06-17 11:31:35.394 19335 20699 D native  : I0617 11:31:35.394666   20699 mergeddicttrans.cc:1918] To be translated by NMT.
06-17 11:31:35.423 19335 20699 I native  : I0617 11:31:35.423238   20699 mergeddicttrans.cc:1827] Sentence #0: ストライカの顔合技!!!
06-17 11:31:35.423 19335 20699 I native  : I0617 11:31:35.423420   20699 mergeddicttrans.cc:1828] 
06-17 11:31:35.423 19335 20699 I native  : Source language: ja, target language: en
06-17 11:31:35.423 19335 20699 I native  : 
06-17 11:31:35.423 19335 20699 I native  : Has period trick: 0
06-17 11:31:35.423 19335 20699 I native  : 
06-17 11:31:35.423 19335 20699 I native  : Full translation: Striker's face combined !!!
06-17 11:31:35.423 19335 20699 I native  : Translate Instance: 
06-17 11:31:35.423 19335 20699 I native  : Query (raw): ストライカの顔合技!!!
06-17 11:31:35.423 19335 20699 I native  : Query (after preprocess): ストライカ の 顔 合技 !!!
06-17 11:31:35.423 19335 20699 I native  : Query ids (after tokenizer): 660 309 347 4 3 1561 455 2293 723 2312 2312 2
06-17 11:31:35.423 19335 20699 I native  : Translation ids: 1286 1374 22 158 2361 1252 367 430 3409 3409 2
06-17 11:31:35.423 19335 20699 I native  : Translation (after detokenizer): Striker 's face combined !!!
06-17 11:31:35.423 19335 20699 I native  : Alignment probability:
06-17 11:31:35.423 19335 20699 I native  : 	Striker	's	face	combined	!!!
06-17 11:31:35.423 19335 20699 I native  : ストライカ	0.704575	0.0313726	0.00784314	0	0.00130719
06-17 11:31:35.423 19335 20699 I native  : の	0.0196078	0.196078	0.0235294	0.00392157	0.00130719
06-17 11:31:35.423 19335 20699 I native  : 顔	0.0705882	0.694118	0.909804	0.00784314	0.00261438
06-17 11:31:35.423 19335 20699 I native  : 合技	0.0222222	0.0509804	0.0509804	0.872549	0.11634
06-17 11:31:35.423 19335 20699 I native  : !!!	0.0117647	0.0156863	0.00392157	0.054902	0.777778
06-17 11:31:35.423 19335 20699 I native  : Translation (before postprocess): Striker 's face combined !!!
06-17 11:31:36.425 19335 20136 I Quality : BitmapCompressInfo:1350,1920,2,90,573750312
06-17 11:31:38.226 19335 19335 E IJankManager: slideSceneEnd unknown scene 1000 mScene:-1
06-17 11:31:38.475 19335 19335 D OplusViewDragTouchViewHelper: dispatchTouchView action = 1
06-17 11:31:38.476 19335 19335 D ViewRootImplExtImpl: the up motion event handled by client, just return
06-17 11:31:38.527 19335 19335 E Surface : IGraphicBufferProducer::setMaxDequeuedBufferCount(2) returned Invalid argument
06-17 11:31:39.269 19335 19335 E IJankManager: slideSceneEnd unknown scene 1000 mScene:-1
06-17 11:31:39.444 19335 19335 I VelocityTracker: LSQ2 speed rezero
06-17 11:31:39.444 19335 19335 I VelocityTracker: LSQ2 speed rezero
06-17 11:31:39.444 19335 19335 I VelocityTracker: LSQ2 speed rezero
06-17 11:31:39.444 19335 19335 I VelocityTracker: LSQ2 speed rezero
06-17 11:31:39.444 19335 19335 I VelocityTracker: LSQ2 speed rezero
06-17 11:31:39.444 19335 19335 I VelocityTracker: LSQ2 speed rezero
06-17 11:31:39.444 19335 19335 D OplusViewDragTouchViewHelper: dispatchTouchView action = 1
06-17 11:31:39.444 19335 19335 I VelocityTracker: LSQ2 speed rezero
06-17 11:31:39.444 19335 19335 D ViewRootImplExtImpl: the up motion event handled by client, just return
06-17 11:31:39.918 19335 19335 D OplusViewDragTouchViewHelper: dispatchTouchView action = 1
06-17 11:31:39.918 19335 19335 D ViewRootImplExtImpl: the up motion event handled by client, just return
06-17 11:31:40.151 19335 19335 E Surface : IGraphicBufferProducer::setMaxDequeuedBufferCount(2) returned Invalid argument
06-17 11:31:40.336 19335 19335 I VelocityTracker: LSQ2 speed rezero
06-17 11:31:40.336 19335 19335 I VelocityTracker: LSQ2 speed rezero
06-17 11:31:40.336 19335 19335 I VelocityTracker: LSQ2 speed rezero
06-17 11:31:40.336 19335 19335 I VelocityTracker: LSQ2 speed rezero
06-17 11:31:40.336 19335 19335 I VelocityTracker: LSQ2 speed rezero
06-17 11:31:40.336 19335 19335 I VelocityTracker: LSQ2 speed rezero
06-17 11:31:40.337 19335 19335 I VelocityTracker: LSQ2 speed rezero
06-17 11:31:40.337 19335 19335 I VelocityTracker: LSQ2 speed rezero
06-17 11:31:40.337 19335 19335 I VelocityTracker: LSQ2 speed rezero
06-17 11:31:40.337 19335 19335 I VelocityTracker: LSQ2 speed rezero
06-17 11:31:40.337 19335 19335 I VelocityTracker: LSQ2 speed rezero
06-17 11:31:40.337 19335 19335 I VelocityTracker: LSQ2 speed rezero
06-17 11:31:40.337 19335 19335 D OplusViewDragTouchViewHelper: dispatchTouchView action = 1
06-17 11:31:40.337 19335 19335 I VelocityTracker: LSQ2 speed rezero
06-17 11:31:40.337 19335 19335 I VelocityTracker: LSQ2 speed rezero
06-17 11:31:40.337 19335 19335 D ViewRootImplExtImpl: the up motion event handled by client, just return
06-17 11:31:40.920 19335 19335 E IJankManager: slideSceneEnd unknown scene 1000 mScene:-1
06-17 11:31:41.078 19335 19335 I VelocityTracker: LSQ2 speed rezero
06-17 11:31:41.078 19335 19335 I VelocityTracker: LSQ2 speed rezero
06-17 11:31:41.078 19335 19335 I VelocityTracker: LSQ2 speed rezero
06-17 11:31:41.078 19335 19335 I VelocityTracker: LSQ2 speed rezero
06-17 11:31:41.078 19335 19335 I VelocityTracker: LSQ2 speed rezero
06-17 11:31:41.079 19335 19335 I VelocityTracker: LSQ2 speed rezero
06-17 11:31:41.079 19335 19335 D OplusViewDragTouchViewHelper: dispatchTouchView action = 1
06-17 11:31:41.079 19335 19335 I VelocityTracker: LSQ2 speed rezero
06-17 11:31:41.079 19335 19335 D ViewRootImplExtImpl: the up motion event handled by client, just return
06-17 11:31:41.240 19335 19335 E Surface : IGraphicBufferProducer::setMaxDequeuedBufferCount(2) returned Invalid argument
06-17 11:31:41.368 19335 19335 D OplusViewDragTouchViewHelper: dispatchTouchView action = 1
06-17 11:31:41.369 19335 19335 D ViewRootImplExtImpl: the up motion event handled by client, just return
06-17 11:31:41.489 19335 19335 E Surface : IGraphicBufferProducer::setMaxDequeuedBufferCount(2) returned Invalid argument
06-17 11:31:41.733 19335 19335 I VelocityTracker: LSQ2 speed rezero
06-17 11:31:41.733 19335 19335 I VelocityTracker: LSQ2 speed rezero
06-17 11:31:41.733 19335 19335 I VelocityTracker: LSQ2 speed rezero
06-17 11:31:41.733 19335 19335 I VelocityTracker: LSQ2 speed rezero
06-17 11:31:41.733 19335 19335 I VelocityTracker: LSQ2 speed rezero
06-17 11:31:41.733 19335 19335 I VelocityTracker: LSQ2 speed rezero
06-17 11:31:41.733 19335 19335 I VelocityTracker: LSQ2 speed rezero
06-17 11:31:41.733 19335 19335 I VelocityTracker: LSQ2 speed rezero
06-17 11:31:41.733 19335 19335 I VelocityTracker: LSQ2 speed rezero
06-17 11:31:41.733 19335 19335 I VelocityTracker: LSQ2 speed rezero
06-17 11:31:41.733 19335 19335 I VelocityTracker: LSQ2 speed rezero
06-17 11:31:41.733 19335 19335 I VelocityTracker: LSQ2 speed rezero
06-17 11:31:41.733 19335 19335 D OplusViewDragTouchViewHelper: dispatchTouchView action = 1
06-17 11:31:41.734 19335 19335 I VelocityTracker: LSQ2 speed rezero
06-17 11:31:41.734 19335 19335 I VelocityTracker: LSQ2 speed rezero
06-17 11:31:41.734 19335 19335 D ViewRootImplExtImpl: the up motion event handled by client, just return
06-17 11:31:42.091 19335 19335 E IJankManager: slideSceneEnd unknown scene 1000 mScene:-1
06-17 11:31:42.369 19335 19335 D OplusViewDragTouchViewHelper: dispatchTouchView action = 1
06-17 11:31:42.369 19335 19335 D ViewRootImplExtImpl: the up motion event handled by client, just return
06-17 11:31:42.580 19335 19335 E IJankManager: slideSceneEnd unknown scene 1000 mScene:-1
06-17 11:31:43.030 19335 19335 I VelocityTracker: LSQ2 speed rezero
06-17 11:31:43.030 19335 19335 I VelocityTracker: LSQ2 speed rezero
06-17 11:31:43.030 19335 19335 I VelocityTracker: LSQ2 speed rezero
06-17 11:31:43.030 19335 19335 I VelocityTracker: LSQ2 speed rezero
06-17 11:31:43.030 19335 19335 I VelocityTracker: LSQ2 speed rezero
06-17 11:31:43.030 19335 19335 I VelocityTracker: LSQ2 speed rezero
06-17 11:31:43.030 19335 19335 D OplusViewDragTouchViewHelper: dispatchTouchView action = 1
06-17 11:31:43.030 19335 19335 I VelocityTracker: LSQ2 speed rezero
06-17 11:31:43.030 19335 19335 D ViewRootImplExtImpl: the up motion event handled by client, just return
06-17 11:31:47.385 19335 19335 E IJankManager: slideSceneEnd unknown scene 1000 mScene:-1
06-17 11:31:47.612 19335 19335 I VelocityTracker: LSQ2 speed rezero
06-17 11:31:47.612 19335 19335 I VelocityTracker: LSQ2 speed rezero
06-17 11:31:47.612 19335 19335 I VelocityTracker: LSQ2 speed rezero
06-17 11:31:47.612 19335 19335 I VelocityTracker: LSQ2 speed rezero
06-17 11:31:47.613 19335 19335 I VelocityTracker: LSQ2 speed rezero
06-17 11:31:47.613 19335 19335 I VelocityTracker: LSQ2 speed rezero
06-17 11:31:47.613 19335 19335 I VelocityTracker: LSQ2 speed rezero
06-17 11:31:47.613 19335 19335 I VelocityTracker: LSQ2 speed rezero
06-17 11:31:47.613 19335 19335 I VelocityTracker: LSQ2 speed rezero
06-17 11:31:47.613 19335 19335 I VelocityTracker: LSQ2 speed rezero
06-17 11:31:47.613 19335 19335 I VelocityTracker: LSQ2 speed rezero
06-17 11:31:47.613 19335 19335 I VelocityTracker: LSQ2 speed rezero
06-17 11:31:47.613 19335 19335 D OplusViewDragTouchViewHelper: dispatchTouchView action = 1
06-17 11:31:47.613 19335 19335 I VelocityTracker: LSQ2 speed rezero
06-17 11:31:47.613 19335 19335 I VelocityTracker: LSQ2 speed rezero
06-17 11:31:47.613 19335 19335 D ViewRootImplExtImpl: the up motion event handled by client, just return
06-17 11:31:48.313 19335 20136 I Quality : BitmapCompressInfo:1350,1920,1,100,836366875
06-17 11:31:48.349 19335 20888 D native  : I0617 11:31:48.349530   20888 mergeddicttrans.cc:1860] The current system has NMT.
06-17 11:31:48.352 19335 20888 D native  : I0617 11:31:48.349739   20888 mergeddicttrans.cc:1866] Sentence #0: このははずはは大変身の弱いはず弱い顔だろぴー
06-17 11:31:48.352 19335 20888 D native  : I0617 11:31:48.352623   20888 mergeddicttrans.cc:1918] To be translated by NMT.
06-17 11:31:48.398 19335 20888 I native  : I0617 11:31:48.398364   20888 mergeddicttrans.cc:1827] Sentence #0: このははずはは大変身の弱いはず弱い顔だろぴー
06-17 11:31:48.398 19335 20888 I native  : I0617 11:31:48.398575   20888 mergeddicttrans.cc:1828] 
06-17 11:31:48.398 19335 20888 I native  : Source language: ja, target language: en
06-17 11:31:48.398 19335 20888 I native  : 
06-17 11:31:48.398 19335 20888 I native  : Has period trick: 0
06-17 11:31:48.398 19335 20888 I native  : 
06-17 11:31:48.398 19335 20888 I native  : Full translation: This is a weak face that is weak
06-17 11:31:48.398 19335 20888 I native  : Translate Instance: 
06-17 11:31:48.398 19335 20888 I native  : Query (raw): このははずはは大変身の弱いはず弱い顔だろぴー
06-17 11:31:48.398 19335 20888 I native  : Query (after preprocess): この は はず は は 大 変身 の 弱い はず 弱い 顔 だろ ぴー
06-17 11:31:48.398 19335 20888 I native  : Query ids (after tokenizer): 61 9 9 512 9 9 445 241 1384 4 2146 44 9 512 2146 44 3 1561 804 733 3 2658 25 2
06-17 11:31:48.398 19335 20888 I native  : Translation ids: 149 11 9 3152 2361 30 11 3152 2
06-17 11:31:48.398 19335 20888 I native  : Translation (after detokenizer): This is a weak face that is weak
06-17 11:31:48.398 19335 20888 I native  : Alignment probability:
06-17 11:31:48.398 19335 20888 I native  : 	This	is	a	weak	face	that	is	weak
06-17 11:31:48.398 19335 20888 I native  : この	0.392157	0.0196078	0.0196078	0	0	0	0.0117647	0
06-17 11:31:48.398 19335 20888 I native  : は	0.0392157	0.666667	0.0196078	0	0	0	0.00392157	0
06-17 11:31:48.398 19335 20888 I native  : はず	0.317647	0.203922	0.356863	0.054902	0.00784314	0.00784314	0.0392157	0.0196078
06-17 11:31:48.398 19335 20888 I native  : は	0.0196078	0.00784314	0.0196078	0.0117647	0.0235294	0.0352941	0.00784314	0.00392157
06-17 11:31:48.398 19335 20888 I native  : は	0.0235294	0.0156863	0.0392157	0.0196078	0.0117647	0.0352941	0.0117647	0.0117647
06-17 11:31:48.398 19335 20888 I native  : 大	0.0705882	0.0117647	0.141176	0.239216	0.0431373	0.0666667	0.270588	0.145098
06-17 11:31:48.398 19335 20888 I native  : 変身	0	0	0.00784314	0.0117647	0.0470588	0.00784314	0.0235294	0.0117647
06-17 11:31:48.398 19335 20888 I native  : の	0	0	0.00392157	0.00392157	0.054902	0.0666667	0.0313726	0.0156863
06-17 11:31:48.398 19335 20888 I native  : 弱い	0.0313726	0.0117647	0.129412	0.133333	0.109804	0.14902	0.156863	0.184314
06-17 11:31:48.398 19335 20888 I native  : はず	0.0117647	0.00784314	0.0901961	0.0392157	0.0392157	0.211765	0.156863	0.282353
06-17 11:31:48.398 19335 20888 I native  : 弱い	0.00392157	0.00392157	0.054902	0.176471	0.0470588	0.168627	0.12549	0.239216
06-17 11:31:48.398 19335 20888 I native  : 顔	0.00392157	0	0.0117647	0.105882	0.568627	0.0196078	0.027451	0.0392157
06-17 11:31:48.398 19335 20888 I native  : だろ	0.0431373	0.027451	0.0313726	0.0431373	0.00784314	0.164706	0.109804	0.0156863
06-17 11:31:48.398 19335 20888 I native  : ぴー	0.00392157	0	0	0.00392157	0	0.00392157	0	0
06-17 11:31:48.398 19335 20888 I native  : Translation (before postprocess): This is a weak face that is weak
06-17 11:31:48.401 19335 20892 D native  : I0617 11:31:48.401479   20892 mergeddicttrans.cc:1860] The current system has NMT.
06-17 11:31:48.401 19335 20892 D native  : I0617 11:31:48.401561   20892 mergeddicttrans.cc:1866] Sentence #0: ラライテルオレオーバーバスだル
06-17 11:31:48.401 19335 20892 D native  : I0617 11:31:48.401611   20892 mergeddicttrans.cc:1918] To be translated by NMT.
06-17 11:31:48.428 19335 20892 I native  : I0617 11:31:48.428200   20892 mergeddicttrans.cc:1827] Sentence #0: ラライテルオレオーバーバスだル
06-17 11:31:48.428 19335 20892 I native  : I0617 11:31:48.428283   20892 mergeddicttrans.cc:1828] 
06-17 11:31:48.428 19335 20892 I native  : Source language: ja, target language: en
06-17 11:31:48.428 19335 20892 I native  : 
06-17 11:31:48.428 19335 20892 I native  : Has period trick: 0
06-17 11:31:48.428 19335 20892 I native  : 
06-17 11:31:48.428 19335 20892 I native  : Full translation: La Rattail Oleover Bus
06-17 11:31:48.428 19335 20892 I native  : Translate Instance: 
06-17 11:31:48.428 19335 20892 I native  : Query (raw): ラライテルオレオーバーバスだル
06-17 11:31:48.428 19335 20892 I native  : Query (after preprocess): ラライテル オレオーバー バス だ ル
06-17 11:31:48.428 19335 20892 I native  : Query ids (after tokenizer): 260 309 1485 136 55 319 25 372 128 48 804 508 2
06-17 11:31:48.428 19335 20892 I native  : Translation ids: 49 45 57 3008 661 142 234 1103 3473 2
06-17 11:31:48.428 19335 20892 I native  : Translation (after detokenizer): La Rattail Oleover Bus
06-17 11:31:48.428 19335 20892 I native  : Alignment probability:
06-17 11:31:48.428 19335 20892 I native  : 	La	Rattail	Oleover	Bus
06-17 11:31:48.428 19335 20892 I native  : ラライテル	0.794118	0.698039	0.0261438	0
06-17 11:31:48.428 19335 20892 I native  : オレオーバー	0.0117647	0.0444444	0.843137	0.0156863
06-17 11:31:48.428 19335 20892 I native  : バス	0.00196078	0.00130719	0.0405229	0.909804
06-17 11:31:48.428 19335 20892 I native  : だ	0.0921569	0.0431373	0.048366	0.0156863
06-17 11:31:48.428 19335 20892 I native  : ル	0.0784314	0.0196078	0.0143791	0.0196078
06-17 11:31:48.428 19335 20892 I native  : Translation (before postprocess): La Rattail Oleover Bus
06-17 11:31:48.436 19335 20893 D native  : I0617 11:31:48.436082   20893 mergeddicttrans.cc:1860] The current system has NMT.
06-17 11:31:48.436 19335 20893 D native  : I0617 11:31:48.436184   20893 mergeddicttrans.cc:1866] Sentence #0: 3keticho務惑惑闇
06-17 11:31:48.436 19335 20893 D native  : I0617 11:31:48.436228   20893 mergeddicttrans.cc:1918] To be translated by NMT.
06-17 11:31:48.465 19335 20893 I native  : I0617 11:31:48.465241   20893 mergeddicttrans.cc:1827] Sentence #0: 3keticho務惑惑闇
06-17 11:31:48.465 19335 20893 I native  : I0617 11:31:48.465342   20893 mergeddicttrans.cc:1828] 
06-17 11:31:48.465 19335 20893 I native  : Source language: ja, target language: en
06-17 11:31:48.465 19335 20893 I native  : 
06-17 11:31:48.465 19335 20893 I native  : Has period trick: 0
06-17 11:31:48.465 19335 20893 I native  : 
06-17 11:31:48.465 19335 20893 I native  : Full translation: 3keticho major
06-17 11:31:48.465 19335 20893 I native  : Translate Instance: 
06-17 11:31:48.465 19335 20893 I native  : Query (raw): 3keticho務惑惑闇
06-17 11:31:48.465 19335 20893 I native  : Query (after preprocess): 3keticho 務惑惑闇
06-17 11:31:48.465 19335 20893 I native  : Query ids (after tokenizer): 68 169 458 381 80 29 3 1271 2405 2405 3062 2
06-17 11:31:48.465 19335 20893 I native  : Translation ids: 81 204 78 1430 73 2436 2
06-17 11:31:48.465 19335 20893 I native  : Translation (after detokenizer): 3keticho major
06-17 11:31:48.465 19335 20893 I native  : Alignment probability:
06-17 11:31:48.465 19335 20893 I native  : 	3keticho	major
06-17 11:31:48.465 19335 20893 I native  : 3keticho	0.912157	0.0156863
06-17 11:31:48.465 19335 20893 I native  : 務惑惑闇	0.0682353	0.956863
06-17 11:31:48.465 19335 20893 I native  : Translation (before postprocess): 3keticho major
06-17 11:31:48.469 19335 20894 D native  : I0617 11:31:48.469395   20894 mergeddicttrans.cc:1860] The current system has NMT.
06-17 11:31:48.469 19335 20894 D native  : I0617 11:31:48.469516   20894 mergeddicttrans.cc:1866] Sentence #0: 最後海軍家はいる部屋!!!
06-17 11:31:48.469 19335 20894 D native  : I0617 11:31:48.469553   20894 mergeddicttrans.cc:1918] To be translated by NMT.
06-17 11:31:48.500 19335 20894 I native  : I0617 11:31:48.500943   20894 mergeddicttrans.cc:1827] Sentence #0: 最後海軍家はいる部屋!!!
06-17 11:31:48.501 19335 20894 I native  : I0617 11:31:48.501110   20894 mergeddicttrans.cc:1828] 
06-17 11:31:48.501 19335 20894 I native  : Source language: ja, target language: en
06-17 11:31:48.501 19335 20894 I native  : 
06-17 11:31:48.501 19335 20894 I native  : Has period trick: 0
06-17 11:31:48.501 19335 20894 I native  : 
06-17 11:31:48.501 19335 20894 I native  : Full translation: Last Naval House Room !!!
06-17 11:31:48.501 19335 20894 I native  : Translate Instance: 
06-17 11:31:48.501 19335 20894 I native  : Query (raw): 最後海軍家はいる部屋!!!
06-17 11:31:48.501 19335 20894 I native  : Query (after preprocess): 最後 海軍 家 は いる 部屋 !!!
06-17 11:31:48.501 19335 20894 I native  : Query ids (after tokenizer): 188 1093 1261 2780 1052 9 53 140 1262 723 2312 2312 2
06-17 11:31:48.501 19335 20894 I native  : Translation ids: 49 385 92 415 39 82 1378 57 1449 430 3409 3409 2
06-17 11:31:48.501 19335 20894 I native  : Translation (after detokenizer): Last Naval House Room !!!
06-17 11:31:48.501 19335 20894 I native  : Alignment probability:
06-17 11:31:48.501 19335 20894 I native  : 	Last	Naval	House	Room	!!!
06-17 11:31:48.501 19335 20894 I native  : 最後	0.668628	0.0169935	0.00588235	0.00392157	0.00653595
06-17 11:31:48.501 19335 20894 I native  : 海軍	0.0470588	0.875817	0.0294118	0	0
06-17 11:31:48.501 19335 20894 I native  : 家	0.00588235	0.054902	0.482353	0.00588235	0.00784314
06-17 11:31:48.501 19335 20894 I native  : は	0.0215686	0.00261438	0.109804	0.105882	0.0169935
06-17 11:31:48.501 19335 20894 I native  : いる	0.0372549	0.0104575	0.107843	0.107843	0.0457516
06-17 11:31:48.501 19335 20894 I native  : 部屋	0.164706	0.0117647	0.168627	0.692157	0.0954248
06-17 11:31:48.501 19335 20894 I native  : !!!	0.00980392	0.00261438	0.0176471	0.054902	0.718954
06-17 11:31:48.501 19335 20894 I native  : Translation (before postprocess): Last Naval House Room !!!
06-17 11:31:48.885 19335 19335 E IJankManager: slideSceneEnd unknown scene 1000 mScene:-1
06-17 11:31:49.139 19335 19335 D OplusViewDragTouchViewHelper: dispatchTouchView action = 1
06-17 11:31:49.140 19335 19335 D ViewRootImplExtImpl: the up motion event handled by client, just return
06-17 11:31:49.459 19335 19991 I Quality : BitmapCompressInfo:1350,1920,2,90,521182708
06-17 11:31:50.588 19335 19335 E IJankManager: slideSceneEnd unknown scene 1000 mScene:-1
06-17 11:31:50.796 19335 19335 I VelocityTracker: LSQ2 speed rezero
06-17 11:31:50.796 19335 19335 I VelocityTracker: LSQ2 speed rezero
06-17 11:31:50.796 19335 19335 I VelocityTracker: LSQ2 speed rezero
06-17 11:31:50.796 19335 19335 I VelocityTracker: LSQ2 speed rezero
06-17 11:31:50.796 19335 19335 I VelocityTracker: LSQ2 speed rezero
06-17 11:31:50.796 19335 19335 I VelocityTracker: LSQ2 speed rezero
06-17 11:31:50.796 19335 19335 D OplusViewDragTouchViewHelper: dispatchTouchView action = 1
06-17 11:31:50.796 19335 19335 I VelocityTracker: LSQ2 speed rezero
06-17 11:31:50.796 19335 19335 D ViewRootImplExtImpl: the up motion event handled by client, just return
06-17 11:31:51.232 19335 19335 E IJankManager: slideSceneEnd unknown scene 1000 mScene:-1
06-17 11:31:51.466 19335 19335 D OplusViewDragTouchViewHelper: dispatchTouchView action = 1
06-17 11:31:51.467 19335 19335 D ViewRootImplExtImpl: the up motion event handled by client, just return
06-17 11:31:51.489 19335 19335 E Surface : IGraphicBufferProducer::setMaxDequeuedBufferCount(2) returned Invalid argument
06-17 11:31:51.917 19335 19335 E IJankManager: slideSceneEnd unknown scene 1000 mScene:-1
06-17 11:31:52.054 19335 19335 D OplusViewDragTouchViewHelper: dispatchTouchView action = 1
06-17 11:31:52.054 19335 19335 D ViewRootImplExtImpl: the up motion event handled by client, just return
06-17 11:31:52.190 19335 19335 E Surface : IGraphicBufferProducer::setMaxDequeuedBufferCount(2) returned Invalid argument
06-17 11:31:52.344 19335 19335 D OplusViewDragTouchViewHelper: dispatchTouchView action = 1
06-17 11:31:52.344 19335 19335 D ViewRootImplExtImpl: the up motion event handled by client, just return
06-17 11:31:52.481 19335 19335 E Surface : IGraphicBufferProducer::setMaxDequeuedBufferCount(2) returned Invalid argument
06-17 11:31:52.666 19335 19335 D OplusViewDragTouchViewHelper: dispatchTouchView action = 1
06-17 11:31:52.667 19335 19335 D ViewRootImplExtImpl: the up motion event handled by client, just return
06-17 11:31:52.932 19335 19335 E IJankManager: slideSceneEnd unknown scene 1000 mScene:-1
06-17 11:31:53.150 19335 19335 D OplusViewDragTouchViewHelper: dispatchTouchView action = 1
06-17 11:31:53.151 19335 19335 D ViewRootImplExtImpl: the up motion event handled by client, just return
06-17 11:31:53.161 19335 19335 E Surface : IGraphicBufferProducer::setMaxDequeuedBufferCount(2) returned Invalid argument
06-17 11:31:53.863 19335 19335 E IJankManager: slideSceneEnd unknown scene 1000 mScene:-1
06-17 11:31:53.982 19335 19335 D OplusViewDragTouchViewHelper: dispatchTouchView action = 1
06-17 11:31:53.983 19335 19335 D ViewRootImplExtImpl: the up motion event handled by client, just return
06-17 11:31:54.151 19335 19335 E Surface : IGraphicBufferProducer::setMaxDequeuedBufferCount(2) returned Invalid argument
06-17 11:31:54.344 19335 19335 D OplusViewDragTouchViewHelper: dispatchTouchView action = 1
06-17 11:31:54.345 19335 19335 D ViewRootImplExtImpl: the up motion event handled by client, just return
06-17 11:31:54.603 19335 19335 E IJankManager: slideSceneEnd unknown scene 1000 mScene:-1
06-17 11:31:54.683 19335 19335 D OplusViewDragTouchViewHelper: dispatchTouchView action = 1
06-17 11:31:54.683 19335 19335 D ViewRootImplExtImpl: the up motion event handled by client, just return
06-17 11:31:54.804 19335 19335 E Surface : IGraphicBufferProducer::setMaxDequeuedBufferCount(2) returned Invalid argument
06-17 11:31:55.093 19335 19335 D OplusViewDragTouchViewHelper: dispatchTouchView action = 1
06-17 11:31:55.093 19335 19335 D ViewRootImplExtImpl: the up motion event handled by client, just return
06-17 11:31:55.377 19335 19335 E IJankManager: slideSceneEnd unknown scene 1000 mScene:-1
06-17 11:31:55.602 19335 19335 D OplusViewDragTouchViewHelper: dispatchTouchView action = 1
06-17 11:31:55.602 19335 19335 D ViewRootImplExtImpl: the up motion event handled by client, just return
06-17 11:31:58.516 19335 19335 E IJankManager: slideSceneEnd unknown scene 1000 mScene:-1
06-17 11:31:58.811 19335 19335 D OplusViewDragTouchViewHelper: dispatchTouchView action = 1
06-17 11:31:58.811 19335 19335 D ViewRootImplExtImpl: the up motion event handled by client, just return
06-17 11:31:59.664 19335 19335 E IJankManager: slideSceneEnd unknown scene 1000 mScene:-1
06-17 11:31:59.747 19335 19335 D OplusViewDragTouchViewHelper: dispatchTouchView action = 1
06-17 11:31:59.747 19335 19335 D ViewRootImplExtImpl: the up motion event handled by client, just return
06-17 11:31:59.925 19335 19335 E Surface : IGraphicBufferProducer::setMaxDequeuedBufferCount(2) returned Invalid argument
06-17 11:32:00.182 19335 19335 D OplusViewDragTouchViewHelper: dispatchTouchView action = 1
06-17 11:32:00.183 19335 19335 D ViewRootImplExtImpl: the up motion event handled by client, just return
06-17 11:32:00.489 19335 19335 E IJankManager: slideSceneEnd unknown scene 1000 mScene:-1
06-17 11:32:00.610 19335 19335 D OplusViewDragTouchViewHelper: dispatchTouchView action = 1
06-17 11:32:00.611 19335 19335 D ViewRootImplExtImpl: the up motion event handled by client, just return
06-17 11:32:00.754 19335 19335 E Surface : IGraphicBufferProducer::setMaxDequeuedBufferCount(2) returned Invalid argument
06-17 11:32:00.963 19335 19335 I VelocityTracker: LSQ2 speed rezero
06-17 11:32:00.963 19335 19335 I VelocityTracker: LSQ2 speed rezero
06-17 11:32:00.963 19335 19335 I VelocityTracker: LSQ2 speed rezero
06-17 11:32:00.963 19335 19335 I VelocityTracker: LSQ2 speed rezero
06-17 11:32:00.963 19335 19335 I VelocityTracker: LSQ2 speed rezero
06-17 11:32:00.963 19335 19335 I VelocityTracker: LSQ2 speed rezero
06-17 11:32:00.963 19335 19335 I VelocityTracker: LSQ2 speed rezero
06-17 11:32:00.963 19335 19335 I VelocityTracker: LSQ2 speed rezero
06-17 11:32:00.963 19335 19335 I VelocityTracker: LSQ2 speed rezero
06-17 11:32:00.963 19335 19335 I VelocityTracker: LSQ2 speed rezero
06-17 11:32:00.963 19335 19335 I VelocityTracker: LSQ2 speed rezero
06-17 11:32:00.963 19335 19335 I VelocityTracker: LSQ2 speed rezero
06-17 11:32:00.963 19335 19335 D OplusViewDragTouchViewHelper: dispatchTouchView action = 1
06-17 11:32:00.964 19335 19335 I VelocityTracker: LSQ2 speed rezero
06-17 11:32:00.964 19335 19335 I VelocityTracker: LSQ2 speed rezero
06-17 11:32:00.964 19335 19335 D ViewRootImplExtImpl: the up motion event handled by client, just return
06-17 11:32:01.218 19335 19991 I Quality : BitmapCompressInfo:1350,1920,1,100,776887656
06-17 11:32:01.248 19335 20898 D native  : I0617 11:32:01.248552   20898 mergeddicttrans.cc:1860] The current system has NMT.
06-17 11:32:01.248 19335 20898 D native  : I0617 11:32:01.248924   20898 mergeddicttrans.cc:1866] Sentence #0: このははずはは大変身の弱いはず弱い顔だろぴー
06-17 11:32:01.249 19335 20898 D native  : I0617 11:32:01.249016   20898 mergeddicttrans.cc:1918] To be translated by NMT.
06-17 11:32:01.283 19335 20898 I native  : I0617 11:32:01.283826   20898 mergeddicttrans.cc:1827] Sentence #0: このははずはは大変身の弱いはず弱い顔だろぴー
06-17 11:32:01.284 19335 20898 I native  : I0617 11:32:01.284039   20898 mergeddicttrans.cc:1828] 
06-17 11:32:01.284 19335 20898 I native  : Source language: ja, target language: en
06-17 11:32:01.284 19335 20898 I native  : 
06-17 11:32:01.284 19335 20898 I native  : Has period trick: 0
06-17 11:32:01.284 19335 20898 I native  : 
06-17 11:32:01.284 19335 20898 I native  : Full translation: This is a weak face that is weak
06-17 11:32:01.284 19335 20898 I native  : Translate Instance: 
06-17 11:32:01.284 19335 20898 I native  : Query (raw): このははずはは大変身の弱いはず弱い顔だろぴー
06-17 11:32:01.284 19335 20898 I native  : Query (after preprocess): この は はず は は 大 変身 の 弱い はず 弱い 顔 だろ ぴー
06-17 11:32:01.284 19335 20898 I native  : Query ids (after tokenizer): 61 9 9 512 9 9 445 241 1384 4 2146 44 9 512 2146 44 3 1561 804 733 3 2658 25 2
06-17 11:32:01.284 19335 20898 I native  : Translation ids: 149 11 9 3152 2361 30 11 3152 2
06-17 11:32:01.284 19335 20898 I native  : Translation (after detokenizer): This is a weak face that is weak
06-17 11:32:01.284 19335 20898 I native  : Alignment probability:
06-17 11:32:01.284 19335 20898 I native  : 	This	is	a	weak	face	that	is	weak
06-17 11:32:01.284 19335 20898 I native  : この	0.392157	0.0196078	0.0196078	0	0	0	0.0117647	0
06-17 11:32:01.284 19335 20898 I native  : は	0.0392157	0.666667	0.0196078	0	0	0	0.00392157	0
06-17 11:32:01.284 19335 20898 I native  : はず	0.317647	0.203922	0.356863	0.054902	0.00784314	0.00784314	0.0392157	0.0196078
06-17 11:32:01.284 19335 20898 I native  : は	0.0196078	0.00784314	0.0196078	0.0117647	0.0235294	0.0352941	0.00784314	0.00392157
06-17 11:32:01.284 19335 20898 I native  : は	0.0235294	0.0156863	0.0392157	0.0196078	0.0117647	0.0352941	0.0117647	0.0117647
06-17 11:32:01.284 19335 20898 I native  : 大	0.0705882	0.0117647	0.141176	0.239216	0.0431373	0.0666667	0.270588	0.145098
06-17 11:32:01.284 19335 20898 I native  : 変身	0	0	0.00784314	0.0117647	0.0470588	0.00784314	0.0235294	0.0117647
06-17 11:32:01.284 19335 20898 I native  : の	0	0	0.00392157	0.00392157	0.054902	0.0666667	0.0313726	0.0156863
06-17 11:32:01.284 19335 20898 I native  : 弱い	0.0313726	0.0117647	0.129412	0.133333	0.109804	0.14902	0.156863	0.184314
06-17 11:32:01.284 19335 20898 I native  : はず	0.0117647	0.00784314	0.0901961	0.0392157	0.0392157	0.211765	0.156863	0.282353
06-17 11:32:01.284 19335 20898 I native  : 弱い	0.00392157	0.00392157	0.054902	0.176471	0.0470588	0.168627	0.12549	0.239216
06-17 11:32:01.284 19335 20898 I native  : 顔	0.00392157	0	0.0117647	0.105882	0.568627	0.0196078	0.027451	0.0392157
06-17 11:32:01.284 19335 20898 I native  : だろ	0.0431373	0.027451	0.0313726	0.0431373	0.00784314	0.164706	0.109804	0.0156863
06-17 11:32:01.284 19335 20898 I native  : ぴー	0.00392157	0	0	0.00392157	0	0.00392157	0	0
06-17 11:32:01.284 19335 20898 I native  : Translation (before postprocess): This is a weak face that is weak
06-17 11:32:01.285 19335 20899 D native  : I0617 11:32:01.285572   20899 mergeddicttrans.cc:1860] The current system has NMT.
06-17 11:32:01.285 19335 20899 D native  : I0617 11:32:01.285635   20899 mergeddicttrans.cc:1866] Sentence #0: ラライテルオレオーバーバスだル
06-17 11:32:01.285 19335 20899 D native  : I0617 11:32:01.285668   20899 mergeddicttrans.cc:1918] To be translated by NMT.
06-17 11:32:01.308 19335 20899 I native  : I0617 11:32:01.308853   20899 mergeddicttrans.cc:1827] Sentence #0: ラライテルオレオーバーバスだル
06-17 11:32:01.308 19335 20899 I native  : I0617 11:32:01.308941   20899 mergeddicttrans.cc:1828] 
06-17 11:32:01.308 19335 20899 I native  : Source language: ja, target language: en
06-17 11:32:01.308 19335 20899 I native  : 
06-17 11:32:01.308 19335 20899 I native  : Has period trick: 0
06-17 11:32:01.308 19335 20899 I native  : 
06-17 11:32:01.308 19335 20899 I native  : Full translation: La Rattail Oleover Bus
06-17 11:32:01.308 19335 20899 I native  : Translate Instance: 
06-17 11:32:01.308 19335 20899 I native  : Query (raw): ラライテルオレオーバーバスだル
06-17 11:32:01.308 19335 20899 I native  : Query (after preprocess): ラライテル オレオーバー バス だ ル
06-17 11:32:01.308 19335 20899 I native  : Query ids (after tokenizer): 260 309 1485 136 55 319 25 372 128 48 804 508 2
06-17 11:32:01.308 19335 20899 I native  : Translation ids: 49 45 57 3008 661 142 234 1103 3473 2
06-17 11:32:01.308 19335 20899 I native  : Translation (after detokenizer): La Rattail Oleover Bus
06-17 11:32:01.308 19335 20899 I native  : Alignment probability:
06-17 11:32:01.308 19335 20899 I native  : 	La	Rattail	Oleover	Bus
06-17 11:32:01.308 19335 20899 I native  : ラライテル	0.794118	0.698039	0.0261438	0
06-17 11:32:01.308 19335 20899 I native  : オレオーバー	0.0117647	0.0444444	0.843137	0.0156863
06-17 11:32:01.308 19335 20899 I native  : バス	0.00196078	0.00130719	0.0405229	0.909804
06-17 11:32:01.308 19335 20899 I native  : だ	0.0921569	0.0431373	0.048366	0.0156863
06-17 11:32:01.308 19335 20899 I native  : ル	0.0784314	0.0196078	0.0143791	0.0196078
06-17 11:32:01.308 19335 20899 I native  : Translation (before postprocess): La Rattail Oleover Bus
06-17 11:32:01.310 19335 20660 D native  : I0617 11:32:01.310173   20660 mergeddicttrans.cc:1860] The current system has NMT.
06-17 11:32:01.310 19335 20660 D native  : I0617 11:32:01.310313   20660 mergeddicttrans.cc:1866] Sentence #0: 3keticho務惑惑闇
06-17 11:32:01.310 19335 20660 D native  : I0617 11:32:01.310389   20660 mergeddicttrans.cc:1918] To be translated by NMT.
06-17 11:32:01.332 19335 20660 I native  : I0617 11:32:01.332183   20660 mergeddicttrans.cc:1827] Sentence #0: 3keticho務惑惑闇
06-17 11:32:01.332 19335 20660 I native  : I0617 11:32:01.332319   20660 mergeddicttrans.cc:1828] 
06-17 11:32:01.332 19335 20660 I native  : Source language: ja, target language: en
06-17 11:32:01.332 19335 20660 I native  : 
06-17 11:32:01.332 19335 20660 I native  : Has period trick: 0
06-17 11:32:01.332 19335 20660 I native  : 
06-17 11:32:01.332 19335 20660 I native  : Full translation: 3keticho major
06-17 11:32:01.332 19335 20660 I native  : Translate Instance: 
06-17 11:32:01.332 19335 20660 I native  : Query (raw): 3keticho務惑惑闇
06-17 11:32:01.332 19335 20660 I native  : Query (after preprocess): 3keticho 務惑惑闇
06-17 11:32:01.332 19335 20660 I native  : Query ids (after tokenizer): 68 169 458 381 80 29 3 1271 2405 2405 3062 2
06-17 11:32:01.332 19335 20660 I native  : Translation ids: 81 204 78 1430 73 2436 2
06-17 11:32:01.332 19335 20660 I native  : Translation (after detokenizer): 3keticho major
06-17 11:32:01.332 19335 20660 I native  : Alignment probability:
06-17 11:32:01.332 19335 20660 I native  : 	3keticho	major
06-17 11:32:01.332 19335 20660 I native  : 3keticho	0.912157	0.0156863
06-17 11:32:01.332 19335 20660 I native  : 務惑惑闇	0.0682353	0.956863
06-17 11:32:01.332 19335 20660 I native  : Translation (before postprocess): 3keticho major
06-17 11:32:01.333 19335 20699 D native  : I0617 11:32:01.333474   20699 mergeddicttrans.cc:1860] The current system has NMT.
06-17 11:32:01.333 19335 20699 D native  : I0617 11:32:01.333553   20699 mergeddicttrans.cc:1866] Sentence #0: 最後海軍家はいる部屋!!!
06-17 11:32:01.333 19335 20699 D native  : I0617 11:32:01.333622   20699 mergeddicttrans.cc:1918] To be translated by NMT.
06-17 11:32:01.358 19335 20699 I native  : I0617 11:32:01.358520   20699 mergeddicttrans.cc:1827] Sentence #0: 最後海軍家はいる部屋!!!
06-17 11:32:01.358 19335 20699 I native  : I0617 11:32:01.358774   20699 mergeddicttrans.cc:1828] 
06-17 11:32:01.358 19335 20699 I native  : Source language: ja, target language: en
06-17 11:32:01.358 19335 20699 I native  : 
06-17 11:32:01.358 19335 20699 I native  : Has period trick: 0
06-17 11:32:01.358 19335 20699 I native  : 
06-17 11:32:01.358 19335 20699 I native  : Full translation: Last Naval House Room !!!
06-17 11:32:01.358 19335 20699 I native  : Translate Instance: 
06-17 11:32:01.358 19335 20699 I native  : Query (raw): 最後海軍家はいる部屋!!!
06-17 11:32:01.358 19335 20699 I native  : Query (after preprocess): 最後 海軍 家 は いる 部屋 !!!
06-17 11:32:01.358 19335 20699 I native  : Query ids (after tokenizer): 188 1093 1261 2780 1052 9 53 140 1262 723 2312 2312 2
06-17 11:32:01.358 19335 20699 I native  : Translation ids: 49 385 92 415 39 82 1378 57 1449 430 3409 3409 2
06-17 11:32:01.358 19335 20699 I native  : Translation (after detokenizer): Last Naval House Room !!!
06-17 11:32:01.358 19335 20699 I native  : Alignment probability:
06-17 11:32:01.358 19335 20699 I native  : 	Last	Naval	House	Room	!!!
06-17 11:32:01.358 19335 20699 I native  : 最後	0.668628	0.0169935	0.00588235	0.00392157	0.00653595
06-17 11:32:01.358 19335 20699 I native  : 海軍	0.0470588	0.875817	0.0294118	0	0
06-17 11:32:01.358 19335 20699 I native  : 家	0.00588235	0.054902	0.482353	0.00588235	0.00784314
06-17 11:32:01.358 19335 20699 I native  : は	0.0215686	0.00261438	0.109804	0.105882	0.0169935
06-17 11:32:01.358 19335 20699 I native  : いる	0.0372549	0.0104575	0.107843	0.107843	0.0457516
06-17 11:32:01.358 19335 20699 I native  : 部屋	0.164706	0.0117647	0.168627	0.692157	0.0954248
06-17 11:32:01.358 19335 20699 I native  : !!!	0.00980392	0.00261438	0.0176471	0.054902	0.718954
06-17 11:32:01.358 19335 20699 I native  : Translation (before postprocess): Last Naval House Room !!!
06-17 11:32:01.506 19335 19335 E IJankManager: slideSceneEnd unknown scene 1000 mScene:-1
06-17 11:32:01.811 19335 19335 I VelocityTracker: LSQ2 speed rezero
06-17 11:32:01.811 19335 19335 I VelocityTracker: LSQ2 speed rezero
06-17 11:32:01.811 19335 19335 I VelocityTracker: LSQ2 speed rezero
06-17 11:32:01.811 19335 19335 I VelocityTracker: LSQ2 speed rezero
06-17 11:32:01.811 19335 19335 I VelocityTracker: LSQ2 speed rezero
06-17 11:32:01.811 19335 19335 I VelocityTracker: LSQ2 speed rezero
06-17 11:32:01.811 19335 19335 I VelocityTracker: LSQ2 speed rezero
06-17 11:32:01.811 19335 19335 I VelocityTracker: LSQ2 speed rezero
06-17 11:32:01.811 19335 19335 I VelocityTracker: LSQ2 speed rezero
06-17 11:32:01.812 19335 19335 I VelocityTracker: LSQ2 speed rezero
06-17 11:32:01.812 19335 19335 I VelocityTracker: LSQ2 speed rezero
06-17 11:32:01.812 19335 19335 I VelocityTracker: LSQ2 speed rezero
06-17 11:32:01.812 19335 19335 D OplusViewDragTouchViewHelper: dispatchTouchView action = 1
06-17 11:32:01.812 19335 19335 I VelocityTracker: LSQ2 speed rezero
06-17 11:32:01.812 19335 19335 I VelocityTracker: LSQ2 speed rezero
06-17 11:32:01.812 19335 19335 D ViewRootImplExtImpl: the up motion event handled by client, just return
06-17 11:32:02.205 19335 20131 I Quality : BitmapCompressInfo:1350,1920,2,90,490929583
06-17 11:32:02.523 19335 19335 E IJankManager: slideSceneEnd unknown scene 1000 mScene:-1
06-17 11:32:02.772 19335 19335 D OplusViewDragTouchViewHelper: dispatchTouchView action = 1
06-17 11:32:02.772 19335 19335 D ViewRootImplExtImpl: the up motion event handled by client, just return
06-17 11:32:14.151 19335 19991 I Quality : BitmapCompressInfo:1350,1920,1,100,858436093
06-17 11:32:14.186 19335 20888 D native  : I0617 11:32:14.186071   20888 mergeddicttrans.cc:1860] The current system has NMT.
06-17 11:32:14.186 19335 20888 D native  : I0617 11:32:14.186491   20888 mergeddicttrans.cc:1866] Sentence #0: このははずはは大変身の弱いはず弱い顔だろぴー
06-17 11:32:14.186 19335 20888 D native  : I0617 11:32:14.186575   20888 mergeddicttrans.cc:1918] To be translated by NMT.
06-17 11:32:14.229 19335 20888 I native  : I0617 11:32:14.229775   20888 mergeddicttrans.cc:1827] Sentence #0: このははずはは大変身の弱いはず弱い顔だろぴー
06-17 11:32:14.230 19335 20888 I native  : I0617 11:32:14.230021   20888 mergeddicttrans.cc:1828] 
06-17 11:32:14.230 19335 20888 I native  : Source language: ja, target language: en
06-17 11:32:14.230 19335 20888 I native  : 
06-17 11:32:14.230 19335 20888 I native  : Has period trick: 0
06-17 11:32:14.230 19335 20888 I native  : 
06-17 11:32:14.230 19335 20888 I native  : Full translation: This is a weak face that is weak
06-17 11:32:14.230 19335 20888 I native  : Translate Instance: 
06-17 11:32:14.230 19335 20888 I native  : Query (raw): このははずはは大変身の弱いはず弱い顔だろぴー
06-17 11:32:14.230 19335 20888 I native  : Query (after preprocess): この は はず は は 大 変身 の 弱い はず 弱い 顔 だろ ぴー
06-17 11:32:14.230 19335 20888 I native  : Query ids (after tokenizer): 61 9 9 512 9 9 445 241 1384 4 2146 44 9 512 2146 44 3 1561 804 733 3 2658 25 2
06-17 11:32:14.230 19335 20888 I native  : Translation ids: 149 11 9 3152 2361 30 11 3152 2
06-17 11:32:14.230 19335 20888 I native  : Translation (after detokenizer): This is a weak face that is weak
06-17 11:32:14.230 19335 20888 I native  : Alignment probability:
06-17 11:32:14.230 19335 20888 I native  : 	This	is	a	weak	face	that	is	weak
06-17 11:32:14.230 19335 20888 I native  : この	0.392157	0.0196078	0.0196078	0	0	0	0.0117647	0
06-17 11:32:14.230 19335 20888 I native  : は	0.0392157	0.666667	0.0196078	0	0	0	0.00392157	0
06-17 11:32:14.230 19335 20888 I native  : はず	0.317647	0.203922	0.356863	0.054902	0.00784314	0.00784314	0.0392157	0.0196078
06-17 11:32:14.230 19335 20888 I native  : は	0.0196078	0.00784314	0.0196078	0.0117647	0.0235294	0.0352941	0.00784314	0.00392157
06-17 11:32:14.230 19335 20888 I native  : は	0.0235294	0.0156863	0.0392157	0.0196078	0.0117647	0.0352941	0.0117647	0.0117647
06-17 11:32:14.230 19335 20888 I native  : 大	0.0705882	0.0117647	0.141176	0.239216	0.0431373	0.0666667	0.270588	0.145098
06-17 11:32:14.230 19335 20888 I native  : 変身	0	0	0.00784314	0.0117647	0.0470588	0.00784314	0.0235294	0.0117647
06-17 11:32:14.230 19335 20888 I native  : の	0	0	0.00392157	0.00392157	0.054902	0.0666667	0.0313726	0.0156863
06-17 11:32:14.230 19335 20888 I native  : 弱い	0.0313726	0.0117647	0.129412	0.133333	0.109804	0.14902	0.156863	0.184314
06-17 11:32:14.230 19335 20888 I native  : はず	0.0117647	0.00784314	0.0901961	0.0392157	0.0392157	0.211765	0.156863	0.282353
06-17 11:32:14.230 19335 20888 I native  : 弱い	0.00392157	0.00392157	0.054902	0.176471	0.0470588	0.168627	0.12549	0.239216
06-17 11:32:14.230 19335 20888 I native  : 顔	0.00392157	0	0.0117647	0.105882	0.568627	0.0196078	0.027451	0.0392157
06-17 11:32:14.230 19335 20888 I native  : だろ	0.0431373	0.027451	0.0313726	0.0431373	0.00784314	0.164706	0.109804	0.0156863
06-17 11:32:14.230 19335 20888 I native  : ぴー	0.00392157	0	0	0.00392157	0	0.00392157	0	0
06-17 11:32:14.230 19335 20888 I native  : Translation (before postprocess): This is a weak face that is weak
06-17 11:32:14.236 19335 20892 D native  : I0617 11:32:14.236804   20892 mergeddicttrans.cc:1860] The current system has NMT.
06-17 11:32:14.236 19335 20892 D native  : I0617 11:32:14.236920   20892 mergeddicttrans.cc:1866] Sentence #0: ラライテルオレオーバーバスだル
06-17 11:32:14.236 19335 20892 D native  : I0617 11:32:14.236974   20892 mergeddicttrans.cc:1918] To be translated by NMT.
06-17 11:32:14.263 19335 20892 I native  : I0617 11:32:14.263887   20892 mergeddicttrans.cc:1827] Sentence #0: ラライテルオレオーバーバスだル
06-17 11:32:14.264 19335 20892 I native  : I0617 11:32:14.264011   20892 mergeddicttrans.cc:1828] 
06-17 11:32:14.264 19335 20892 I native  : Source language: ja, target language: en
06-17 11:32:14.264 19335 20892 I native  : 
06-17 11:32:14.264 19335 20892 I native  : Has period trick: 0
06-17 11:32:14.264 19335 20892 I native  : 
06-17 11:32:14.264 19335 20892 I native  : Full translation: La Rattail Oleover Bus
06-17 11:32:14.264 19335 20892 I native  : Translate Instance: 
06-17 11:32:14.264 19335 20892 I native  : Query (raw): ラライテルオレオーバーバスだル
06-17 11:32:14.264 19335 20892 I native  : Query (after preprocess): ラライテル オレオーバー バス だ ル
06-17 11:32:14.264 19335 20892 I native  : Query ids (after tokenizer): 260 309 1485 136 55 319 25 372 128 48 804 508 2
06-17 11:32:14.264 19335 20892 I native  : Translation ids: 49 45 57 3008 661 142 234 1103 3473 2
06-17 11:32:14.264 19335 20892 I native  : Translation (after detokenizer): La Rattail Oleover Bus
06-17 11:32:14.264 19335 20892 I native  : Alignment probability:
06-17 11:32:14.264 19335 20892 I native  : 	La	Rattail	Oleover	Bus
06-17 11:32:14.264 19335 20892 I native  : ラライテル	0.794118	0.698039	0.0261438	0
06-17 11:32:14.264 19335 20892 I native  : オレオーバー	0.0117647	0.0444444	0.843137	0.0156863
06-17 11:32:14.264 19335 20892 I native  : バス	0.00196078	0.00130719	0.0405229	0.909804
06-17 11:32:14.264 19335 20892 I native  : だ	0.0921569	0.0431373	0.048366	0.0156863
06-17 11:32:14.264 19335 20892 I native  : ル	0.0784314	0.0196078	0.0143791	0.0196078
06-17 11:32:14.264 19335 20892 I native  : Translation (before postprocess): La Rattail Oleover Bus
06-17 11:32:14.265 19335 20893 D native  : I0617 11:32:14.265761   20893 mergeddicttrans.cc:1860] The current system has NMT.
06-17 11:32:14.265 19335 20893 D native  : I0617 11:32:14.265823   20893 mergeddicttrans.cc:1866] Sentence #0: 3keticho務惑惑闇
06-17 11:32:14.265 19335 20893 D native  : I0617 11:32:14.265858   20893 mergeddicttrans.cc:1918] To be translated by NMT.
06-17 11:32:14.289 19335 20893 I native  : I0617 11:32:14.289170   20893 mergeddicttrans.cc:1827] Sentence #0: 3keticho務惑惑闇
06-17 11:32:14.289 19335 20893 I native  : I0617 11:32:14.289283   20893 mergeddicttrans.cc:1828] 
06-17 11:32:14.289 19335 20893 I native  : Source language: ja, target language: en
06-17 11:32:14.289 19335 20893 I native  : 
06-17 11:32:14.289 19335 20893 I native  : Has period trick: 0
06-17 11:32:14.289 19335 20893 I native  : 
06-17 11:32:14.289 19335 20893 I native  : Full translation: 3keticho major
06-17 11:32:14.289 19335 20893 I native  : Translate Instance: 
06-17 11:32:14.289 19335 20893 I native  : Query (raw): 3keticho務惑惑闇
06-17 11:32:14.289 19335 20893 I native  : Query (after preprocess): 3keticho 務惑惑闇
06-17 11:32:14.289 19335 20893 I native  : Query ids (after tokenizer): 68 169 458 381 80 29 3 1271 2405 2405 3062 2
06-17 11:32:14.289 19335 20893 I native  : Translation ids: 81 204 78 1430 73 2436 2
06-17 11:32:14.289 19335 20893 I native  : Translation (after detokenizer): 3keticho major
06-17 11:32:14.289 19335 20893 I native  : Alignment probability:
06-17 11:32:14.289 19335 20893 I native  : 	3keticho	major
06-17 11:32:14.289 19335 20893 I native  : 3keticho	0.912157	0.0156863
06-17 11:32:14.289 19335 20893 I native  : 務惑惑闇	0.0682353	0.956863
06-17 11:32:14.289 19335 20893 I native  : Translation (before postprocess): 3keticho major
06-17 11:32:14.290 19335 20894 D native  : I0617 11:32:14.290773   20894 mergeddicttrans.cc:1860] The current system has NMT.
06-17 11:32:14.290 19335 20894 D native  : I0617 11:32:14.290888   20894 mergeddicttrans.cc:1866] Sentence #0: 最後海軍家はいる部屋!!!
06-17 11:32:14.290 19335 20894 D native  : I0617 11:32:14.290923   20894 mergeddicttrans.cc:1918] To be translated by NMT.
06-17 11:32:14.320 19335 20894 I native  : I0617 11:32:14.320409   20894 mergeddicttrans.cc:1827] Sentence #0: 最後海軍家はいる部屋!!!
06-17 11:32:14.320 19335 20894 I native  : I0617 11:32:14.320491   20894 mergeddicttrans.cc:1828] 
06-17 11:32:14.320 19335 20894 I native  : Source language: ja, target language: en
06-17 11:32:14.320 19335 20894 I native  : 
06-17 11:32:14.320 19335 20894 I native  : Has period trick: 0
06-17 11:32:14.320 19335 20894 I native  : 
06-17 11:32:14.320 19335 20894 I native  : Full translation: Last Naval House Room !!!
06-17 11:32:14.320 19335 20894 I native  : Translate Instance: 
06-17 11:32:14.320 19335 20894 I native  : Query (raw): 最後海軍家はいる部屋!!!
06-17 11:32:14.320 19335 20894 I native  : Query (after preprocess): 最後 海軍 家 は いる 部屋 !!!
06-17 11:32:14.320 19335 20894 I native  : Query ids (after tokenizer): 188 1093 1261 2780 1052 9 53 140 1262 723 2312 2312 2
06-17 11:32:14.320 19335 20894 I native  : Translation ids: 49 385 92 415 39 82 1378 57 1449 430 3409 3409 2
06-17 11:32:14.320 19335 20894 I native  : Translation (after detokenizer): Last Naval House Room !!!
06-17 11:32:14.320 19335 20894 I native  : Alignment probability:
06-17 11:32:14.320 19335 20894 I native  : 	Last	Naval	House	Room	!!!
06-17 11:32:14.320 19335 20894 I native  : 最後	0.668628	0.0169935	0.00588235	0.00392157	0.00653595
06-17 11:32:14.320 19335 20894 I native  : 海軍	0.0470588	0.875817	0.0294118	0	0
06-17 11:32:14.320 19335 20894 I native  : 家	0.00588235	0.054902	0.482353	0.00588235	0.00784314
06-17 11:32:14.320 19335 20894 I native  : は	0.0215686	0.00261438	0.109804	0.105882	0.0169935
06-17 11:32:14.320 19335 20894 I native  : いる	0.0372549	0.0104575	0.107843	0.107843	0.0457516
06-17 11:32:14.320 19335 20894 I native  : 部屋	0.164706	0.0117647	0.168627	0.692157	0.0954248
06-17 11:32:14.320 19335 20894 I native  : !!!	0.00980392	0.00261438	0.0176471	0.054902	0.718954
06-17 11:32:14.320 19335 20894 I native  : Translation (before postprocess): Last Naval House Room !!!
06-17 11:32:15.184 19335 20152 I Quality : BitmapCompressInfo:1350,1920,2,90,461055469
06-17 11:32:27.045 19335 20152 I Quality : BitmapCompressInfo:1350,1920,1,100,822462761
06-17 11:32:27.090 19335 20898 D native  : I0617 11:32:27.089958   20898 mergeddicttrans.cc:1860] The current system has NMT.
06-17 11:32:27.090 19335 20898 D native  : I0617 11:32:27.090149   20898 mergeddicttrans.cc:1866] Sentence #0: このははずはは大変身の弱いはず弱い顔だろぴー
06-17 11:32:27.090 19335 20898 D native  : I0617 11:32:27.090200   20898 mergeddicttrans.cc:1918] To be translated by NMT.
06-17 11:32:27.127 19335 20898 I native  : I0617 11:32:27.127288   20898 mergeddicttrans.cc:1827] Sentence #0: このははずはは大変身の弱いはず弱い顔だろぴー
06-17 11:32:27.127 19335 20898 I native  : I0617 11:32:27.127419   20898 mergeddicttrans.cc:1828] 
06-17 11:32:27.127 19335 20898 I native  : Source language: ja, target language: en
06-17 11:32:27.127 19335 20898 I native  : 
06-17 11:32:27.127 19335 20898 I native  : Has period trick: 0
06-17 11:32:27.127 19335 20898 I native  : 
06-17 11:32:27.127 19335 20898 I native  : Full translation: This is a weak face that is weak
06-17 11:32:27.127 19335 20898 I native  : Translate Instance: 
06-17 11:32:27.127 19335 20898 I native  : Query (raw): このははずはは大変身の弱いはず弱い顔だろぴー
06-17 11:32:27.127 19335 20898 I native  : Query (after preprocess): この は はず は は 大 変身 の 弱い はず 弱い 顔 だろ ぴー
06-17 11:32:27.127 19335 20898 I native  : Query ids (after tokenizer): 61 9 9 512 9 9 445 241 1384 4 2146 44 9 512 2146 44 3 1561 804 733 3 2658 25 2
06-17 11:32:27.127 19335 20898 I native  : Translation ids: 149 11 9 3152 2361 30 11 3152 2
06-17 11:32:27.127 19335 20898 I native  : Translation (after detokenizer): This is a weak face that is weak
06-17 11:32:27.127 19335 20898 I native  : Alignment probability:
06-17 11:32:27.127 19335 20898 I native  : 	This	is	a	weak	face	that	is	weak
06-17 11:32:27.127 19335 20898 I native  : この	0.392157	0.0196078	0.0196078	0	0	0	0.0117647	0
06-17 11:32:27.127 19335 20898 I native  : は	0.0392157	0.666667	0.0196078	0	0	0	0.00392157	0
06-17 11:32:27.127 19335 20898 I native  : はず	0.317647	0.203922	0.356863	0.054902	0.00784314	0.00784314	0.0392157	0.0196078
06-17 11:32:27.127 19335 20898 I native  : は	0.0196078	0.00784314	0.0196078	0.0117647	0.0235294	0.0352941	0.00784314	0.00392157
06-17 11:32:27.127 19335 20898 I native  : は	0.0235294	0.0156863	0.0392157	0.0196078	0.0117647	0.0352941	0.0117647	0.0117647
06-17 11:32:27.127 19335 20898 I native  : 大	0.0705882	0.0117647	0.141176	0.239216	0.0431373	0.0666667	0.270588	0.145098
06-17 11:32:27.127 19335 20898 I native  : 変身	0	0	0.00784314	0.0117647	0.0470588	0.00784314	0.0235294	0.0117647
06-17 11:32:27.127 19335 20898 I native  : の	0	0	0.00392157	0.00392157	0.054902	0.0666667	0.0313726	0.0156863
06-17 11:32:27.127 19335 20898 I native  : 弱い	0.0313726	0.0117647	0.129412	0.133333	0.109804	0.14902	0.156863	0.184314
06-17 11:32:27.127 19335 20898 I native  : はず	0.0117647	0.00784314	0.0901961	0.0392157	0.0392157	0.211765	0.156863	0.282353
06-17 11:32:27.127 19335 20898 I native  : 弱い	0.00392157	0.00392157	0.054902	0.176471	0.0470588	0.168627	0.12549	0.239216
06-17 11:32:27.127 19335 20898 I native  : 顔	0.00392157	0	0.0117647	0.105882	0.568627	0.0196078	0.027451	0.0392157
06-17 11:32:27.127 19335 20898 I native  : だろ	0.0431373	0.027451	0.0313726	0.0431373	0.00784314	0.164706	0.109804	0.0156863
06-17 11:32:27.127 19335 20898 I native  : ぴー	0.00392157	0	0	0.00392157	0	0.00392157	0	0
06-17 11:32:27.127 19335 20898 I native  : Translation (before postprocess): This is a weak face that is weak
06-17 11:32:27.129 19335 20899 D native  : I0617 11:32:27.129626   20899 mergeddicttrans.cc:1860] The current system has NMT.
06-17 11:32:27.129 19335 20899 D native  : I0617 11:32:27.129701   20899 mergeddicttrans.cc:1866] Sentence #0: ラライテルオレオーバーバスだル
06-17 11:32:27.129 19335 20899 D native  : I0617 11:32:27.129749   20899 mergeddicttrans.cc:1918] To be translated by NMT.
06-17 11:32:27.154 19335 20899 I native  : I0617 11:32:27.154271   20899 mergeddicttrans.cc:1827] Sentence #0: ラライテルオレオーバーバスだル
06-17 11:32:27.154 19335 20899 I native  : I0617 11:32:27.154319   20899 mergeddicttrans.cc:1828] 
06-17 11:32:27.154 19335 20899 I native  : Source language: ja, target language: en
06-17 11:32:27.154 19335 20899 I native  : 
06-17 11:32:27.154 19335 20899 I native  : Has period trick: 0
06-17 11:32:27.154 19335 20899 I native  : 
06-17 11:32:27.154 19335 20899 I native  : Full translation: La Rattail Oleover Bus
06-17 11:32:27.154 19335 20899 I native  : Translate Instance: 
06-17 11:32:27.154 19335 20899 I native  : Query (raw): ラライテルオレオーバーバスだル
06-17 11:32:27.154 19335 20899 I native  : Query (after preprocess): ラライテル オレオーバー バス だ ル
06-17 11:32:27.154 19335 20899 I native  : Query ids (after tokenizer): 260 309 1485 136 55 319 25 372 128 48 804 508 2
06-17 11:32:27.154 19335 20899 I native  : Translation ids: 49 45 57 3008 661 142 234 1103 3473 2
06-17 11:32:27.154 19335 20899 I native  : Translation (after detokenizer): La Rattail Oleover Bus
06-17 11:32:27.154 19335 20899 I native  : Alignment probability:
06-17 11:32:27.154 19335 20899 I native  : 	La	Rattail	Oleover	Bus
06-17 11:32:27.154 19335 20899 I native  : ラライテル	0.794118	0.698039	0.0261438	0
06-17 11:32:27.154 19335 20899 I native  : オレオーバー	0.0117647	0.0444444	0.843137	0.0156863
06-17 11:32:27.154 19335 20899 I native  : バス	0.00196078	0.00130719	0.0405229	0.909804
06-17 11:32:27.154 19335 20899 I native  : だ	0.0921569	0.0431373	0.048366	0.0156863
06-17 11:32:27.154 19335 20899 I native  : ル	0.0784314	0.0196078	0.0143791	0.0196078
06-17 11:32:27.154 19335 20899 I native  : Translation (before postprocess): La Rattail Oleover Bus
06-17 11:32:27.155 19335 20660 D native  : I0617 11:32:27.155177   20660 mergeddicttrans.cc:1860] The current system has NMT.
06-17 11:32:27.155 19335 20660 D native  : I0617 11:32:27.155203   20660 mergeddicttrans.cc:1866] Sentence #0: 3keticho務惑惑闇
06-17 11:32:27.155 19335 20660 D native  : I0617 11:32:27.155230   20660 mergeddicttrans.cc:1918] To be translated by NMT.
06-17 11:32:27.178 19335 20660 I native  : I0617 11:32:27.178381   20660 mergeddicttrans.cc:1827] Sentence #0: 3keticho務惑惑闇
06-17 11:32:27.178 19335 20660 I native  : I0617 11:32:27.178507   20660 mergeddicttrans.cc:1828] 
06-17 11:32:27.178 19335 20660 I native  : Source language: ja, target language: en
06-17 11:32:27.178 19335 20660 I native  : 
06-17 11:32:27.178 19335 20660 I native  : Has period trick: 0
06-17 11:32:27.178 19335 20660 I native  : 
06-17 11:32:27.178 19335 20660 I native  : Full translation: 3keticho major
06-17 11:32:27.178 19335 20660 I native  : Translate Instance: 
06-17 11:32:27.178 19335 20660 I native  : Query (raw): 3keticho務惑惑闇
06-17 11:32:27.178 19335 20660 I native  : Query (after preprocess): 3keticho 務惑惑闇
06-17 11:32:27.178 19335 20660 I native  : Query ids (after tokenizer): 68 169 458 381 80 29 3 1271 2405 2405 3062 2
06-17 11:32:27.178 19335 20660 I native  : Translation ids: 81 204 78 1430 73 2436 2
06-17 11:32:27.178 19335 20660 I native  : Translation (after detokenizer): 3keticho major
06-17 11:32:27.178 19335 20660 I native  : Alignment probability:
06-17 11:32:27.178 19335 20660 I native  : 	3keticho	major
06-17 11:32:27.178 19335 20660 I native  : 3keticho	0.912157	0.0156863
06-17 11:32:27.178 19335 20660 I native  : 務惑惑闇	0.0682353	0.956863
06-17 11:32:27.178 19335 20660 I native  : Translation (before postprocess): 3keticho major
06-17 11:32:27.182 19335 20699 D native  : I0617 11:32:27.182292   20699 mergeddicttrans.cc:1860] The current system has NMT.
06-17 11:32:27.182 19335 20699 D native  : I0617 11:32:27.182478   20699 mergeddicttrans.cc:1866] Sentence #0: 最後海軍家はいる部屋!!!
06-17 11:32:27.182 19335 20699 D native  : I0617 11:32:27.182656   20699 mergeddicttrans.cc:1918] To be translated by NMT.
06-17 11:32:27.210 19335 20699 I native  : I0617 11:32:27.210306   20699 mergeddicttrans.cc:1827] Sentence #0: 最後海軍家はいる部屋!!!
06-17 11:32:27.210 19335 20699 I native  : I0617 11:32:27.210514   20699 mergeddicttrans.cc:1828] 
06-17 11:32:27.210 19335 20699 I native  : Source language: ja, target language: en
06-17 11:32:27.210 19335 20699 I native  : 
06-17 11:32:27.210 19335 20699 I native  : Has period trick: 0
06-17 11:32:27.210 19335 20699 I native  : 
06-17 11:32:27.210 19335 20699 I native  : Full translation: Last Naval House Room !!!
06-17 11:32:27.210 19335 20699 I native  : Translate Instance: 
06-17 11:32:27.210 19335 20699 I native  : Query (raw): 最後海軍家はいる部屋!!!
06-17 11:32:27.210 19335 20699 I native  : Query (after preprocess): 最後 海軍 家 は いる 部屋 !!!
06-17 11:32:27.210 19335 20699 I native  : Query ids (after tokenizer): 188 1093 1261 2780 1052 9 53 140 1262 723 2312 2312 2
06-17 11:32:27.210 19335 20699 I native  : Translation ids: 49 385 92 415 39 82 1378 57 1449 430 3409 3409 2
06-17 11:32:27.210 19335 20699 I native  : Translation (after detokenizer): Last Naval House Room !!!
06-17 11:32:27.210 19335 20699 I native  : Alignment probability:
06-17 11:32:27.210 19335 20699 I native  : 	Last	Naval	House	Room	!!!
06-17 11:32:27.210 19335 20699 I native  : 最後	0.668628	0.0169935	0.00588235	0.00392157	0.00653595
06-17 11:32:27.210 19335 20699 I native  : 海軍	0.0470588	0.875817	0.0294118	0	0
06-17 11:32:27.210 19335 20699 I native  : 家	0.00588235	0.054902	0.482353	0.00588235	0.00784314
06-17 11:32:27.210 19335 20699 I native  : は	0.0215686	0.00261438	0.109804	0.105882	0.0169935
06-17 11:32:27.210 19335 20699 I native  : いる	0.0372549	0.0104575	0.107843	0.107843	0.0457516
06-17 11:32:27.210 19335 20699 I native  : 部屋	0.164706	0.0117647	0.168627	0.692157	0.0954248
06-17 11:32:27.210 19335 20699 I native  : !!!	0.00980392	0.00261438	0.0176471	0.054902	0.718954
06-17 11:32:27.210 19335 20699 I native  : Translation (before postprocess): Last Naval House Room !!!
06-17 11:32:28.139 19335 20131 I Quality : BitmapCompressInfo:1350,1920,2,90,511387396
06-17 11:32:40.053 19335 20131 I Quality : BitmapCompressInfo:1350,1920,1,100,839074270
06-17 11:32:40.085 19335 20888 D native  : I0617 11:32:40.085461   20888 mergeddicttrans.cc:1860] The current system has NMT.
06-17 11:32:40.085 19335 20888 D native  : I0617 11:32:40.085692   20888 mergeddicttrans.cc:1866] Sentence #0: このははずはは大変身の弱いはず弱い顔だろぴー
06-17 11:32:40.085 19335 20888 D native  : I0617 11:32:40.085764   20888 mergeddicttrans.cc:1918] To be translated by NMT.
06-17 11:32:40.125 19335 20888 I native  : I0617 11:32:40.125829   20888 mergeddicttrans.cc:1827] Sentence #0: このははずはは大変身の弱いはず弱い顔だろぴー
06-17 11:32:40.125 19335 20888 I native  : I0617 11:32:40.125944   20888 mergeddicttrans.cc:1828] 
06-17 11:32:40.125 19335 20888 I native  : Source language: ja, target language: en
06-17 11:32:40.125 19335 20888 I native  : 
06-17 11:32:40.125 19335 20888 I native  : Has period trick: 0
06-17 11:32:40.125 19335 20888 I native  : 
06-17 11:32:40.125 19335 20888 I native  : Full translation: This is a weak face that is weak
06-17 11:32:40.125 19335 20888 I native  : Translate Instance: 
06-17 11:32:40.125 19335 20888 I native  : Query (raw): このははずはは大変身の弱いはず弱い顔だろぴー
06-17 11:32:40.125 19335 20888 I native  : Query (after preprocess): この は はず は は 大 変身 の 弱い はず 弱い 顔 だろ ぴー
06-17 11:32:40.125 19335 20888 I native  : Query ids (after tokenizer): 61 9 9 512 9 9 445 241 1384 4 2146 44 9 512 2146 44 3 1561 804 733 3 2658 25 2
06-17 11:32:40.125 19335 20888 I native  : Translation ids: 149 11 9 3152 2361 30 11 3152 2
06-17 11:32:40.125 19335 20888 I native  : Translation (after detokenizer): This is a weak face that is weak
06-17 11:32:40.125 19335 20888 I native  : Alignment probability:
06-17 11:32:40.125 19335 20888 I native  : 	This	is	a	weak	face	that	is	weak
06-17 11:32:40.125 19335 20888 I native  : この	0.392157	0.0196078	0.0196078	0	0	0	0.0117647	0
06-17 11:32:40.125 19335 20888 I native  : は	0.0392157	0.666667	0.0196078	0	0	0	0.00392157	0
06-17 11:32:40.125 19335 20888 I native  : はず	0.317647	0.203922	0.356863	0.054902	0.00784314	0.00784314	0.0392157	0.0196078
06-17 11:32:40.125 19335 20888 I native  : は	0.0196078	0.00784314	0.0196078	0.0117647	0.0235294	0.0352941	0.00784314	0.00392157
06-17 11:32:40.125 19335 20888 I native  : は	0.0235294	0.0156863	0.0392157	0.0196078	0.0117647	0.0352941	0.0117647	0.0117647
06-17 11:32:40.125 19335 20888 I native  : 大	0.0705882	0.0117647	0.141176	0.239216	0.0431373	0.0666667	0.270588	0.145098
06-17 11:32:40.125 19335 20888 I native  : 変身	0	0	0.00784314	0.0117647	0.0470588	0.00784314	0.0235294	0.0117647
06-17 11:32:40.125 19335 20888 I native  : の	0	0	0.00392157	0.00392157	0.054902	0.0666667	0.0313726	0.0156863
06-17 11:32:40.125 19335 20888 I native  : 弱い	0.0313726	0.0117647	0.129412	0.133333	0.109804	0.14902	0.156863	0.184314
06-17 11:32:40.125 19335 20888 I native  : はず	0.0117647	0.00784314	0.0901961	0.0392157	0.0392157	0.211765	0.156863	0.282353
06-17 11:32:40.125 19335 20888 I native  : 弱い	0.00392157	0.00392157	0.054902	0.176471	0.0470588	0.168627	0.12549	0.239216
06-17 11:32:40.125 19335 20888 I native  : 顔	0.00392157	0	0.0117647	0.105882	0.568627	0.0196078	0.027451	0.0392157
06-17 11:32:40.125 19335 20888 I native  : だろ	0.0431373	0.027451	0.0313726	0.0431373	0.00784314	0.164706	0.109804	0.0156863
06-17 11:32:40.125 19335 20888 I native  : ぴー	0.00392157	0	0	0.00392157	0	0.00392157	0	0
06-17 11:32:40.125 19335 20888 I native  : Translation (before postprocess): This is a weak face that is weak
06-17 11:32:40.129 19335 20892 D native  : I0617 11:32:40.129453   20892 mergeddicttrans.cc:1860] The current system has NMT.
06-17 11:32:40.129 19335 20892 D native  : I0617 11:32:40.129511   20892 mergeddicttrans.cc:1866] Sentence #0: ラライテルオレオーバーバスだル
06-17 11:32:40.129 19335 20892 D native  : I0617 11:32:40.129542   20892 mergeddicttrans.cc:1918] To be translated by NMT.
06-17 11:32:40.154 19335 20892 I native  : I0617 11:32:40.154793   20892 mergeddicttrans.cc:1827] Sentence #0: ラライテルオレオーバーバスだル
06-17 11:32:40.154 19335 20892 I native  : I0617 11:32:40.154886   20892 mergeddicttrans.cc:1828] 
06-17 11:32:40.154 19335 20892 I native  : Source language: ja, target language: en
06-17 11:32:40.154 19335 20892 I native  : 
06-17 11:32:40.154 19335 20892 I native  : Has period trick: 0
06-17 11:32:40.154 19335 20892 I native  : 
06-17 11:32:40.154 19335 20892 I native  : Full translation: La Rattail Oleover Bus
06-17 11:32:40.154 19335 20892 I native  : Translate Instance: 
06-17 11:32:40.154 19335 20892 I native  : Query (raw): ラライテルオレオーバーバスだル
06-17 11:32:40.154 19335 20892 I native  : Query (after preprocess): ラライテル オレオーバー バス だ ル
06-17 11:32:40.154 19335 20892 I native  : Query ids (after tokenizer): 260 309 1485 136 55 319 25 372 128 48 804 508 2
06-17 11:32:40.154 19335 20892 I native  : Translation ids: 49 45 57 3008 661 142 234 1103 3473 2
06-17 11:32:40.154 19335 20892 I native  : Translation (after detokenizer): La Rattail Oleover Bus
06-17 11:32:40.154 19335 20892 I native  : Alignment probability:
06-17 11:32:40.154 19335 20892 I native  : 	La	Rattail	Oleover	Bus
06-17 11:32:40.154 19335 20892 I native  : ラライテル	0.794118	0.698039	0.0261438	0
06-17 11:32:40.154 19335 20892 I native  : オレオーバー	0.0117647	0.0444444	0.843137	0.0156863
06-17 11:32:40.154 19335 20892 I native  : バス	0.00196078	0.00130719	0.0405229	0.909804
06-17 11:32:40.154 19335 20892 I native  : だ	0.0921569	0.0431373	0.048366	0.0156863
06-17 11:32:40.154 19335 20892 I native  : ル	0.0784314	0.0196078	0.0143791	0.0196078
06-17 11:32:40.154 19335 20892 I native  : Translation (before postprocess): La Rattail Oleover Bus
06-17 11:32:40.157 19335 20893 D native  : I0617 11:32:40.157802   20893 mergeddicttrans.cc:1860] The current system has NMT.
06-17 11:32:40.157 19335 20893 D native  : I0617 11:32:40.157863   20893 mergeddicttrans.cc:1866] Sentence #0: 3keticho務惑惑闇
06-17 11:32:40.157 19335 20893 D native  : I0617 11:32:40.157891   20893 mergeddicttrans.cc:1918] To be translated by NMT.
06-17 11:32:40.180 19335 20893 I native  : I0617 11:32:40.180577   20893 mergeddicttrans.cc:1827] Sentence #0: 3keticho務惑惑闇
06-17 11:32:40.180 19335 20893 I native  : I0617 11:32:40.180678   20893 mergeddicttrans.cc:1828] 
06-17 11:32:40.180 19335 20893 I native  : Source language: ja, target language: en
06-17 11:32:40.180 19335 20893 I native  : 
06-17 11:32:40.180 19335 20893 I native  : Has period trick: 0
06-17 11:32:40.180 19335 20893 I native  : 
06-17 11:32:40.180 19335 20893 I native  : Full translation: 3keticho major
06-17 11:32:40.180 19335 20893 I native  : Translate Instance: 
06-17 11:32:40.180 19335 20893 I native  : Query (raw): 3keticho務惑惑闇
06-17 11:32:40.180 19335 20893 I native  : Query (after preprocess): 3keticho 務惑惑闇
06-17 11:32:40.180 19335 20893 I native  : Query ids (after tokenizer): 68 169 458 381 80 29 3 1271 2405 2405 3062 2
06-17 11:32:40.180 19335 20893 I native  : Translation ids: 81 204 78 1430 73 2436 2
06-17 11:32:40.180 19335 20893 I native  : Translation (after detokenizer): 3keticho major
06-17 11:32:40.180 19335 20893 I native  : Alignment probability:
06-17 11:32:40.180 19335 20893 I native  : 	3keticho	major
06-17 11:32:40.180 19335 20893 I native  : 3keticho	0.912157	0.0156863
06-17 11:32:40.180 19335 20893 I native  : 務惑惑闇	0.0682353	0.956863
06-17 11:32:40.180 19335 20893 I native  : Translation (before postprocess): 3keticho major
06-17 11:32:40.182 19335 20894 D native  : I0617 11:32:40.182926   20894 mergeddicttrans.cc:1860] The current system has NMT.
06-17 11:32:40.182 19335 20894 D native  : I0617 11:32:40.182989   20894 mergeddicttrans.cc:1866] Sentence #0: 最後海軍家はいる部屋!!!
06-17 11:32:40.183 19335 20894 D native  : I0617 11:32:40.183018   20894 mergeddicttrans.cc:1918] To be translated by NMT.
06-17 11:32:40.208 19335 20894 I native  : I0617 11:32:40.208403   20894 mergeddicttrans.cc:1827] Sentence #0: 最後海軍家はいる部屋!!!
06-17 11:32:40.208 19335 20894 I native  : I0617 11:32:40.208517   20894 mergeddicttrans.cc:1828] 
06-17 11:32:40.208 19335 20894 I native  : Source language: ja, target language: en
06-17 11:32:40.208 19335 20894 I native  : 
06-17 11:32:40.208 19335 20894 I native  : Has period trick: 0
06-17 11:32:40.208 19335 20894 I native  : 
06-17 11:32:40.208 19335 20894 I native  : Full translation: Last Naval House Room !!!
06-17 11:32:40.208 19335 20894 I native  : Translate Instance: 
06-17 11:32:40.208 19335 20894 I native  : Query (raw): 最後海軍家はいる部屋!!!
06-17 11:32:40.208 19335 20894 I native  : Query (after preprocess): 最後 海軍 家 は いる 部屋 !!!
06-17 11:32:40.208 19335 20894 I native  : Query ids (after tokenizer): 188 1093 1261 2780 1052 9 53 140 1262 723 2312 2312 2
06-17 11:32:40.208 19335 20894 I native  : Translation ids: 49 385 92 415 39 82 1378 57 1449 430 3409 3409 2
06-17 11:32:40.208 19335 20894 I native  : Translation (after detokenizer): Last Naval House Room !!!
06-17 11:32:40.208 19335 20894 I native  : Alignment probability:
06-17 11:32:40.208 19335 20894 I native  : 	Last	Naval	House	Room	!!!
06-17 11:32:40.208 19335 20894 I native  : 最後	0.668628	0.0169935	0.00588235	0.00392157	0.00653595
06-17 11:32:40.208 19335 20894 I native  : 海軍	0.0470588	0.875817	0.0294118	0	0
06-17 11:32:40.208 19335 20894 I native  : 家	0.00588235	0.054902	0.482353	0.00588235	0.00784314
06-17 11:32:40.208 19335 20894 I native  : は	0.0215686	0.00261438	0.109804	0.105882	0.0169935
06-17 11:32:40.208 19335 20894 I native  : いる	0.0372549	0.0104575	0.107843	0.107843	0.0457516
06-17 11:32:40.208 19335 20894 I native  : 部屋	0.164706	0.0117647	0.168627	0.692157	0.0954248
06-17 11:32:40.208 19335 20894 I native  : !!!	0.00980392	0.00261438	0.0176471	0.054902	0.718954
06-17 11:32:40.208 19335 20894 I native  : Translation (before postprocess): Last Naval House Room !!!
06-17 11:32:41.113 19335 20131 I Quality : BitmapCompressInfo:1350,1920,2,90,518880521
06-17 11:32:53.105 19335 20131 I Quality : BitmapCompressInfo:1350,1920,1,100,831698124
06-17 11:32:53.152 19335 20898 D native  : I0617 11:32:53.152430   20898 mergeddicttrans.cc:1860] The current system has NMT.
06-17 11:32:53.152 19335 20898 D native  : I0617 11:32:53.152602   20898 mergeddicttrans.cc:1866] Sentence #0: このははずはは大変身の弱いはず弱い顔だろぴー
06-17 11:32:53.152 19335 20898 D native  : I0617 11:32:53.152654   20898 mergeddicttrans.cc:1918] To be translated by NMT.
06-17 11:32:53.189 19335 20898 I native  : I0617 11:32:53.189467   20898 mergeddicttrans.cc:1827] Sentence #0: このははずはは大変身の弱いはず弱い顔だろぴー
06-17 11:32:53.189 19335 20898 I native  : I0617 11:32:53.189632   20898 mergeddicttrans.cc:1828] 
06-17 11:32:53.189 19335 20898 I native  : Source language: ja, target language: en
06-17 11:32:53.189 19335 20898 I native  : 
06-17 11:32:53.189 19335 20898 I native  : Has period trick: 0
06-17 11:32:53.189 19335 20898 I native  : 
06-17 11:32:53.189 19335 20898 I native  : Full translation: This is a weak face that is weak
06-17 11:32:53.189 19335 20898 I native  : Translate Instance: 
06-17 11:32:53.189 19335 20898 I native  : Query (raw): このははずはは大変身の弱いはず弱い顔だろぴー
06-17 11:32:53.189 19335 20898 I native  : Query (after preprocess): この は はず は は 大 変身 の 弱い はず 弱い 顔 だろ ぴー
06-17 11:32:53.189 19335 20898 I native  : Query ids (after tokenizer): 61 9 9 512 9 9 445 241 1384 4 2146 44 9 512 2146 44 3 1561 804 733 3 2658 25 2
06-17 11:32:53.189 19335 20898 I native  : Translation ids: 149 11 9 3152 2361 30 11 3152 2
06-17 11:32:53.189 19335 20898 I native  : Translation (after detokenizer): This is a weak face that is weak
06-17 11:32:53.189 19335 20898 I native  : Alignment probability:
06-17 11:32:53.189 19335 20898 I native  : 	This	is	a	weak	face	that	is	weak
06-17 11:32:53.189 19335 20898 I native  : この	0.392157	0.0196078	0.0196078	0	0	0	0.0117647	0
06-17 11:32:53.189 19335 20898 I native  : は	0.0392157	0.666667	0.0196078	0	0	0	0.00392157	0
06-17 11:32:53.189 19335 20898 I native  : はず	0.317647	0.203922	0.356863	0.054902	0.00784314	0.00784314	0.0392157	0.0196078
06-17 11:32:53.189 19335 20898 I native  : は	0.0196078	0.00784314	0.0196078	0.0117647	0.0235294	0.0352941	0.00784314	0.00392157
06-17 11:32:53.189 19335 20898 I native  : は	0.0235294	0.0156863	0.0392157	0.0196078	0.0117647	0.0352941	0.0117647	0.0117647
06-17 11:32:53.189 19335 20898 I native  : 大	0.0705882	0.0117647	0.141176	0.239216	0.0431373	0.0666667	0.270588	0.145098
06-17 11:32:53.189 19335 20898 I native  : 変身	0	0	0.00784314	0.0117647	0.0470588	0.00784314	0.0235294	0.0117647
06-17 11:32:53.189 19335 20898 I native  : の	0	0	0.00392157	0.00392157	0.054902	0.0666667	0.0313726	0.0156863
06-17 11:32:53.189 19335 20898 I native  : 弱い	0.0313726	0.0117647	0.129412	0.133333	0.109804	0.14902	0.156863	0.184314
06-17 11:32:53.189 19335 20898 I native  : はず	0.0117647	0.00784314	0.0901961	0.0392157	0.0392157	0.211765	0.156863	0.282353
06-17 11:32:53.189 19335 20898 I native  : 弱い	0.00392157	0.00392157	0.054902	0.176471	0.0470588	0.168627	0.12549	0.239216
06-17 11:32:53.189 19335 20898 I native  : 顔	0.00392157	0	0.0117647	0.105882	0.568627	0.0196078	0.027451	0.0392157
06-17 11:32:53.189 19335 20898 I native  : だろ	0.0431373	0.027451	0.0313726	0.0431373	0.00784314	0.164706	0.109804	0.0156863
06-17 11:32:53.189 19335 20898 I native  : ぴー	0.00392157	0	0	0.00392157	0	0.00392157	0	0
06-17 11:32:53.189 19335 20898 I native  : Translation (before postprocess): This is a weak face that is weak
06-17 11:32:53.195 19335 20899 D native  : I0617 11:32:53.195235   20899 mergeddicttrans.cc:1860] The current system has NMT.
06-17 11:32:53.195 19335 20899 D native  : I0617 11:32:53.195308   20899 mergeddicttrans.cc:1866] Sentence #0: ラライテルオレオーバーバスだル
06-17 11:32:53.195 19335 20899 D native  : I0617 11:32:53.195357   20899 mergeddicttrans.cc:1918] To be translated by NMT.
06-17 11:32:53.224 19335 20899 I native  : I0617 11:32:53.224159   20899 mergeddicttrans.cc:1827] Sentence #0: ラライテルオレオーバーバスだル
06-17 11:32:53.224 19335 20899 I native  : I0617 11:32:53.224250   20899 mergeddicttrans.cc:1828] 
06-17 11:32:53.224 19335 20899 I native  : Source language: ja, target language: en
06-17 11:32:53.224 19335 20899 I native  : 
06-17 11:32:53.224 19335 20899 I native  : Has period trick: 0
06-17 11:32:53.224 19335 20899 I native  : 
06-17 11:32:53.224 19335 20899 I native  : Full translation: La Rattail Oleover Bus
06-17 11:32:53.224 19335 20899 I native  : Translate Instance: 
06-17 11:32:53.224 19335 20899 I native  : Query (raw): ラライテルオレオーバーバスだル
06-17 11:32:53.224 19335 20899 I native  : Query (after preprocess): ラライテル オレオーバー バス だ ル
06-17 11:32:53.224 19335 20899 I native  : Query ids (after tokenizer): 260 309 1485 136 55 319 25 372 128 48 804 508 2
06-17 11:32:53.224 19335 20899 I native  : Translation ids: 49 45 57 3008 661 142 234 1103 3473 2
06-17 11:32:53.224 19335 20899 I native  : Translation (after detokenizer): La Rattail Oleover Bus
06-17 11:32:53.224 19335 20899 I native  : Alignment probability:
06-17 11:32:53.224 19335 20899 I native  : 	La	Rattail	Oleover	Bus
06-17 11:32:53.224 19335 20899 I native  : ラライテル	0.794118	0.698039	0.0261438	0
06-17 11:32:53.224 19335 20899 I native  : オレオーバー	0.0117647	0.0444444	0.843137	0.0156863
06-17 11:32:53.224 19335 20899 I native  : バス	0.00196078	0.00130719	0.0405229	0.909804
06-17 11:32:53.224 19335 20899 I native  : だ	0.0921569	0.0431373	0.048366	0.0156863
06-17 11:32:53.224 19335 20899 I native  : ル	0.0784314	0.0196078	0.0143791	0.0196078
06-17 11:32:53.224 19335 20899 I native  : Translation (before postprocess): La Rattail Oleover Bus
06-17 11:32:53.226 19335 20660 D native  : I0617 11:32:53.226253   20660 mergeddicttrans.cc:1860] The current system has NMT.
06-17 11:32:53.226 19335 20660 D native  : I0617 11:32:53.226315   20660 mergeddicttrans.cc:1866] Sentence #0: 3keticho務惑惑闇
06-17 11:32:53.226 19335 20660 D native  : I0617 11:32:53.226346   20660 mergeddicttrans.cc:1918] To be translated by NMT.
06-17 11:32:53.249 19335 20660 I native  : I0617 11:32:53.249040   20660 mergeddicttrans.cc:1827] Sentence #0: 3keticho務惑惑闇
06-17 11:32:53.249 19335 20660 I native  : I0617 11:32:53.249125   20660 mergeddicttrans.cc:1828] 
06-17 11:32:53.249 19335 20660 I native  : Source language: ja, target language: en
06-17 11:32:53.249 19335 20660 I native  : 
06-17 11:32:53.249 19335 20660 I native  : Has period trick: 0
06-17 11:32:53.249 19335 20660 I native  : 
06-17 11:32:53.249 19335 20660 I native  : Full translation: 3keticho major
06-17 11:32:53.249 19335 20660 I native  : Translate Instance: 
06-17 11:32:53.249 19335 20660 I native  : Query (raw): 3keticho務惑惑闇
06-17 11:32:53.249 19335 20660 I native  : Query (after preprocess): 3keticho 務惑惑闇
06-17 11:32:53.249 19335 20660 I native  : Query ids (after tokenizer): 68 169 458 381 80 29 3 1271 2405 2405 3062 2
06-17 11:32:53.249 19335 20660 I native  : Translation ids: 81 204 78 1430 73 2436 2
06-17 11:32:53.249 19335 20660 I native  : Translation (after detokenizer): 3keticho major
06-17 11:32:53.249 19335 20660 I native  : Alignment probability:
06-17 11:32:53.249 19335 20660 I native  : 	3keticho	major
06-17 11:32:53.249 19335 20660 I native  : 3keticho	0.912157	0.0156863
06-17 11:32:53.249 19335 20660 I native  : 務惑惑闇	0.0682353	0.956863
06-17 11:32:53.249 19335 20660 I native  : Translation (before postprocess): 3keticho major
06-17 11:32:53.256 19335 20699 D native  : I0617 11:32:53.256693   20699 mergeddicttrans.cc:1860] The current system has NMT.
06-17 11:32:53.256 19335 20699 D native  : I0617 11:32:53.256861   20699 mergeddicttrans.cc:1866] Sentence #0: 最後海軍家はいる部屋!!!
06-17 11:32:53.256 19335 20699 D native  : I0617 11:32:53.256953   20699 mergeddicttrans.cc:1918] To be translated by NMT.
06-17 11:32:53.291 19335 20699 I native  : I0617 11:32:53.291918   20699 mergeddicttrans.cc:1827] Sentence #0: 最後海軍家はいる部屋!!!
06-17 11:32:53.292 19335 20699 I native  : I0617 11:32:53.292068   20699 mergeddicttrans.cc:1828] 
06-17 11:32:53.292 19335 20699 I native  : Source language: ja, target language: en
06-17 11:32:53.292 19335 20699 I native  : 
06-17 11:32:53.292 19335 20699 I native  : Has period trick: 0
06-17 11:32:53.292 19335 20699 I native  : 
06-17 11:32:53.292 19335 20699 I native  : Full translation: Last Naval House Room !!!
06-17 11:32:53.292 19335 20699 I native  : Translate Instance: 
06-17 11:32:53.292 19335 20699 I native  : Query (raw): 最後海軍家はいる部屋!!!
06-17 11:32:53.292 19335 20699 I native  : Query (after preprocess): 最後 海軍 家 は いる 部屋 !!!
06-17 11:32:53.292 19335 20699 I native  : Query ids (after tokenizer): 188 1093 1261 2780 1052 9 53 140 1262 723 2312 2312 2
06-17 11:32:53.292 19335 20699 I native  : Translation ids: 49 385 92 415 39 82 1378 57 1449 430 3409 3409 2
06-17 11:32:53.292 19335 20699 I native  : Translation (after detokenizer): Last Naval House Room !!!
06-17 11:32:53.292 19335 20699 I native  : Alignment probability:
06-17 11:32:53.292 19335 20699 I native  : 	Last	Naval	House	Room	!!!
06-17 11:32:53.292 19335 20699 I native  : 最後	0.668628	0.0169935	0.00588235	0.00392157	0.00653595
06-17 11:32:53.292 19335 20699 I native  : 海軍	0.0470588	0.875817	0.0294118	0	0
06-17 11:32:53.292 19335 20699 I native  : 家	0.00588235	0.054902	0.482353	0.00588235	0.00784314
06-17 11:32:53.292 19335 20699 I native  : は	0.0215686	0.00261438	0.109804	0.105882	0.0169935
06-17 11:32:53.292 19335 20699 I native  : いる	0.0372549	0.0104575	0.107843	0.107843	0.0457516
06-17 11:32:53.292 19335 20699 I native  : 部屋	0.164706	0.0117647	0.168627	0.692157	0.0954248
06-17 11:32:53.292 19335 20699 I native  : !!!	0.00980392	0.00261438	0.0176471	0.054902	0.718954
06-17 11:32:53.292 19335 20699 I native  : Translation (before postprocess): Last Naval House Room !!!
06-17 11:32:54.211 19335 20136 I Quality : BitmapCompressInfo:1350,1920,2,90,517437447
06-17 11:33:03.856 19335 19335 E IJankManager: slideSceneEnd unknown scene 1000 mScene:-1
06-17 11:33:04.349 19335 19335 D OplusViewDragTouchViewHelper: dispatchTouchView action = 1
06-17 11:33:04.350 19335 19335 D ViewRootImplExtImpl: the up motion event handled by client, just return
06-17 11:33:04.381 19335 19335 E Surface : IGraphicBufferProducer::setMaxDequeuedBufferCount(2) returned Invalid argument
06-17 11:33:06.143 19335 20135 I Quality : BitmapCompressInfo:1350,1920,1,100,826970000
06-17 11:33:06.188 19335 20888 D native  : I0617 11:33:06.187941   20888 mergeddicttrans.cc:1860] The current system has NMT.
06-17 11:33:06.188 19335 20888 D native  : I0617 11:33:06.188156   20888 mergeddicttrans.cc:1866] Sentence #0: このははずはは大変身の弱いはず弱い顔だろぴー
06-17 11:33:06.188 19335 20888 D native  : I0617 11:33:06.188300   20888 mergeddicttrans.cc:1918] To be translated by NMT.
06-17 11:33:06.227 19335 20888 I native  : I0617 11:33:06.227929   20888 mergeddicttrans.cc:1827] Sentence #0: このははずはは大変身の弱いはず弱い顔だろぴー
06-17 11:33:06.228 19335 20888 I native  : I0617 11:33:06.228100   20888 mergeddicttrans.cc:1828] 
06-17 11:33:06.228 19335 20888 I native  : Source language: ja, target language: en
06-17 11:33:06.228 19335 20888 I native  : 
06-17 11:33:06.228 19335 20888 I native  : Has period trick: 0
06-17 11:33:06.228 19335 20888 I native  : 
06-17 11:33:06.228 19335 20888 I native  : Full translation: This is a weak face that is weak
06-17 11:33:06.228 19335 20888 I native  : Translate Instance: 
06-17 11:33:06.228 19335 20888 I native  : Query (raw): このははずはは大変身の弱いはず弱い顔だろぴー
06-17 11:33:06.228 19335 20888 I native  : Query (after preprocess): この は はず は は 大 変身 の 弱い はず 弱い 顔 だろ ぴー
06-17 11:33:06.228 19335 20888 I native  : Query ids (after tokenizer): 61 9 9 512 9 9 445 241 1384 4 2146 44 9 512 2146 44 3 1561 804 733 3 2658 25 2
06-17 11:33:06.228 19335 20888 I native  : Translation ids: 149 11 9 3152 2361 30 11 3152 2
06-17 11:33:06.228 19335 20888 I native  : Translation (after detokenizer): This is a weak face that is weak
06-17 11:33:06.228 19335 20888 I native  : Alignment probability:
06-17 11:33:06.228 19335 20888 I native  : 	This	is	a	weak	face	that	is	weak
06-17 11:33:06.228 19335 20888 I native  : この	0.392157	0.0196078	0.0196078	0	0	0	0.0117647	0
06-17 11:33:06.228 19335 20888 I native  : は	0.0392157	0.666667	0.0196078	0	0	0	0.00392157	0
06-17 11:33:06.228 19335 20888 I native  : はず	0.317647	0.203922	0.356863	0.054902	0.00784314	0.00784314	0.0392157	0.0196078
06-17 11:33:06.228 19335 20888 I native  : は	0.0196078	0.00784314	0.0196078	0.0117647	0.0235294	0.0352941	0.00784314	0.00392157
06-17 11:33:06.228 19335 20888 I native  : は	0.0235294	0.0156863	0.0392157	0.0196078	0.0117647	0.0352941	0.0117647	0.0117647
06-17 11:33:06.228 19335 20888 I native  : 大	0.0705882	0.0117647	0.141176	0.239216	0.0431373	0.0666667	0.270588	0.145098
06-17 11:33:06.228 19335 20888 I native  : 変身	0	0	0.00784314	0.0117647	0.0470588	0.00784314	0.0235294	0.0117647
06-17 11:33:06.228 19335 20888 I native  : の	0	0	0.00392157	0.00392157	0.054902	0.0666667	0.0313726	0.0156863
06-17 11:33:06.228 19335 20888 I native  : 弱い	0.0313726	0.0117647	0.129412	0.133333	0.109804	0.14902	0.156863	0.184314
06-17 11:33:06.228 19335 20888 I native  : はず	0.0117647	0.00784314	0.0901961	0.0392157	0.0392157	0.211765	0.156863	0.282353
06-17 11:33:06.228 19335 20888 I native  : 弱い	0.00392157	0.00392157	0.054902	0.176471	0.0470588	0.168627	0.12549	0.239216
06-17 11:33:06.228 19335 20888 I native  : 顔	0.00392157	0	0.0117647	0.105882	0.568627	0.0196078	0.027451	0.0392157
06-17 11:33:06.228 19335 20888 I native  : だろ	0.0431373	0.027451	0.0313726	0.0431373	0.00784314	0.164706	0.109804	0.0156863
06-17 11:33:06.228 19335 20888 I native  : ぴー	0.00392157	0	0	0.00392157	0	0.00392157	0	0
06-17 11:33:06.228 19335 20888 I native  : Translation (before postprocess): This is a weak face that is weak
06-17 11:33:06.230 19335 20892 D native  : I0617 11:33:06.230779   20892 mergeddicttrans.cc:1860] The current system has NMT.
06-17 11:33:06.230 19335 20892 D native  : I0617 11:33:06.230865   20892 mergeddicttrans.cc:1866] Sentence #0: ラライテルオレオーバーバスだル
06-17 11:33:06.230 19335 20892 D native  : I0617 11:33:06.230912   20892 mergeddicttrans.cc:1918] To be translated by NMT.
06-17 11:33:06.257 19335 20892 I native  : I0617 11:33:06.257469   20892 mergeddicttrans.cc:1827] Sentence #0: ラライテルオレオーバーバスだル
06-17 11:33:06.257 19335 20892 I native  : I0617 11:33:06.257566   20892 mergeddicttrans.cc:1828] 
06-17 11:33:06.257 19335 20892 I native  : Source language: ja, target language: en
06-17 11:33:06.257 19335 20892 I native  : 
06-17 11:33:06.257 19335 20892 I native  : Has period trick: 0
06-17 11:33:06.257 19335 20892 I native  : 
06-17 11:33:06.257 19335 20892 I native  : Full translation: La Rattail Oleover Bus
06-17 11:33:06.257 19335 20892 I native  : Translate Instance: 
06-17 11:33:06.257 19335 20892 I native  : Query (raw): ラライテルオレオーバーバスだル
06-17 11:33:06.257 19335 20892 I native  : Query (after preprocess): ラライテル オレオーバー バス だ ル
06-17 11:33:06.257 19335 20892 I native  : Query ids (after tokenizer): 260 309 1485 136 55 319 25 372 128 48 804 508 2
06-17 11:33:06.257 19335 20892 I native  : Translation ids: 49 45 57 3008 661 142 234 1103 3473 2
06-17 11:33:06.257 19335 20892 I native  : Translation (after detokenizer): La Rattail Oleover Bus
06-17 11:33:06.257 19335 20892 I native  : Alignment probability:
06-17 11:33:06.257 19335 20892 I native  : 	La	Rattail	Oleover	Bus
06-17 11:33:06.257 19335 20892 I native  : ラライテル	0.794118	0.698039	0.0261438	0
06-17 11:33:06.257 19335 20892 I native  : オレオーバー	0.0117647	0.0444444	0.843137	0.0156863
06-17 11:33:06.257 19335 20892 I native  : バス	0.00196078	0.00130719	0.0405229	0.909804
06-17 11:33:06.257 19335 20892 I native  : だ	0.0921569	0.0431373	0.048366	0.0156863
06-17 11:33:06.257 19335 20892 I native  : ル	0.0784314	0.0196078	0.0143791	0.0196078
06-17 11:33:06.257 19335 20892 I native  : Translation (before postprocess): La Rattail Oleover Bus
06-17 11:33:06.258 19335 20893 D native  : I0617 11:33:06.258979   20893 mergeddicttrans.cc:1860] The current system has NMT.
06-17 11:33:06.259 19335 20893 D native  : I0617 11:33:06.259041   20893 mergeddicttrans.cc:1866] Sentence #0: 3keticho務惑惑闇
06-17 11:33:06.259 19335 20893 D native  : I0617 11:33:06.259071   20893 mergeddicttrans.cc:1918] To be translated by NMT.
06-17 11:33:06.284 19335 20893 I native  : I0617 11:33:06.284264   20893 mergeddicttrans.cc:1827] Sentence #0: 3keticho務惑惑闇
06-17 11:33:06.284 19335 20893 I native  : I0617 11:33:06.284349   20893 mergeddicttrans.cc:1828] 
06-17 11:33:06.284 19335 20893 I native  : Source language: ja, target language: en
06-17 11:33:06.284 19335 20893 I native  : 
06-17 11:33:06.284 19335 20893 I native  : Has period trick: 0
06-17 11:33:06.284 19335 20893 I native  : 
06-17 11:33:06.284 19335 20893 I native  : Full translation: 3keticho major
06-17 11:33:06.284 19335 20893 I native  : Translate Instance: 
06-17 11:33:06.284 19335 20893 I native  : Query (raw): 3keticho務惑惑闇
06-17 11:33:06.284 19335 20893 I native  : Query (after preprocess): 3keticho 務惑惑闇
06-17 11:33:06.284 19335 20893 I native  : Query ids (after tokenizer): 68 169 458 381 80 29 3 1271 2405 2405 3062 2
06-17 11:33:06.284 19335 20893 I native  : Translation ids: 81 204 78 1430 73 2436 2
06-17 11:33:06.284 19335 20893 I native  : Translation (after detokenizer): 3keticho major
06-17 11:33:06.284 19335 20893 I native  : Alignment probability:
06-17 11:33:06.284 19335 20893 I native  : 	3keticho	major
06-17 11:33:06.284 19335 20893 I native  : 3keticho	0.912157	0.0156863
06-17 11:33:06.284 19335 20893 I native  : 務惑惑闇	0.0682353	0.956863
06-17 11:33:06.284 19335 20893 I native  : Translation (before postprocess): 3keticho major
06-17 11:33:06.286 19335 20894 D native  : I0617 11:33:06.286105   20894 mergeddicttrans.cc:1860] The current system has NMT.
06-17 11:33:06.286 19335 20894 D native  : I0617 11:33:06.286164   20894 mergeddicttrans.cc:1866] Sentence #0: 最後海軍家はいる部屋!!!
06-17 11:33:06.286 19335 20894 D native  : I0617 11:33:06.286194   20894 mergeddicttrans.cc:1918] To be translated by NMT.
06-17 11:33:06.311 19335 20894 I native  : I0617 11:33:06.311882   20894 mergeddicttrans.cc:1827] Sentence #0: 最後海軍家はいる部屋!!!
06-17 11:33:06.312 19335 20894 I native  : I0617 11:33:06.312030   20894 mergeddicttrans.cc:1828] 
06-17 11:33:06.312 19335 20894 I native  : Source language: ja, target language: en
06-17 11:33:06.312 19335 20894 I native  : 
06-17 11:33:06.312 19335 20894 I native  : Has period trick: 0
06-17 11:33:06.312 19335 20894 I native  : 
06-17 11:33:06.312 19335 20894 I native  : Full translation: Last Naval House Room !!!
06-17 11:33:06.312 19335 20894 I native  : Translate Instance: 
06-17 11:33:06.312 19335 20894 I native  : Query (raw): 最後海軍家はいる部屋!!!
06-17 11:33:06.312 19335 20894 I native  : Query (after preprocess): 最後 海軍 家 は いる 部屋 !!!
06-17 11:33:06.312 19335 20894 I native  : Query ids (after tokenizer): 188 1093 1261 2780 1052 9 53 140 1262 723 2312 2312 2
06-17 11:33:06.312 19335 20894 I native  : Translation ids: 49 385 92 415 39 82 1378 57 1449 430 3409 3409 2
06-17 11:33:06.312 19335 20894 I native  : Translation (after detokenizer): Last Naval House Room !!!
06-17 11:33:06.312 19335 20894 I native  : Alignment probability:
06-17 11:33:06.312 19335 20894 I native  : 	Last	Naval	House	Room	!!!
06-17 11:33:06.312 19335 20894 I native  : 最後	0.668628	0.0169935	0.00588235	0.00392157	0.00653595
06-17 11:33:06.312 19335 20894 I native  : 海軍	0.0470588	0.875817	0.0294118	0	0
06-17 11:33:06.312 19335 20894 I native  : 家	0.00588235	0.054902	0.482353	0.00588235	0.00784314
06-17 11:33:06.312 19335 20894 I native  : は	0.0215686	0.00261438	0.109804	0.105882	0.0169935
06-17 11:33:06.312 19335 20894 I native  : いる	0.0372549	0.0104575	0.107843	0.107843	0.0457516
06-17 11:33:06.312 19335 20894 I native  : 部屋	0.164706	0.0117647	0.168627	0.692157	0.0954248
06-17 11:33:06.312 19335 20894 I native  : !!!	0.00980392	0.00261438	0.0176471	0.054902	0.718954
06-17 11:33:06.312 19335 20894 I native  : Translation (before postprocess): Last Naval House Room !!!
06-17 11:33:07.229 19335 20135 I Quality : BitmapCompressInfo:1350,1920,2,90,520749115
06-17 11:33:16.110 19335 20320 D HWUI    : EglManager::destroy: mEglDisplay=0xb400007127c9bf80, mEglContext=0xb400006d85b8e380, mCurrentSurface=0x0
06-17 11:33:19.155 19335 19987 I Quality : BitmapCompressInfo:1350,1920,1,100,837537395
