component,input_set,input_name,threads,decode_length,cold,iteration,duration_ms,tokens,tokens_per_sec,rss_mb,valid,token_ids
session_create,all,-,1,,1,0,328.3545,0,,222.29296875,1,
encoder,synthetic,synthetic:0,1,,1,0,47.1824,0,,229.1640625,1,
decoder_init,synthetic,synthetic:0,1,,1,0,6.8754,0,,233.41015625,1,
encoder,synthetic,synthetic:1,1,,1,0,48.4138,0,,238.7734375,1,
decoder_init,synthetic,synthetic:1,1,,1,0,7.973,0,,242.09375,1,
encoder,synthetic,synthetic:2,1,,1,0,39.116,0,,242.09375,1,
decoder_init,synthetic,synthetic:2,1,,1,0,5.7709,0,,243.84375,1,
encoder,synthetic,synthetic:3,1,,1,0,43.6547,0,,243.84375,1,
decoder_init,synthetic,synthetic:3,1,,1,0,6.5933,0,,243.84375,1,
encoder,synthetic,synthetic:4,1,,1,0,49.7804,0,,243.84375,1,
decoder_init,synthetic,synthetic:4,1,,1,0,5.5149,0,,243.84375,1,
encoder,synthetic,synthetic:5,1,,1,0,45.0038,0,,243.84765625,1,
decoder_init,synthetic,synthetic:5,1,,1,0,5.647,0,,243.84765625,1,
preprocess,synthetic,synthetic:0,1,5,1,0,0.0019,0,,252.23046875,1,
encoder,synthetic,synthetic:0,1,5,1,0,39.218,0,,252.23046875,1,
decoder_init,synthetic,synthetic:0,1,5,1,0,5.678,0,,252.23046875,1,
decoder_step,synthetic,synthetic:0,1,5,1,0,21.564,5,231.86792802819514,252.23046875,1,
token_selection,synthetic,synthetic:0,1,5,1,0,0.1434,5,34867.50348675035,252.23046875,1,1066 1066 1122 1145 3
full_generation,synthetic,synthetic:0,1,5,1,0,67.1555,5,74.45406556425013,252.23046875,1,1066 1066 1122 1145 3
preprocess,synthetic,synthetic:0,1,10,1,0,0.0014,0,,252.23828125,1,
encoder,synthetic,synthetic:0,1,10,1,0,41.4262,0,,252.23828125,1,
decoder_init,synthetic,synthetic:0,1,10,1,0,7.4091,0,,252.2421875,1,
decoder_step,synthetic,synthetic:0,1,10,1,0,30.3074,10,329.95242086091184,252.2421875,1,
token_selection,synthetic,synthetic:0,1,10,1,0,0.21259999999999998,10,47036.688617121355,252.2421875,1,1066 1066 1122 1145 3 3 28 28 28 28
full_generation,synthetic,synthetic:0,1,10,1,0,79.9645,10,125.05549337518522,252.2421875,1,1066 1066 1122 1145 3 3 28 28 28 28
preprocess,synthetic,synthetic:0,1,20,1,0,0.0017,0,,252.2421875,1,
encoder,synthetic,synthetic:0,1,20,1,0,56.6114,0,,252.2421875,1,
decoder_init,synthetic,synthetic:0,1,20,1,0,6.4406,0,,252.2421875,1,
decoder_step,synthetic,synthetic:0,1,20,1,0,136.8221,20,146.1752158459781,252.2421875,1,
token_selection,synthetic,synthetic:0,1,20,1,0,0.5967,20,33517.680576504106,252.2421875,1,1066 1066 1122 1145 3 3 28 28 28 28 3 3 3 3 3 3 3 3 28 28
full_generation,synthetic,synthetic:0,1,20,1,0,201.605,20,99.20388879244068,252.2421875,1,1066 1066 1122 1145 3 3 28 28 28 28 3 3 3 3 3 3 3 3 28 28
preprocess,synthetic,synthetic:0,1,40,1,0,0.0012,0,,252.24609375,1,
encoder,synthetic,synthetic:0,1,40,1,0,44.9585,0,,252.24609375,1,
decoder_init,synthetic,synthetic:0,1,40,1,0,7.2278,0,,252.24609375,1,
decoder_step,synthetic,synthetic:0,1,40,1,0,155.89939999999996,40,256.5757148520136,252.24609375,1,
token_selection,synthetic,synthetic:0,1,40,1,0,0.9990000000000002,40,40040.040040040025,252.24609375,1,1066 1066 1122 1145 3 3 28 28 28 28 3 3 3 3 3 3 3 3 28 28 3 3 28 28 3 3 3 28 28 3 3 3 28 28 3 3 28 28 28 3
full_generation,synthetic,synthetic:0,1,40,1,0,210.5313,40,189.99550185649358,252.24609375,1,1066 1066 1122 1145 3 3 28 28 28 28 3 3 3 3 3 3 3 3 28 28 3 3 28 28 3 3 3 28 28 3 3 3 28 28 3 3 28 28 28 3
preprocess,synthetic,synthetic:0,1,80,1,0,0.0009,0,,252.24609375,1,
encoder,synthetic,synthetic:0,1,80,1,0,37.6904,0,,252.24609375,1,
decoder_init,synthetic,synthetic:0,1,80,1,0,5.7824,0,,252.24609375,1,
decoder_step,synthetic,synthetic:0,1,80,1,0,288.2412,80,277.54533356092054,252.24609375,1,
token_selection,synthetic,synthetic:0,1,80,1,0,1.9612999999999998,80,40789.272421353184,252.24609375,1,1066 1066 1122 1145 3 3 28 28 28 28 3 3 3 3 3 3 3 3 28 28 3 3 28 28 3 3 3 28 28 3 3 3 28 28 3 3 28 28 28 3 3 28 28 3 28 3 28 28 3 28 3 28 28 3 28 3 28 28 3 28 28 3 28 3 28 28 28 28 3 28 3 28 28 28 3 28 3 28 28 28
full_generation,synthetic,synthetic:0,1,80,1,0,335.9622,80,238.1220268232557,252.24609375,1,1066 1066 1122 1145 3 3 28 28 28 28 3 3 3 3 3 3 3 3 28 28 3 3 28 28 3 3 3 28 28 3 3 3 28 28 3 3 28 28 28 3 3 28 28 3 28 3 28 28 3 28 3 28 28 3 28 3 28 28 3 28 28 3 28 3 28 28 28 28 3 28 3 28 28 28 3 28 3 28 28 28
preprocess,synthetic,synthetic:0,1,128,1,0,0.001,0,,252.24609375,1,
encoder,synthetic,synthetic:0,1,128,1,0,33.11,0,,252.24609375,1,
decoder_init,synthetic,synthetic:0,1,128,1,0,4.3046,0,,252.24609375,1,
decoder_step,synthetic,synthetic:0,1,128,1,0,371.15250000000015,128,344.8717171513056,252.24609375,1,
token_selection,synthetic,synthetic:0,1,128,1,0,2.4207,128,52877.266906266785,252.24609375,1,1066 1066 1122 1145 3 3 28 28 28 28 3 3 3 3 3 3 3 3 28 28 3 3 28 28 3 3 3 28 28 3 3 3 28 28 3 3 28 28 28 3 3 28 28 3 28 3 28 28 3 28 3 28 28 3 28 3 28 28 3 28 28 3 28 3 28 28 28 28 3 28 3 28 28 28 3 28 3 28 28 28 28 3 28 28 3 28 28 28 28 3 28 28 28 28 3 28 28 28 28 3 28 3 28 28 28 28 28 28 3 28 28 28 28 28 28 28 28 28 28 3 28 3 28 3 28 28 3 28
full_generation,synthetic,synthetic:0,1,128,1,0,414.0803,128,309.11878686332096,252.24609375,1,1066 1066 1122 1145 3 3 28 28 28 28 3 3 3 3 3 3 3 3 28 28 3 3 28 28 3 3 3 28 28 3 3 3 28 28 3 3 28 28 28 3 3 28 28 3 28 3 28 28 3 28 3 28 28 3 28 3 28 28 3 28 28 3 28 3 28 28 28 28 3 28 3 28 28 28 3 28 3 28 28 28 28 3 28 28 3 28 28 28 28 3 28 28 28 28 3 28 28 28 28 3 28 3 28 28 28 28 28 28 3 28 28 28 28 28 28 28 28 28 28 3 28 3 28 3 28 28 3 28
encoder,real,page:01.jpg,1,,1,0,34.8022,0,,252.24609375,1,
decoder_init,real,page:01.jpg,1,,1,0,4.9729,0,,252.24609375,1,
encoder,real,"crop:01.jpg:725,774,920,1082",1,,1,0,34.4913,0,,252.24609375,1,
decoder_init,real,"crop:01.jpg:725,774,920,1082",1,,1,0,4.9218,0,,252.24609375,1,
encoder,real,page:05.jpg,1,,1,0,143.0618,0,,252.24609375,1,
decoder_init,real,page:05.jpg,1,,1,0,74.8381,0,,252.24609375,1,
encoder,real,"crop:05.jpg:125,124,320,435",1,,1,0,674.1383,0,,252.24609375,1,
decoder_init,real,"crop:05.jpg:125,124,320,435",1,,1,0,52.7832,0,,252.24609375,1,
encoder,real,page:09.jpg,1,,1,0,386.6623,0,,252.24609375,1,
decoder_init,real,page:09.jpg,1,,1,0,49.9271,0,,252.24609375,1,
encoder,real,"crop:09.jpg:840,960,992,1249",1,,1,0,385.0432,0,,252.24609375,1,
decoder_init,real,"crop:09.jpg:840,960,992,1249",1,,1,0,49.6112,0,,252.24609375,1,
encoder,real,page:14.jpg,1,,1,0,393.8482,0,,252.24609375,1,
decoder_init,real,page:14.jpg,1,,1,0,41.888,0,,252.24609375,1,
encoder,real,"crop:14.jpg:795,1058,1005,1371",1,,1,0,550.3254,0,,252.24609375,1,
decoder_init,real,"crop:14.jpg:795,1058,1005,1371",1,,1,0,68.7521,0,,252.24609375,1,
encoder,real,page:18.jpg,1,,1,0,574.6374,0,,252.24609375,1,
decoder_init,real,page:18.jpg,1,,1,0,75.0913,0,,252.24609375,1,
encoder,real,"crop:18.jpg:850,490,1024,767",1,,1,0,574.4769,0,,252.24609375,1,
decoder_init,real,"crop:18.jpg:850,490,1024,767",1,,1,0,83.943,0,,252.24609375,1,
encoder,real,page:23.jpg,1,,1,0,754.7288,0,,252.24609375,1,
decoder_init,real,page:23.jpg,1,,1,0,90.6858,0,,252.24609375,1,
encoder,real,"crop:23.jpg:664,132,841,413",1,,1,0,629.5748,0,,252.24609375,1,
decoder_init,real,"crop:23.jpg:664,132,841,413",1,,1,0,77.1673,0,,252.24609375,1,
encoder,real,page:27.jpg,1,,1,0,549.1192,0,,252.24609375,1,
decoder_init,real,page:27.jpg,1,,1,0,61.328,0,,252.24609375,1,
encoder,real,"crop:27.jpg:394,1158,579,1465",1,,1,0,641.7427,0,,252.24609375,1,
decoder_init,real,"crop:27.jpg:394,1158,579,1465",1,,1,0,81.2385,0,,252.24609375,1,
encoder,real,page:32.jpg,1,,1,0,614.7045,0,,252.24609375,1,
decoder_init,real,page:32.jpg,1,,1,0,79.3402,0,,252.24609375,1,
encoder,real,"crop:32.jpg:839,304,1069,748",1,,1,0,636.4346,0,,252.24609375,1,
decoder_init,real,"crop:32.jpg:839,304,1069,748",1,,1,0,77.4983,0,,252.24609375,1,
preprocess,real,page:01.jpg,1,5,1,0,0.0017,0,,252.24609375,1,
encoder,real,page:01.jpg,1,5,1,0,662.1951,0,,252.24609375,1,
decoder_init,real,page:01.jpg,1,5,1,0,69.2099,0,,252.24609375,1,
decoder_step,real,page:01.jpg,1,5,1,0,135.672,5,36.853588065334044,252.24609375,1,
token_selection,real,page:01.jpg,1,5,1,0,0.2238,5,22341.376228775694,252.24609375,1,963 963 963 963 963
full_generation,real,page:01.jpg,1,5,1,0,874.4626,5,5.717797422096726,252.24609375,1,963 963 963 963 963
preprocess,real,page:01.jpg,1,10,1,0,0.0012,0,,252.24609375,1,
encoder,real,page:01.jpg,1,10,1,0,653.9843,0,,252.24609375,1,
decoder_init,real,page:01.jpg,1,10,1,0,70.2989,0,,252.24609375,1,
decoder_step,real,page:01.jpg,1,10,1,0,320.78499999999997,10,31.17352744049753,252.24609375,1,
token_selection,real,page:01.jpg,1,10,1,0,0.5379999999999999,10,18587.36059479554,252.24609375,1,963 963 963 963 963 963 963 3 3 3
full_generation,real,page:01.jpg,1,10,1,0,1046.6997,10,9.553838603374016,252.24609375,1,963 963 963 963 963 963 963 3 3 3
preprocess,real,page:01.jpg,1,20,1,0,0.0026,0,,252.24609375,1,
encoder,real,page:01.jpg,1,20,1,0,922.6426,0,,252.24609375,1,
decoder_init,real,page:01.jpg,1,20,1,0,84.6199,0,,252.24609375,1,
decoder_step,real,page:01.jpg,1,20,1,0,873.9354000000001,20,22.884986693524485,252.24609375,1,
token_selection,real,page:01.jpg,1,20,1,0,1.0579,20,18905.378580206067,252.24609375,1,963 963 963 963 963 963 963 3 3 3 3 3 3 3 3 3 3 3 3 3
full_generation,real,page:01.jpg,1,20,1,0,1884.0253,20,10.615568697511652,252.24609375,1,963 963 963 963 963 963 963 3 3 3 3 3 3 3 3 3 3 3 3 3
preprocess,real,page:01.jpg,1,40,1,0,0.0017,0,,252.24609375,1,
encoder,real,page:01.jpg,1,40,1,0,904.0134,0,,252.24609375,1,
decoder_init,real,page:01.jpg,1,40,1,0,75.2997,0,,252.24609375,1,
decoder_step,real,page:01.jpg,1,40,1,0,1757.8112,40,22.755572384565532,252.24609375,1,
token_selection,real,page:01.jpg,1,40,1,0,2.130000000000001,40,18779.342723004687,252.24609375,1,963 963 963 963 963 963 963 3 3 3 3 3 3 3 3 3 3 3 3 3 3 3 3 3 3 3 3 3 3 3 3 3 3 3 3 3 3 3 3 3
full_generation,real,page:01.jpg,1,40,1,0,2766.0622,40,14.460990790445711,252.24609375,1,963 963 963 963 963 963 963 3 3 3 3 3 3 3 3 3 3 3 3 3 3 3 3 3 3 3 3 3 3 3 3 3 3 3 3 3 3 3 3 3
preprocess,real,page:01.jpg,1,80,1,0,0.0017,0,,252.24609375,1,
encoder,real,page:01.jpg,1,80,1,0,344.7739,0,,252.24609375,1,
decoder_init,real,page:01.jpg,1,80,1,0,40.3538,0,,252.24609375,1,
decoder_step,real,page:01.jpg,1,80,1,0,1544.9939000000006,80,51.78013971446746,252.24609375,1,
token_selection,real,page:01.jpg,1,80,1,0,8.296499999999998,80,9642.620382088835,252.24609375,1,963 963 963 963 963 963 963 3 3 3 3 3 3 3 3 3 3 3 3 3 3 3 3 3 3 3 3 3 3 3 3 3 3 3 3 3 3 3 3 3 3 3 28 28 3 28 3 3 3 3 3 3 3 3 28 3 3 28 3 3 28 3 3 28 3 3 3 28 3 3 3 28 28 3 28 3 3 28 3 28
full_generation,real,page:01.jpg,1,80,1,0,1950.6642,80,41.01167181927059,252.24609375,1,963 963 963 963 963 963 963 3 3 3 3 3 3 3 3 3 3 3 3 3 3 3 3 3 3 3 3 3 3 3 3 3 3 3 3 3 3 3 3 3 3 3 28 28 3 28 3 3 3 3 3 3 3 3 28 3 3 28 3 3 28 3 3 28 3 3 3 28 3 3 3 28 28 3 28 3 3 28 3 28
preprocess,real,page:01.jpg,1,128,1,0,0.0031,0,,252.24609375,1,
encoder,real,page:01.jpg,1,128,1,0,613.7548,0,,252.24609375,1,
decoder_init,real,page:01.jpg,1,128,1,0,53.3109,0,,252.24609375,1,
decoder_step,real,page:01.jpg,1,128,1,0,4170.7065,128,30.690243967059295,252.24609375,1,
token_selection,real,page:01.jpg,1,128,1,0,16.814,128,7612.703699298204,252.24609375,1,963 963 963 963 963 963 963 3 3 3 3 3 3 3 3 3 3 3 3 3 3 3 3 3 3 3 3 3 3 3 3 3 3 3 3 3 3 3 3 3 3 3 28 28 3 28 3 3 3 3 3 3 3 3 28 3 3 28 3 3 28 3 3 28 3 3 3 28 3 3 3 28 28 3 28 3 3 28 3 28 28 28 3 28 3 28 3 28 28 3 28 28 3 28 3 28 3 28 3 28 3 3 3 3 3 28 3 28 3 28 28 3 3 28 3 28 28 28 3 3 28 3 28 3 28 3 3 28
full_generation,real,page:01.jpg,1,128,1,0,4877.944,128,26.24056364730714,252.24609375,1,963 963 963 963 963 963 963 3 3 3 3 3 3 3 3 3 3 3 3 3 3 3 3 3 3 3 3 3 3 3 3 3 3 3 3 3 3 3 3 3 3 3 28 28 3 28 3 3 3 3 3 3 3 3 28 3 3 28 3 3 28 3 3 28 3 3 3 28 3 3 3 28 28 3 28 3 3 28 3 28 28 28 3 28 3 28 3 28 28 3 28 28 3 28 3 28 3 28 3 28 3 3 3 3 3 28 3 28 3 28 28 3 3 28 3 28 28 28 3 3 28 3 28 3 28 3 3 28
encoder,synthetic,synthetic:0,1,,0,0,572.7653,0,,240.64453125,1,
decoder_init,synthetic,synthetic:0,1,,0,0,72.3034,0,,235.81640625,1,
encoder,synthetic,synthetic:1,1,,0,0,405.264,0,,241.18359375,1,
decoder_init,synthetic,synthetic:1,1,,0,0,14.6895,0,,244.46875,1,
encoder,synthetic,synthetic:2,1,,0,0,117.6158,0,,244.46875,1,
decoder_init,synthetic,synthetic:2,1,,0,0,16.581,0,,246.21875,1,
encoder,synthetic,synthetic:3,1,,0,0,128.0335,0,,246.21875,1,
decoder_init,synthetic,synthetic:3,1,,0,0,16.5663,0,,246.21875,1,
encoder,synthetic,synthetic:4,1,,0,0,129.8034,0,,246.21875,1,
decoder_init,synthetic,synthetic:4,1,,0,0,16.5947,0,,246.21875,1,
encoder,synthetic,synthetic:5,1,,0,0,133.4518,0,,246.21875,1,
decoder_init,synthetic,synthetic:5,1,,0,0,14.0568,0,,246.21875,1,
preprocess,synthetic,synthetic:0,1,5,0,0,0.0024,0,,254.51171875,1,
encoder,synthetic,synthetic:0,1,5,0,0,127.2848,0,,254.51171875,1,
decoder_init,synthetic,synthetic:0,1,5,0,0,14.0833,0,,254.51171875,1,
decoder_step,synthetic,synthetic:0,1,5,0,0,39.1772,5,127.62525142174529,254.51171875,1,
token_selection,synthetic,synthetic:0,1,5,0,0,0.25429999999999997,5,19661.81675186788,254.51171875,1,1066 1066 1122 1145 3
full_generation,synthetic,synthetic:0,1,5,0,0,181.8344,5,27.49754721878809,254.51171875,1,1066 1066 1122 1145 3
preprocess,synthetic,synthetic:0,1,10,0,0,0.0017,0,,254.51171875,1,
encoder,synthetic,synthetic:0,1,10,0,0,127.3608,0,,254.51171875,1,
decoder_init,synthetic,synthetic:0,1,10,0,0,12.9237,0,,254.51171875,1,
decoder_step,synthetic,synthetic:0,1,10,0,0,80.2892,10,124.54975264419126,254.51171875,1,
token_selection,synthetic,synthetic:0,1,10,0,0,0.4294,10,23288.30926874709,254.51171875,1,1066 1066 1122 1145 3 3 28 28 28 28
full_generation,synthetic,synthetic:0,1,10,0,0,222.0948,10,45.025817803928774,254.51171875,1,1066 1066 1122 1145 3 3 28 28 28 28
preprocess,synthetic,synthetic:0,1,20,0,0,0.0014,0,,254.5546875,1,
encoder,synthetic,synthetic:0,1,20,0,0,132.0574,0,,254.5546875,1,
decoder_init,synthetic,synthetic:0,1,20,0,0,18.4898,0,,254.5546875,1,
decoder_step,synthetic,synthetic:0,1,20,0,0,178.51220000000004,20,112.03716048538978,254.5546875,1,
token_selection,synthetic,synthetic:0,1,20,0,0,1.0558,20,18942.981625307824,254.5546875,1,1066 1066 1122 1145 3 3 28 28 28 28 3 3 3 3 3 3 3 3 28 28
full_generation,synthetic,synthetic:0,1,20,0,0,331.9696,20,60.24648040061499,254.5546875,1,1066 1066 1122 1145 3 3 28 28 28 28 3 3 3 3 3 3 3 3 28 28
preprocess,synthetic,synthetic:0,1,40,0,0,0.0021,0,,254.5546875,1,
encoder,synthetic,synthetic:0,1,40,0,0,134.7044,0,,254.5546875,1,
decoder_init,synthetic,synthetic:0,1,40,0,0,14.1957,0,,254.5546875,1,
decoder_step,synthetic,synthetic:0,1,40,0,0,307.66169999999994,40,130.01293303651383,254.5546875,1,
token_selection,synthetic,synthetic:0,1,40,0,0,1.6087999999999998,40,24863.25211337643,254.5546875,1,1066 1066 1122 1145 3 3 28 28 28 28 3 3 3 3 3 3 3 3 28 28 3 3 28 28 3 3 3 28 28 3 3 3 28 28 3 3 28 28 28 3
full_generation,synthetic,synthetic:0,1,40,0,0,460.2392,40,86.91132784864915,254.5546875,1,1066 1066 1122 1145 3 3 28 28 28 28 3 3 3 3 3 3 3 3 28 28 3 3 28 28 3 3 3 28 28 3 3 3 28 28 3 3 28 28 28 3
preprocess,synthetic,synthetic:0,1,80,0,0,0.001,0,,254.5546875,1,
encoder,synthetic,synthetic:0,1,80,0,0,125.8792,0,,254.5546875,1,
decoder_init,synthetic,synthetic:0,1,80,0,0,22.2459,0,,254.5546875,1,
decoder_step,synthetic,synthetic:0,1,80,0,0,744.4810999999999,80,107.45739549331743,254.5546875,1,
token_selection,synthetic,synthetic:0,1,80,0,0,3.514300000000001,80,22764.135105141842,254.5546875,1,1066 1066 1122 1145 3 3 28 28 28 28 3 3 3 3 3 3 3 3 28 28 3 3 28 28 3 3 3 28 28 3 3 3 28 28 3 3 28 28 28 3 3 28 28 3 28 3 28 28 3 28 3 28 28 3 28 3 28 28 3 28 28 3 28 3 28 28 28 28 3 28 3 28 28 28 3 28 3 28 28 28
full_generation,synthetic,synthetic:0,1,80,0,0,900.3395,80,88.85537066850893,254.5546875,1,1066 1066 1122 1145 3 3 28 28 28 28 3 3 3 3 3 3 3 3 28 28 3 3 28 28 3 3 3 28 28 3 3 3 28 28 3 3 28 28 28 3 3 28 28 3 28 3 28 28 3 28 3 28 28 3 28 3 28 28 3 28 28 3 28 3 28 28 28 28 3 28 3 28 28 28 3 28 3 28 28 28
preprocess,synthetic,synthetic:0,1,128,0,0,0.0014,0,,254.5546875,1,
encoder,synthetic,synthetic:0,1,128,0,0,140.6974,0,,254.5546875,1,
decoder_init,synthetic,synthetic:0,1,128,0,0,15.1479,0,,254.5546875,1,
decoder_step,synthetic,synthetic:0,1,128,0,0,1066.2118,128,120.0511943311826,254.5546875,1,
token_selection,synthetic,synthetic:0,1,128,0,0,5.273999999999999,128,24270.003792188098,254.5546875,1,1066 1066 1122 1145 3 3 28 28 28 28 3 3 3 3 3 3 3 3 28 28 3 3 28 28 3 3 3 28 28 3 3 3 28 28 3 3 28 28 28 3 3 28 28 3 28 3 28 28 3 28 3 28 28 3 28 3 28 28 3 28 28 3 28 3 28 28 28 28 3 28 3 28 28 28 3 28 3 28 28 28 28 3 28 28 3 28 28 28 28 3 28 28 28 28 3 28 28 28 28 3 28 3 28 28 28 28 28 28 3 28 28 28 28 28 28 28 28 28 28 3 28 3 28 3 28 28 3 28
full_generation,synthetic,synthetic:0,1,128,0,0,1233.9877,128,103.72874867391305,254.5546875,1,1066 1066 1122 1145 3 3 28 28 28 28 3 3 3 3 3 3 3 3 28 28 3 3 28 28 3 3 3 28 28 3 3 3 28 28 3 3 28 28 28 3 3 28 28 3 28 3 28 28 3 28 3 28 28 3 28 3 28 28 3 28 28 3 28 3 28 28 28 28 3 28 3 28 28 28 3 28 3 28 28 28 28 3 28 28 3 28 28 28 28 3 28 28 28 28 3 28 28 28 28 3 28 3 28 28 28 28 28 28 3 28 28 28 28 28 28 28 28 28 28 3 28 3 28 3 28 28 3 28
encoder,real,page:01.jpg,1,,0,0,146.5748,0,,254.5546875,1,
decoder_init,real,page:01.jpg,1,,0,0,16.3845,0,,254.5546875,1,
encoder,real,"crop:01.jpg:725,774,920,1082",1,,0,0,158.4109,0,,254.5546875,1,
decoder_init,real,"crop:01.jpg:725,774,920,1082",1,,0,0,17.426,0,,254.5546875,1,
encoder,real,page:05.jpg,1,,0,0,162.2671,0,,254.5546875,1,
decoder_init,real,page:05.jpg,1,,0,0,15.6781,0,,254.5546875,1,
encoder,real,"crop:05.jpg:125,124,320,435",1,,0,0,153.1626,0,,254.5546875,1,
decoder_init,real,"crop:05.jpg:125,124,320,435",1,,0,0,13.444,0,,254.5546875,1,
encoder,real,page:09.jpg,1,,0,0,195.7963,0,,254.5546875,1,
decoder_init,real,page:09.jpg,1,,0,0,15.0246,0,,254.5546875,1,
encoder,real,"crop:09.jpg:840,960,992,1249",1,,0,0,188.3277,0,,254.5546875,1,
decoder_init,real,"crop:09.jpg:840,960,992,1249",1,,0,0,20.3267,0,,254.5546875,1,
encoder,real,page:14.jpg,1,,0,0,217.6378,0,,254.5546875,1,
decoder_init,real,page:14.jpg,1,,0,0,28.2518,0,,254.5546875,1,
encoder,real,"crop:14.jpg:795,1058,1005,1371",1,,0,0,150.5953,0,,254.5546875,1,
decoder_init,real,"crop:14.jpg:795,1058,1005,1371",1,,0,0,18.926,0,,254.5546875,1,
encoder,real,page:18.jpg,1,,0,0,140.8547,0,,254.5546875,1,
decoder_init,real,page:18.jpg,1,,0,0,20.1301,0,,254.5546875,1,
encoder,real,"crop:18.jpg:850,490,1024,767",1,,0,0,139.6835,0,,254.5546875,1,
decoder_init,real,"crop:18.jpg:850,490,1024,767",1,,0,0,18.5145,0,,254.5546875,1,
encoder,real,page:23.jpg,1,,0,0,124.9219,0,,254.5546875,1,
decoder_init,real,page:23.jpg,1,,0,0,13.1717,0,,254.5546875,1,
encoder,real,"crop:23.jpg:664,132,841,413",1,,0,0,132.8537,0,,254.5546875,1,
decoder_init,real,"crop:23.jpg:664,132,841,413",1,,0,0,16.7398,0,,254.5546875,1,
encoder,real,page:27.jpg,1,,0,0,128.8635,0,,254.5546875,1,
decoder_init,real,page:27.jpg,1,,0,0,17.0833,0,,254.5546875,1,
encoder,real,"crop:27.jpg:394,1158,579,1465",1,,0,0,161.8103,0,,254.5546875,1,
decoder_init,real,"crop:27.jpg:394,1158,579,1465",1,,0,0,27.6494,0,,254.5546875,1,
encoder,real,page:32.jpg,1,,0,0,152.8552,0,,254.5546875,1,
decoder_init,real,page:32.jpg,1,,0,0,15.4323,0,,254.5546875,1,
encoder,real,"crop:32.jpg:839,304,1069,748",1,,0,0,131.6151,0,,254.5546875,1,
decoder_init,real,"crop:32.jpg:839,304,1069,748",1,,0,0,16.6875,0,,254.5546875,1,
preprocess,real,page:01.jpg,1,5,0,0,0.0016,0,,254.5546875,1,
encoder,real,page:01.jpg,1,5,0,0,133.1813,0,,254.5546875,1,
decoder_init,real,page:01.jpg,1,5,0,0,16.6091,0,,254.5546875,1,
decoder_step,real,page:01.jpg,1,5,0,0,30.8018,5,162.32817562609978,254.5546875,1,
token_selection,real,page:01.jpg,1,5,0,0,0.1814,5,27563.395810363832,254.5546875,1,963 963 963 963 963
full_generation,real,page:01.jpg,1,5,0,0,181.4844,5,27.550577349898948,254.5546875,1,963 963 963 963 963
preprocess,real,page:01.jpg,1,10,0,0,0.0011,0,,254.5546875,1,
encoder,real,page:01.jpg,1,10,0,0,128.3041,0,,254.5546875,1,
decoder_init,real,page:01.jpg,1,10,0,0,14.4325,0,,254.5546875,1,
decoder_step,real,page:01.jpg,1,10,0,0,66.14309999999999,10,151.1873498520632,254.5546875,1,
token_selection,real,page:01.jpg,1,10,0,0,0.33180000000000004,10,30138.63773357444,254.5546875,1,963 963 963 963 963 963 963 3 3 3
full_generation,real,page:01.jpg,1,10,0,0,210.1022,10,47.59588428869378,254.5546875,1,963 963 963 963 963 963 963 3 3 3
preprocess,real,page:01.jpg,1,20,0,0,0.001,0,,254.5546875,1,
encoder,real,page:01.jpg,1,20,0,0,123.884,0,,254.5546875,1,
decoder_init,real,page:01.jpg,1,20,0,0,16.4034,0,,254.5546875,1,
decoder_step,real,page:01.jpg,1,20,0,0,149.53159999999997,20,133.7509931011238,254.5546875,1,
token_selection,real,page:01.jpg,1,20,0,0,0.8544999999999999,20,23405.500292568755,254.5546875,1,963 963 963 963 963 963 963 3 3 3 3 3 3 3 3 3 3 3 3 3
full_generation,real,page:01.jpg,1,20,0,0,292.3018,20,68.42243188375849,254.5546875,1,963 963 963 963 963 963 963 3 3 3 3 3 3 3 3 3 3 3 3 3
preprocess,real,page:01.jpg,1,40,0,0,0.0015,0,,254.55859375,1,
encoder,real,page:01.jpg,1,40,0,0,115.404,0,,254.55859375,1,
decoder_init,real,page:01.jpg,1,40,0,0,13.7475,0,,254.55859375,1,
decoder_step,real,page:01.jpg,1,40,0,0,286.6341000000001,40,139.5507373337645,254.55859375,1,
token_selection,real,page:01.jpg,1,40,0,0,1.5611,40,25622.95817052079,254.55859375,1,963 963 963 963 963 963 963 3 3 3 3 3 3 3 3 3 3 3 3 3 3 3 3 3 3 3 3 3 3 3 3 3 3 3 3 3 3 3 3 3
full_generation,real,page:01.jpg,1,40,0,0,419.5121,40,95.34885882910172,254.55859375,1,963 963 963 963 963 963 963 3 3 3 3 3 3 3 3 3 3 3 3 3 3 3 3 3 3 3 3 3 3 3 3 3 3 3 3 3 3 3 3 3
preprocess,real,page:01.jpg,1,80,0,0,0.0019,0,,254.55859375,1,
encoder,real,page:01.jpg,1,80,0,0,121.4847,0,,254.55859375,1,
decoder_init,real,page:01.jpg,1,80,0,0,15.0568,0,,254.55859375,1,
decoder_step,real,page:01.jpg,1,80,0,0,654.6905999999999,80,122.19512545315301,254.55859375,1,
token_selection,real,page:01.jpg,1,80,0,0,3.580999999999998,80,22340.12845573863,254.55859375,1,963 963 963 963 963 963 963 3 3 3 3 3 3 3 3 3 3 3 3 3 3 3 3 3 3 3 3 3 3 3 3 3 3 3 3 3 3 3 3 3 3 3 28 28 3 28 3 3 3 3 3 3 3 3 28 3 3 28 3 3 28 3 3 28 3 3 3 28 3 3 3 28 28 3 28 3 3 28 3 28
full_generation,real,page:01.jpg,1,80,0,0,798.9215,80,100.13499448944607,254.55859375,1,963 963 963 963 963 963 963 3 3 3 3 3 3 3 3 3 3 3 3 3 3 3 3 3 3 3 3 3 3 3 3 3 3 3 3 3 3 3 3 3 3 3 28 28 3 28 3 3 3 3 3 3 3 3 28 3 3 28 3 3 28 3 3 28 3 3 3 28 3 3 3 28 28 3 28 3 3 28 3 28
preprocess,real,page:01.jpg,1,128,0,0,0.0016,0,,254.55859375,1,
encoder,real,page:01.jpg,1,128,0,0,143.1536,0,,254.55859375,1,
decoder_init,real,page:01.jpg,1,128,0,0,16.016,0,,254.55859375,1,
decoder_step,real,page:01.jpg,1,128,0,0,1051.3192,128,121.75179526826867,254.55859375,1,
token_selection,real,page:01.jpg,1,128,0,0,5.507600000000002,128,23240.612971167106,254.55859375,1,963 963 963 963 963 963 963 3 3 3 3 3 3 3 3 3 3 3 3 3 3 3 3 3 3 3 3 3 3 3 3 3 3 3 3 3 3 3 3 3 3 3 28 28 3 28 3 3 3 3 3 3 3 3 28 3 3 28 3 3 28 3 3 28 3 3 3 28 3 3 3 28 28 3 28 3 3 28 3 28 28 28 3 28 3 28 3 28 28 3 28 28 3 28 3 28 3 28 3 28 3 3 3 3 3 28 3 28 3 28 28 3 3 28 3 28 28 28 3 3 28 3 28 3 28 3 3 28
full_generation,real,page:01.jpg,1,128,0,0,1222.3308,128,104.71796996361378,254.55859375,1,963 963 963 963 963 963 963 3 3 3 3 3 3 3 3 3 3 3 3 3 3 3 3 3 3 3 3 3 3 3 3 3 3 3 3 3 3 3 3 3 3 3 28 28 3 28 3 3 3 3 3 3 3 3 28 3 3 28 3 3 28 3 3 28 3 3 3 28 3 3 3 28 28 3 28 3 3 28 3 28 28 28 3 28 3 28 3 28 28 3 28 28 3 28 3 28 3 28 3 28 3 3 3 3 3 28 3 28 3 28 28 3 3 28 3 28 28 28 3 3 28 3 28 3 28 3 3 28
encoder,synthetic,synthetic:0,1,,0,1,129.3269,0,,254.55859375,1,
decoder_init,synthetic,synthetic:0,1,,0,1,14.6586,0,,254.55859375,1,
encoder,synthetic,synthetic:1,1,,0,1,110.9851,0,,254.55859375,1,
decoder_init,synthetic,synthetic:1,1,,0,1,16.3567,0,,254.55859375,1,
encoder,synthetic,synthetic:2,1,,0,1,129.3218,0,,254.55859375,1,
decoder_init,synthetic,synthetic:2,1,,0,1,18.8591,0,,254.55859375,1,
encoder,synthetic,synthetic:3,1,,0,1,127.9229,0,,254.55859375,1,
decoder_init,synthetic,synthetic:3,1,,0,1,16.043,0,,254.55859375,1,
encoder,synthetic,synthetic:4,1,,0,1,126.7873,0,,254.55859375,1,
decoder_init,synthetic,synthetic:4,1,,0,1,14.7293,0,,254.55859375,1,
encoder,synthetic,synthetic:5,1,,0,1,122.4969,0,,254.55859375,1,
decoder_init,synthetic,synthetic:5,1,,0,1,16.0889,0,,254.55859375,1,
preprocess,synthetic,synthetic:0,1,5,0,1,0.0021,0,,254.55859375,1,
encoder,synthetic,synthetic:0,1,5,0,1,167.5337,0,,254.55859375,1,
decoder_init,synthetic,synthetic:0,1,5,0,1,38.9402,0,,254.55859375,1,
decoder_step,synthetic,synthetic:0,1,5,0,1,60.488400000000006,5,82.66047705014515,254.55859375,1,
token_selection,synthetic,synthetic:0,1,5,0,1,0.2219,5,22532.67237494367,254.55859375,1,1066 1066 1122 1145 3
full_generation,synthetic,synthetic:0,1,5,0,1,267.9666,5,18.65904183581088,254.55859375,1,1066 1066 1122 1145 3
preprocess,synthetic,synthetic:0,1,10,0,1,0.0014,0,,254.5625,1,
encoder,synthetic,synthetic:0,1,10,0,1,267.5504,0,,254.5625,1,
decoder_init,synthetic,synthetic:0,1,10,0,1,21.8225,0,,254.5625,1,
decoder_step,synthetic,synthetic:0,1,10,0,1,100.11439999999999,10,99.8857307240517,254.5625,1,
token_selection,synthetic,synthetic:0,1,10,0,1,0.4419,10,22629.554197782305,254.5625,1,1066 1066 1122 1145 3 3 28 28 28 28
full_generation,synthetic,synthetic:0,1,10,0,1,392.3535,10,25.48722007067606,254.5625,1,1066 1066 1122 1145 3 3 28 28 28 28
preprocess,synthetic,synthetic:0,1,20,0,1,0.002,0,,254.5625,1,
encoder,synthetic,synthetic:0,1,20,0,1,215.4339,0,,254.5625,1,
decoder_init,synthetic,synthetic:0,1,20,0,1,23.5609,0,,254.5625,1,
decoder_step,synthetic,synthetic:0,1,20,0,1,207.88790000000003,20,96.2056954733777,254.5625,1,
token_selection,synthetic,synthetic:0,1,20,0,1,0.8996000000000001,20,22232.103156958645,254.5625,1,1066 1066 1122 1145 3 3 28 28 28 28 3 3 3 3 3 3 3 3 28 28
full_generation,synthetic,synthetic:0,1,20,0,1,449.3695,20,44.506803421237976,254.5625,1,1066 1066 1122 1145 3 3 28 28 28 28 3 3 3 3 3 3 3 3 28 28
preprocess,synthetic,synthetic:0,1,40,0,1,0.001,0,,254.5625,1,
encoder,synthetic,synthetic:0,1,40,0,1,192.9594,0,,254.5625,1,
decoder_init,synthetic,synthetic:0,1,40,0,1,20.6468,0,,254.5625,1,
decoder_step,synthetic,synthetic:0,1,40,0,1,626.7692999999999,40,63.81933512059381,254.5625,1,
token_selection,synthetic,synthetic:0,1,40,0,1,3.9663000000000004,40,10084.965837178224,254.5625,1,1066 1066 1122 1145 3 3 28 28 28 28 3 3 3 3 3 3 3 3 28 28 3 3 28 28 3 3 3 28 28 3 3 3 28 28 3 3 28 28 28 3
full_generation,synthetic,synthetic:0,1,40,0,1,847.2073,40,47.21394633875322,254.5625,1,1066 1066 1122 1145 3 3 28 28 28 28 3 3 3 3 3 3 3 3 28 28 3 3 28 28 3 3 3 28 28 3 3 3 28 28 3 3 28 28 28 3
preprocess,synthetic,synthetic:0,1,80,0,1,0.0022,0,,254.5625,1,
encoder,synthetic,synthetic:0,1,80,0,1,252.643,0,,254.5625,1,
decoder_init,synthetic,synthetic:0,1,80,0,1,30.7279,0,,254.5625,1,
decoder_step,synthetic,synthetic:0,1,80,0,1,1206.4568000000002,80,66.30987533080338,254.5625,1,
token_selection,synthetic,synthetic:0,1,80,0,1,7.868099999999999,80,10167.638947140988,254.5625,1,1066 1066 1122 1145 3 3 28 28 28 28 3 3 3 3 3 3 3 3 28 28 3 3 28 28 3 3 3 28 28 3 3 3 28 28 3 3 28 28 28 3 3 28 28 3 28 3 28 28 3 28 3 28 28 3 28 3 28 28 3 28 28 3 28 3 28 28 28 28 3 28 3 28 28 28 3 28 3 28 28 28
full_generation,synthetic,synthetic:0,1,80,0,1,1502.8904,80,53.23076120520831,254.5625,1,1066 1066 1122 1145 3 3 28 28 28 28 3 3 3 3 3 3 3 3 28 28 3 3 28 28 3 3 3 28 28 3 3 3 28 28 3 3 28 28 28 3 3 28 28 3 28 3 28 28 3 28 3 28 28 3 28 3 28 28 3 28 28 3 28 3 28 28 28 28 3 28 3 28 28 28 3 28 3 28 28 28
preprocess,synthetic,synthetic:0,1,128,0,1,0.0015,0,,254.5625,1,
encoder,synthetic,synthetic:0,1,128,0,1,166.9024,0,,254.5625,1,
decoder_init,synthetic,synthetic:0,1,128,0,1,16.9354,0,,254.56640625,1,
decoder_step,synthetic,synthetic:0,1,128,0,1,1333.2718000000002,128,96.00443060447239,254.56640625,1,
token_selection,synthetic,synthetic:0,1,128,0,1,6.8084999999999996,128,18800.0293750459,254.56640625,1,1066 1066 1122 1145 3 3 28 28 28 28 3 3 3 3 3 3 3 3 28 28 3 3 28 28 3 3 3 28 28 3 3 3 28 28 3 3 28 28 28 3 3 28 28 3 28 3 28 28 3 28 3 28 28 3 28 3 28 28 3 28 28 3 28 3 28 28 28 28 3 28 3 28 28 28 3 28 3 28 28 28 28 3 28 28 3 28 28 28 28 3 28 28 28 28 3 28 28 28 28 3 28 3 28 28 28 28 28 28 3 28 28 28 28 28 28 28 28 28 28 3 28 3 28 3 28 28 3 28
full_generation,synthetic,synthetic:0,1,128,0,1,1532.206,128,83.5396806956767,254.56640625,1,1066 1066 1122 1145 3 3 28 28 28 28 3 3 3 3 3 3 3 3 28 28 3 3 28 28 3 3 3 28 28 3 3 3 28 28 3 3 28 28 28 3 3 28 28 3 28 3 28 28 3 28 3 28 28 3 28 3 28 28 3 28 28 3 28 3 28 28 28 28 3 28 3 28 28 28 3 28 3 28 28 28 28 3 28 28 3 28 28 28 28 3 28 28 28 28 3 28 28 28 28 3 28 3 28 28 28 28 28 28 3 28 28 28 28 28 28 28 28 28 28 3 28 3 28 3 28 28 3 28
encoder,real,page:01.jpg,1,,0,1,132.836,0,,254.56640625,1,
decoder_init,real,page:01.jpg,1,,0,1,15.2584,0,,254.56640625,1,
encoder,real,"crop:01.jpg:725,774,920,1082",1,,0,1,129.0286,0,,254.56640625,1,
decoder_init,real,"crop:01.jpg:725,774,920,1082",1,,0,1,13.3012,0,,254.56640625,1,
encoder,real,page:05.jpg,1,,0,1,114.3844,0,,254.5703125,1,
decoder_init,real,page:05.jpg,1,,0,1,15.2726,0,,254.5703125,1,
encoder,real,"crop:05.jpg:125,124,320,435",1,,0,1,121.8426,0,,254.5703125,1,
decoder_init,real,"crop:05.jpg:125,124,320,435",1,,0,1,16.4375,0,,254.5703125,1,
encoder,real,page:09.jpg,1,,0,1,133.1849,0,,254.5703125,1,
decoder_init,real,page:09.jpg,1,,0,1,16.4479,0,,254.5703125,1,
encoder,real,"crop:09.jpg:840,960,992,1249",1,,0,1,124.8474,0,,254.5703125,1,
decoder_init,real,"crop:09.jpg:840,960,992,1249",1,,0,1,16.1263,0,,254.5703125,1,
encoder,real,page:14.jpg,1,,0,1,126.8369,0,,254.5703125,1,
decoder_init,real,page:14.jpg,1,,0,1,15.6817,0,,254.5703125,1,
encoder,real,"crop:14.jpg:795,1058,1005,1371",1,,0,1,127.6413,0,,254.57421875,1,
decoder_init,real,"crop:14.jpg:795,1058,1005,1371",1,,0,1,13.3344,0,,254.57421875,1,
encoder,real,page:18.jpg,1,,0,1,128.7165,0,,254.57421875,1,
decoder_init,real,page:18.jpg,1,,0,1,13.9371,0,,254.57421875,1,
encoder,real,"crop:18.jpg:850,490,1024,767",1,,0,1,126.9042,0,,254.57421875,1,
decoder_init,real,"crop:18.jpg:850,490,1024,767",1,,0,1,15.8937,0,,254.57421875,1,
encoder,real,page:23.jpg,1,,0,1,133.6564,0,,254.57421875,1,
decoder_init,real,page:23.jpg,1,,0,1,17.2149,0,,254.57421875,1,
encoder,real,"crop:23.jpg:664,132,841,413",1,,0,1,130.9422,0,,254.57421875,1,
decoder_init,real,"crop:23.jpg:664,132,841,413",1,,0,1,16.3619,0,,254.57421875,1,
encoder,real,page:27.jpg,1,,0,1,124.0534,0,,254.578125,1,
decoder_init,real,page:27.jpg,1,,0,1,15.3484,0,,254.578125,1,
encoder,real,"crop:27.jpg:394,1158,579,1465",1,,0,1,140.056,0,,254.578125,1,
decoder_init,real,"crop:27.jpg:394,1158,579,1465",1,,0,1,17.1322,0,,254.578125,1,
encoder,real,page:32.jpg,1,,0,1,152.9055,0,,254.578125,1,
decoder_init,real,page:32.jpg,1,,0,1,15.4486,0,,254.578125,1,
encoder,real,"crop:32.jpg:839,304,1069,748",1,,0,1,147.0242,0,,254.578125,1,
decoder_init,real,"crop:32.jpg:839,304,1069,748",1,,0,1,13.0188,0,,254.578125,1,
preprocess,real,page:01.jpg,1,5,0,1,0.0023,0,,254.578125,1,
encoder,real,page:01.jpg,1,5,0,1,119.4115,0,,254.578125,1,
decoder_init,real,page:01.jpg,1,5,0,1,13.3877,0,,254.58203125,1,
decoder_step,real,page:01.jpg,1,5,0,1,32.3395,5,154.60968784304023,254.58203125,1,
token_selection,real,page:01.jpg,1,5,0,1,0.182,5,27472.527472527472,254.58203125,1,963 963 963 963 963
full_generation,real,page:01.jpg,1,5,0,1,165.8979,5,30.139019240147103,254.58203125,1,963 963 963 963 963
preprocess,real,page:01.jpg,1,10,0,1,0.0012,0,,254.58203125,1,
encoder,real,page:01.jpg,1,10,0,1,148.4295,0,,254.58203125,1,
decoder_init,real,page:01.jpg,1,10,0,1,14.8076,0,,254.58203125,1,
decoder_step,real,page:01.jpg,1,10,0,1,98.1928,10,101.84046080771705,254.58203125,1,
token_selection,real,page:01.jpg,1,10,0,1,0.5034000000000001,10,19864.918553833926,254.58203125,1,963 963 963 963 963 963 963 3 3 3
full_generation,real,page:01.jpg,1,10,0,1,263.1451,10,38.00184764983273,254.58203125,1,963 963 963 963 963 963 963 3 3 3
preprocess,real,page:01.jpg,1,20,0,1,0.002,0,,254.5859375,1,
encoder,real,page:01.jpg,1,20,0,1,157.1701,0,,254.5859375,1,
decoder_init,real,page:01.jpg,1,20,0,1,18.959,0,,254.5859375,1,
decoder_step,real,page:01.jpg,1,20,0,1,169.26999999999995,20,118.15442783718323,254.5859375,1,
token_selection,real,page:01.jpg,1,20,0,1,1.076,20,18587.360594795537,254.5859375,1,963 963 963 963 963 963 963 3 3 3 3 3 3 3 3 3 3 3 3 3
full_generation,real,page:01.jpg,1,20,0,1,348.2331,20,57.432794297842456,254.5859375,1,963 963 963 963 963 963 963 3 3 3 3 3 3 3 3 3 3 3 3 3
preprocess,real,page:01.jpg,1,40,0,1,0.0015,0,,254.5859375,1,
encoder,real,page:01.jpg,1,40,0,1,130.7936,0,,254.5859375,1,
decoder_init,real,page:01.jpg,1,40,0,1,14.9656,0,,254.5859375,1,
decoder_step,real,page:01.jpg,1,40,0,1,297.40879999999987,40,134.49501158002056,254.5859375,1,
token_selection,real,page:01.jpg,1,40,0,1,1.5743,40,25408.117893667026,254.58984375,1,963 963 963 963 963 963 963 3 3 3 3 3 3 3 3 3 3 3 3 3 3 3 3 3 3 3 3 3 3 3 3 3 3 3 3 3 3 3 3 3
full_generation,real,page:01.jpg,1,40,0,1,447.0555,40,89.47434938167632,254.58984375,1,963 963 963 963 963 963 963 3 3 3 3 3 3 3 3 3 3 3 3 3 3 3 3 3 3 3 3 3 3 3 3 3 3 3 3 3 3 3 3 3
preprocess,real,page:01.jpg,1,80,0,1,0.0013,0,,254.58984375,1,
encoder,real,page:01.jpg,1,80,0,1,140.9247,0,,254.58984375,1,
decoder_init,real,page:01.jpg,1,80,0,1,14.6119,0,,254.58984375,1,
decoder_step,real,page:01.jpg,1,80,0,1,642.4071000000002,80,124.5316248839715,254.58984375,1,
token_selection,real,page:01.jpg,1,80,0,1,3.3764000000000007,80,23693.87513327804,254.58984375,1,963 963 963 963 963 963 963 3 3 3 3 3 3 3 3 3 3 3 3 3 3 3 3 3 3 3 3 3 3 3 3 3 3 3 3 3 3 3 3 3 3 3 28 28 3 28 3 3 3 3 3 3 3 3 28 3 3 28 3 3 28 3 3 28 3 3 3 28 3 3 3 28 28 3 28 3 3 28 3 28
full_generation,real,page:01.jpg,1,80,0,1,805.4016,80,99.32932837481326,254.58984375,1,963 963 963 963 963 963 963 3 3 3 3 3 3 3 3 3 3 3 3 3 3 3 3 3 3 3 3 3 3 3 3 3 3 3 3 3 3 3 3 3 3 3 28 28 3 28 3 3 3 3 3 3 3 3 28 3 3 28 3 3 28 3 3 28 3 3 3 28 3 3 3 28 28 3 28 3 3 28 3 28
preprocess,real,page:01.jpg,1,128,0,1,0.0012,0,,254.58984375,1,
encoder,real,page:01.jpg,1,128,0,1,120.2758,0,,254.58984375,1,
decoder_init,real,page:01.jpg,1,128,0,1,15.3441,0,,254.59375,1,
decoder_step,real,page:01.jpg,1,128,0,1,1286.0070999999998,128,99.53288749338944,254.59375,1,
token_selection,real,page:01.jpg,1,128,0,1,5.634499999999999,128,22717.188747892455,254.59375,1,963 963 963 963 963 963 963 3 3 3 3 3 3 3 3 3 3 3 3 3 3 3 3 3 3 3 3 3 3 3 3 3 3 3 3 3 3 3 3 3 3 3 28 28 3 28 3 3 3 3 3 3 3 3 28 3 3 28 3 3 28 3 3 28 3 3 3 28 3 3 3 28 28 3 28 3 3 28 3 28 28 28 3 28 3 28 3 28 28 3 28 28 3 28 3 28 3 28 3 28 3 3 3 3 3 28 3 28 3 28 28 3 3 28 3 28 28 28 3 3 28 3 28 3 28 3 3 28
full_generation,real,page:01.jpg,1,128,0,1,1433.9498,128,89.2639337862455,254.59375,1,963 963 963 963 963 963 963 3 3 3 3 3 3 3 3 3 3 3 3 3 3 3 3 3 3 3 3 3 3 3 3 3 3 3 3 3 3 3 3 3 3 3 28 28 3 28 3 3 3 3 3 3 3 3 28 3 3 28 3 3 28 3 3 28 3 3 3 28 3 3 3 28 28 3 28 3 3 28 3 28 28 28 3 28 3 28 3 28 28 3 28 28 3 28 3 28 3 28 3 28 3 3 3 3 3 28 3 28 3 28 28 3 3 28 3 28 28 28 3 3 28 3 28 3 28 3 3 28
session_create,all,-,2,,1,0,1538.9537,0,,246.5390625,1,
encoder,synthetic,synthetic:0,2,,1,0,273.8829,0,,241.25,1,
decoder_init,synthetic,synthetic:0,2,,1,0,41.9774,0,,236.515625,1,
encoder,synthetic,synthetic:1,2,,1,0,261.7376,0,,241.87890625,1,
decoder_init,synthetic,synthetic:1,2,,1,0,53.1491,0,,245.203125,1,
encoder,synthetic,synthetic:2,2,,1,0,255.3712,0,,245.203125,1,
decoder_init,synthetic,synthetic:2,2,,1,0,34.7727,0,,246.95703125,1,
encoder,synthetic,synthetic:3,2,,1,0,309.4201,0,,246.95703125,1,
decoder_init,synthetic,synthetic:3,2,,1,0,23.9113,0,,246.95703125,1,
encoder,synthetic,synthetic:4,2,,1,0,192.8758,0,,246.95703125,1,
decoder_init,synthetic,synthetic:4,2,,1,0,22.5996,0,,246.95703125,1,
encoder,synthetic,synthetic:5,2,,1,0,91.4074,0,,246.95703125,1,
decoder_init,synthetic,synthetic:5,2,,1,0,10.8937,0,,246.95703125,1,
preprocess,synthetic,synthetic:0,2,5,1,0,0.0027,0,,255.38671875,1,
encoder,synthetic,synthetic:0,2,5,1,0,70.5612,0,,255.38671875,1,
decoder_init,synthetic,synthetic:0,2,5,1,0,9.1294,0,,255.38671875,1,
decoder_step,synthetic,synthetic:0,2,5,1,0,35.0634,5,142.59883525271366,255.390625,1,
token_selection,synthetic,synthetic:0,2,5,1,0,0.1857,5,26925.148088314483,255.390625,1,1066 1066 1122 1145 3
full_generation,synthetic,synthetic:0,2,5,1,0,115.7449,5,43.19844762058631,255.390625,1,1066 1066 1122 1145 3
preprocess,synthetic,synthetic:0,2,10,1,0,0.0014,0,,255.390625,1,
encoder,synthetic,synthetic:0,2,10,1,0,93.2108,0,,255.390625,1,
decoder_init,synthetic,synthetic:0,2,10,1,0,13.5803,0,,255.390625,1,
decoder_step,synthetic,synthetic:0,2,10,1,0,78.27069999999999,10,127.76172948497971,255.390625,1,
token_selection,synthetic,synthetic:0,2,10,1,0,0.4655,10,21482.277121374864,255.390625,1,1066 1066 1122 1145 3 3 28 28 28 28
full_generation,synthetic,synthetic:0,2,10,1,0,186.638,10,53.57965687587737,255.390625,1,1066 1066 1122 1145 3 3 28 28 28 28
preprocess,synthetic,synthetic:0,2,20,1,0,0.0018,0,,255.390625,1,
encoder,synthetic,synthetic:0,2,20,1,0,91.3393,0,,255.3984375,1,
decoder_init,synthetic,synthetic:0,2,20,1,0,14.8576,0,,255.3984375,1,
decoder_step,synthetic,synthetic:0,2,20,1,0,229.5231,20,87.13719882661047,255.3984375,1,
token_selection,synthetic,synthetic:0,2,20,1,0,0.9942,20,20116.67672500503,255.3984375,1,1066 1066 1122 1145 3 3 28 28 28 28 3 3 3 3 3 3 3 3 28 28
full_generation,synthetic,synthetic:0,2,20,1,0,338.4145,20,59.099122525778306,255.3984375,1,1066 1066 1122 1145 3 3 28 28 28 28 3 3 3 3 3 3 3 3 28 28
preprocess,synthetic,synthetic:0,2,40,1,0,0.0013,0,,255.3984375,1,
encoder,synthetic,synthetic:0,2,40,1,0,131.8537,0,,255.3984375,1,
decoder_init,synthetic,synthetic:0,2,40,1,0,16.4342,0,,255.3984375,1,
decoder_step,synthetic,synthetic:0,2,40,1,0,298.23370000000006,40,134.12300487838897,255.3984375,1,
token_selection,synthetic,synthetic:0,2,40,1,0,1.7467,40,22900.326329650197,255.3984375,1,1066 1066 1122 1145 3 3 28 28 28 28 3 3 3 3 3 3 3 3 28 28 3 3 28 28 3 3 3 28 28 3 3 3 28 28 3 3 28 28 28 3
full_generation,synthetic,synthetic:0,2,40,1,0,451.0245,40,88.68697820184934,255.40234375,1,1066 1066 1122 1145 3 3 28 28 28 28 3 3 3 3 3 3 3 3 28 28 3 3 28 28 3 3 3 28 28 3 3 3 28 28 3 3 28 28 28 3
preprocess,synthetic,synthetic:0,2,80,1,0,0.0015,0,,255.40234375,1,
encoder,synthetic,synthetic:0,2,80,1,0,74.6329,0,,255.40234375,1,
decoder_init,synthetic,synthetic:0,2,80,1,0,9.1441,0,,255.40234375,1,
decoder_step,synthetic,synthetic:0,2,80,1,0,594.1982000000002,80,134.63521094476553,255.40234375,1,
token_selection,synthetic,synthetic:0,2,80,1,0,3.355599999999999,80,23840.743831207543,255.40234375,1,1066 1066 1122 1145 3 3 28 28 28 28 3 3 3 3 3 3 3 3 28 28 3 3 28 28 3 3 3 28 28 3 3 3 28 28 3 3 28 28 28 3 3 28 28 3 28 3 28 28 3 28 3 28 28 3 28 3 28 28 3 28 28 3 28 3 28 28 28 28 3 28 3 28 28 28 3 28 3 28 28 28
full_generation,synthetic,synthetic:0,2,80,1,0,685.5618,80,116.69261618719129,255.40234375,1,1066 1066 1122 1145 3 3 28 28 28 28 3 3 3 3 3 3 3 3 28 28 3 3 28 28 3 3 3 28 28 3 3 3 28 28 3 3 28 28 28 3 3 28 28 3 28 3 28 28 3 28 3 28 28 3 28 3 28 28 3 28 28 3 28 3 28 28 28 28 3 28 3 28 28 28 3 28 3 28 28 28
preprocess,synthetic,synthetic:0,2,128,1,0,0.0012,0,,255.40234375,1,
encoder,synthetic,synthetic:0,2,128,1,0,77.9569,0,,255.40234375,1,
decoder_init,synthetic,synthetic:0,2,128,1,0,9.3599,0,,255.40234375,1,
decoder_step,synthetic,synthetic:0,2,128,1,0,992.7074999999998,128,128.94029711672374,255.40625,1,
token_selection,synthetic,synthetic:0,2,128,1,0,5.904499999999997,128,21678.38089592685,255.40625,1,1066 1066 1122 1145 3 3 28 28 28 28 3 3 3 3 3 3 3 3 28 28 3 3 28 28 3 3 3 28 28 3 3 3 28 28 3 3 28 28 28 3 3 28 28 3 28 3 28 28 3 28 3 28 28 3 28 3 28 28 3 28 28 3 28 3 28 28 28 28 3 28 3 28 28 28 3 28 3 28 28 28 28 3 28 28 3 28 28 28 28 3 28 28 28 28 3 28 28 28 28 3 28 3 28 28 28 28 28 28 3 28 28 28 28 28 28 28 28 28 28 3 28 3 28 3 28 28 3 28
full_generation,synthetic,synthetic:0,2,128,1,0,1093.2676,128,117.08020982237105,255.40625,1,1066 1066 1122 1145 3 3 28 28 28 28 3 3 3 3 3 3 3 3 28 28 3 3 28 28 3 3 3 28 28 3 3 3 28 28 3 3 28 28 28 3 3 28 28 3 28 3 28 28 3 28 3 28 28 3 28 3 28 28 3 28 28 3 28 3 28 28 28 28 3 28 3 28 28 28 3 28 3 28 28 28 28 3 28 28 3 28 28 28 28 3 28 28 28 28 3 28 28 28 28 3 28 3 28 28 28 28 28 28 3 28 28 28 28 28 28 28 28 28 28 3 28 3 28 3 28 28 3 28
encoder,real,page:01.jpg,2,,1,0,83.6552,0,,255.40625,1,
decoder_init,real,page:01.jpg,2,,1,0,11.6803,0,,255.40625,1,
encoder,real,"crop:01.jpg:725,774,920,1082",2,,1,0,83.5101,0,,255.40625,1,
decoder_init,real,"crop:01.jpg:725,774,920,1082",2,,1,0,13.3617,0,,255.40625,1,
encoder,real,page:05.jpg,2,,1,0,100.0731,0,,255.40625,1,
decoder_init,real,page:05.jpg,2,,1,0,17.6933,0,,255.41015625,1,
encoder,real,"crop:05.jpg:125,124,320,435",2,,1,0,115.4087,0,,255.41015625,1,
decoder_init,real,"crop:05.jpg:125,124,320,435",2,,1,0,14.3707,0,,255.41015625,1,
encoder,real,page:09.jpg,2,,1,0,96.7945,0,,255.41015625,1,
decoder_init,real,page:09.jpg,2,,1,0,15.5768,0,,255.41015625,1,
encoder,real,"crop:09.jpg:840,960,992,1249",2,,1,0,87.974,0,,255.41015625,1,
decoder_init,real,"crop:09.jpg:840,960,992,1249",2,,1,0,15.5342,0,,255.41015625,1,
encoder,real,page:14.jpg,2,,1,0,75.7259,0,,255.41015625,1,
decoder_init,real,page:14.jpg,2,,1,0,10.0032,0,,255.41015625,1,
encoder,real,"crop:14.jpg:795,1058,1005,1371",2,,1,0,79.3547,0,,255.41015625,1,
decoder_init,real,"crop:14.jpg:795,1058,1005,1371",2,,1,0,12.9401,0,,255.4140625,1,
encoder,real,page:18.jpg,2,,1,0,82.1923,0,,255.4140625,1,
decoder_init,real,page:18.jpg,2,,1,0,13.1409,0,,255.4140625,1,
encoder,real,"crop:18.jpg:850,490,1024,767",2,,1,0,79.3726,0,,255.4140625,1,
decoder_init,real,"crop:18.jpg:850,490,1024,767",2,,1,0,11.8077,0,,255.4140625,1,
encoder,real,page:23.jpg,2,,1,0,80.65,0,,255.4140625,1,
decoder_init,real,page:23.jpg,2,,1,0,10.8341,0,,255.41796875,1,
encoder,real,"crop:23.jpg:664,132,841,413",2,,1,0,78.8249,0,,255.41796875,1,
decoder_init,real,"crop:23.jpg:664,132,841,413",2,,1,0,10.867,0,,255.41796875,1,
encoder,real,page:27.jpg,2,,1,0,81.4944,0,,255.41796875,1,
decoder_init,real,page:27.jpg,2,,1,0,9.8752,0,,255.421875,1,
encoder,real,"crop:27.jpg:394,1158,579,1465",2,,1,0,78.5941,0,,255.421875,1,
decoder_init,real,"crop:27.jpg:394,1158,579,1465",2,,1,0,11.5585,0,,255.421875,1,
encoder,real,page:32.jpg,2,,1,0,78.7902,0,,255.421875,1,
decoder_init,real,page:32.jpg,2,,1,0,10.1812,0,,255.421875,1,
encoder,real,"crop:32.jpg:839,304,1069,748",2,,1,0,69.6259,0,,255.421875,1,
decoder_init,real,"crop:32.jpg:839,304,1069,748",2,,1,0,10.2122,0,,255.421875,1,
preprocess,real,page:01.jpg,2,5,1,0,0.0018,0,,255.421875,1,
encoder,real,page:01.jpg,2,5,1,0,94.3941,0,,255.421875,1,
decoder_init,real,page:01.jpg,2,5,1,0,11.4972,0,,255.42578125,1,
decoder_step,real,page:01.jpg,2,5,1,0,25.8234,5,193.6228382010115,255.4296875,1,
token_selection,real,page:01.jpg,2,5,1,0,0.1591,5,31426.775612822126,255.4296875,1,963 963 963 963 963
full_generation,real,page:01.jpg,2,5,1,0,132.5129,5,37.732175508950455,255.4296875,1,963 963 963 963 963
preprocess,real,page:01.jpg,2,10,1,0,0.001,0,,255.4296875,1,
encoder,real,page:01.jpg,2,10,1,0,106.8929,0,,255.4296875,1,
decoder_init,real,page:01.jpg,2,10,1,0,15.9047,0,,255.4296875,1,
decoder_step,real,page:01.jpg,2,10,1,0,80.48870000000001,10,124.24104253143608,255.4296875,1,
token_selection,real,page:01.jpg,2,10,1,0,0.5004,10,19984.01278976819,255.4296875,1,963 963 963 963 963 963 963 3 3 3
full_generation,real,page:01.jpg,2,10,1,0,205.2998,10,48.70925349172283,255.4296875,1,963 963 963 963 963 963 963 3 3 3
preprocess,real,page:01.jpg,2,20,1,0,0.0023,0,,255.4296875,1,
encoder,real,page:01.jpg,2,20,1,0,120.7618,0,,255.43359375,1,
decoder_init,real,page:01.jpg,2,20,1,0,12.8627,0,,255.43359375,1,
decoder_step,real,page:01.jpg,2,20,1,0,133.35920000000002,20,149.970905644305,255.43359375,1,
token_selection,real,page:01.jpg,2,20,1,0,0.9094999999999999,20,21990.104452996155,255.43359375,1,963 963 963 963 963 963 963 3 3 3 3 3 3 3 3 3 3 3 3 3
full_generation,real,page:01.jpg,2,20,1,0,269.6951,20,74.15781747610542,255.43359375,1,963 963 963 963 963 963 963 3 3 3 3 3 3 3 3 3 3 3 3 3
preprocess,real,page:01.jpg,2,40,1,0,0.0022,0,,255.43359375,1,
encoder,real,page:01.jpg,2,40,1,0,70.3816,0,,255.43359375,1,
decoder_init,real,page:01.jpg,2,40,1,0,10.704,0,,255.43359375,1,
decoder_step,real,page:01.jpg,2,40,1,0,280.5227,40,142.59095609731403,255.43359375,1,
token_selection,real,page:01.jpg,2,40,1,0,1.7961,40,22270.474917877622,255.43359375,1,963 963 963 963 963 963 963 3 3 3 3 3 3 3 3 3 3 3 3 3 3 3 3 3 3 3 3 3 3 3 3 3 3 3 3 3 3 3 3 3
full_generation,real,page:01.jpg,2,40,1,0,366.3536,40,109.18413248839374,255.4375,1,963 963 963 963 963 963 963 3 3 3 3 3 3 3 3 3 3 3 3 3 3 3 3 3 3 3 3 3 3 3 3 3 3 3 3 3 3 3 3 3
preprocess,real,page:01.jpg,2,80,1,0,0.0021,0,,255.375,1,
encoder,real,page:01.jpg,2,80,1,0,76.2953,0,,255.375,1,
decoder_init,real,page:01.jpg,2,80,1,0,10.3788,0,,255.375,1,
decoder_step,real,page:01.jpg,2,80,1,0,609.0707000000001,80,131.3476415792124,255.375,1,
token_selection,real,page:01.jpg,2,80,1,0,3.860799999999999,80,20721.0940737671,255.375,1,963 963 963 963 963 963 963 3 3 3 3 3 3 3 3 3 3 3 3 3 3 3 3 3 3 3 3 3 3 3 3 3 3 3 3 3 3 3 3 3 3 3 28 28 3 28 3 3 3 3 3 3 3 3 28 3 3 28 3 3 28 3 3 28 3 3 3 28 3 3 3 28 28 3 28 3 3 28 3 28
full_generation,real,page:01.jpg,2,80,1,0,704.1184,80,113.61725527979387,255.375,1,963 963 963 963 963 963 963 3 3 3 3 3 3 3 3 3 3 3 3 3 3 3 3 3 3 3 3 3 3 3 3 3 3 3 3 3 3 3 3 3 3 3 28 28 3 28 3 3 3 3 3 3 3 3 28 3 3 28 3 3 28 3 3 28 3 3 3 28 3 3 3 28 28 3 28 3 3 28 3 28
preprocess,real,page:01.jpg,2,128,1,0,0.0019,0,,255.375,1,
encoder,real,page:01.jpg,2,128,1,0,81.1755,0,,255.375,1,
decoder_init,real,page:01.jpg,2,128,1,0,9.019,0,,255.375,1,
decoder_step,real,page:01.jpg,2,128,1,0,889.7136,128,143.8665206421482,255.37890625,1,
token_selection,real,page:01.jpg,2,128,1,0,5.7036,128,22441.966477312577,255.37890625,1,963 963 963 963 963 963 963 3 3 3 3 3 3 3 3 3 3 3 3 3 3 3 3 3 3 3 3 3 3 3 3 3 3 3 3 3 3 3 3 3 3 3 28 28 3 28 3 3 3 3 3 3 3 3 28 3 3 28 3 3 28 3 3 28 3 3 3 28 3 3 3 28 28 3 28 3 3 28 3 28 28 28 3 28 3 28 3 28 28 3 28 28 3 28 3 28 3 28 3 28 3 3 3 3 3 28 3 28 3 28 28 3 3 28 3 28 28 28 3 3 28 3 28 3 28 3 3 28
full_generation,real,page:01.jpg,2,128,1,0,992.272,128,128.9968879500782,255.37890625,1,963 963 963 963 963 963 963 3 3 3 3 3 3 3 3 3 3 3 3 3 3 3 3 3 3 3 3 3 3 3 3 3 3 3 3 3 3 3 3 3 3 3 28 28 3 28 3 3 3 3 3 3 3 3 28 3 3 28 3 3 28 3 3 28 3 3 3 28 3 3 3 28 28 3 28 3 3 28 3 28 28 28 3 28 3 28 3 28 28 3 28 28 3 28 3 28 3 28 3 28 3 3 3 3 3 28 3 28 3 28 28 3 3 28 3 28 28 28 3 3 28 3 28 3 28 3 3 28
encoder,synthetic,synthetic:0,2,,0,0,91.0129,0,,241.52734375,1,
decoder_init,synthetic,synthetic:0,2,,0,0,12.5413,0,,236.53515625,1,
encoder,synthetic,synthetic:1,2,,0,0,86.4773,0,,241.8984375,1,
decoder_init,synthetic,synthetic:1,2,,0,0,12.6804,0,,245.20703125,1,
encoder,synthetic,synthetic:2,2,,0,0,85.8812,0,,245.20703125,1,
decoder_init,synthetic,synthetic:2,2,,0,0,10.844,0,,246.95703125,1,
encoder,synthetic,synthetic:3,2,,0,0,70.042,0,,246.95703125,1,
decoder_init,synthetic,synthetic:3,2,,0,0,9.9331,0,,246.9609375,1,
encoder,synthetic,synthetic:4,2,,0,0,77.8325,0,,246.9609375,1,
decoder_init,synthetic,synthetic:4,2,,0,0,9.5274,0,,246.9609375,1,
encoder,synthetic,synthetic:5,2,,0,0,65.1254,0,,246.9609375,1,
decoder_init,synthetic,synthetic:5,2,,0,0,12.9844,0,,246.9609375,1,
preprocess,synthetic,synthetic:0,2,5,0,0,0.003,0,,255.296875,1,
encoder,synthetic,synthetic:0,2,5,0,0,76.7497,0,,255.296875,1,
decoder_init,synthetic,synthetic:0,2,5,0,0,12.7057,0,,255.296875,1,
decoder_step,synthetic,synthetic:0,2,5,0,0,38.568400000000004,5,129.63980875535412,255.296875,1,
token_selection,synthetic,synthetic:0,2,5,0,0,0.2321,5,21542.438604049978,255.296875,1,1066 1066 1122 1145 3
full_generation,synthetic,synthetic:0,2,5,0,0,129.0382,5,38.748215644669564,255.30078125,1,1066 1066 1122 1145 3
preprocess,synthetic,synthetic:0,2,10,0,0,0.0012,0,,255.30078125,1,
encoder,synthetic,synthetic:0,2,10,0,0,76.5466,0,,255.30078125,1,
decoder_init,synthetic,synthetic:0,2,10,0,0,13.753,0,,255.3046875,1,
decoder_step,synthetic,synthetic:0,2,10,0,0,64.8914,10,154.10362544189215,255.3046875,1,
token_selection,synthetic,synthetic:0,2,10,0,0,0.4851999999999999,10,20610.057708161585,255.3046875,1,1066 1066 1122 1145 3 3 28 28 28 28
full_generation,synthetic,synthetic:0,2,10,0,0,157.0768,10,63.663125299216695,255.3046875,1,1066 1066 1122 1145 3 3 28 28 28 28
preprocess,synthetic,synthetic:0,2,20,0,0,0.0012,0,,255.3046875,1,
encoder,synthetic,synthetic:0,2,20,0,0,100.9487,0,,255.3046875,1,
decoder_init,synthetic,synthetic:0,2,20,0,0,16.5523,0,,255.3046875,1,
decoder_step,synthetic,synthetic:0,2,20,0,0,164.53670000000002,20,121.55342850561604,255.30859375,1,
token_selection,synthetic,synthetic:0,2,20,0,0,1.1794000000000002,20,16957.77513990164,255.30859375,1,1066 1066 1122 1145 3 3 28 28 28 28 3 3 3 3 3 3 3 3 28 28
full_generation,synthetic,synthetic:0,2,20,0,0,285.0012,20,70.17514312220439,255.30859375,1,1066 1066 1122 1145 3 3 28 28 28 28 3 3 3 3 3 3 3 3 28 28
preprocess,synthetic,synthetic:0,2,40,0,0,0.0032,0,,255.3125,1,
encoder,synthetic,synthetic:0,2,40,0,0,89.8517,0,,255.3125,1,
decoder_init,synthetic,synthetic:0,2,40,0,0,10.2009,0,,255.3125,1,
decoder_step,synthetic,synthetic:0,2,40,0,0,293.7835,40,136.1546853380125,255.3125,1,
token_selection,synthetic,synthetic:0,2,40,0,0,1.6635999999999997,40,24044.241404183704,255.3125,1,1066 1066 1122 1145 3 3 28 28 28 28 3 3 3 3 3 3 3 3 28 28 3 3 28 28 3 3 3 28 28 3 3 3 28 28 3 3 28 28 28 3
full_generation,synthetic,synthetic:0,2,40,0,0,398.5205,40,100.37124815411002,255.3125,1,1066 1066 1122 1145 3 3 28 28 28 28 3 3 3 3 3 3 3 3 28 28 3 3 28 28 3 3 3 28 28 3 3 3 28 28 3 3 28 28 28 3
preprocess,synthetic,synthetic:0,2,80,0,0,0.002,0,,255.3125,1,
encoder,synthetic,synthetic:0,2,80,0,0,96.4371,0,,255.31640625,1,
decoder_init,synthetic,synthetic:0,2,80,0,0,8.3002,0,,255.31640625,1,
decoder_step,synthetic,synthetic:0,2,80,0,0,652.7176999999998,80,122.56447159315584,255.31640625,1,
token_selection,synthetic,synthetic:0,2,80,0,0,3.871000000000001,80,20666.494445879613,255.31640625,1,1066 1066 1122 1145 3 3 28 28 28 28 3 3 3 3 3 3 3 3 28 28 3 3 28 28 3 3 3 28 28 3 3 3 28 28 3 3 28 28 28 3 3 28 28 3 28 3 28 28 3 28 3 28 28 3 28 3 28 28 3 28 28 3 28 3 28 28 28 28 3 28 3 28 28 28 3 28 3 28 28 28
full_generation,synthetic,synthetic:0,2,80,0,0,766.3833,80,104.38640821113925,255.31640625,1,1066 1066 1122 1145 3 3 28 28 28 28 3 3 3 3 3 3 3 3 28 28 3 3 28 28 3 3 3 28 28 3 3 3 28 28 3 3 28 28 28 3 3 28 28 3 28 3 28 28 3 28 3 28 28 3 28 3 28 28 3 28 28 3 28 3 28 28 28 28 3 28 3 28 28 28 3 28 3 28 28 28
preprocess,synthetic,synthetic:0,2,128,0,0,0.0043,0,,255.31640625,1,
encoder,synthetic,synthetic:0,2,128,0,0,100.0479,0,,255.31640625,1,
decoder_init,synthetic,synthetic:0,2,128,0,0,13.1209,0,,255.31640625,1,
decoder_step,synthetic,synthetic:0,2,128,0,0,940.9562999999998,128,136.0318220941823,255.31640625,1,
token_selection,synthetic,synthetic:0,2,128,0,0,5.969599999999999,128,21441.972661484862,255.31640625,1,1066 1066 1122 1145 3 3 28 28 28 28 3 3 3 3 3 3 3 3 28 28 3 3 28 28 3 3 3 28 28 3 3 3 28 28 3 3 28 28 28 3 3 28 28 3 28 3 28 28 3 28 3 28 28 3 28 3 28 28 3 28 28 3 28 3 28 28 28 28 3 28 3 28 28 28 3 28 3 28 28 28 28 3 28 28 3 28 28 28 28 3 28 28 28 28 3 28 28 28 28 3 28 3 28 28 28 28 28 28 3 28 28 28 28 28 28 28 28 28 28 3 28 3 28 3 28 28 3 28
full_generation,synthetic,synthetic:0,2,128,0,0,1066.8995,128,119.97381196635673,255.3203125,1,1066 1066 1122 1145 3 3 28 28 28 28 3 3 3 3 3 3 3 3 28 28 3 3 28 28 3 3 3 28 28 3 3 3 28 28 3 3 28 28 28 3 3 28 28 3 28 3 28 28 3 28 3 28 28 3 28 3 28 28 3 28 28 3 28 3 28 28 28 28 3 28 3 28 28 28 3 28 3 28 28 28 28 3 28 28 3 28 28 28 28 3 28 28 28 28 3 28 28 28 28 3 28 3 28 28 28 28 28 28 3 28 28 28 28 28 28 28 28 28 28 3 28 3 28 3 28 28 3 28
encoder,real,page:01.jpg,2,,0,0,78.5931,0,,255.3203125,1,
decoder_init,real,page:01.jpg,2,,0,0,9.9082,0,,255.3203125,1,
encoder,real,"crop:01.jpg:725,774,920,1082",2,,0,0,60.8026,0,,255.3203125,1,
decoder_init,real,"crop:01.jpg:725,774,920,1082",2,,0,0,10.4639,0,,255.3203125,1,
encoder,real,page:05.jpg,2,,0,0,75.9104,0,,255.3203125,1,
decoder_init,real,page:05.jpg,2,,0,0,8.6735,0,,255.3203125,1,
encoder,real,"crop:05.jpg:125,124,320,435",2,,0,0,72.9271,0,,255.3203125,1,
decoder_init,real,"crop:05.jpg:125,124,320,435",2,,0,0,9.3595,0,,255.32421875,1,
encoder,real,page:09.jpg,2,,0,0,79.0309,0,,255.32421875,1,
decoder_init,real,page:09.jpg,2,,0,0,11.0206,0,,255.32421875,1,
encoder,real,"crop:09.jpg:840,960,992,1249",2,,0,0,77.7314,0,,255.32421875,1,
decoder_init,real,"crop:09.jpg:840,960,992,1249",2,,0,0,9.6118,0,,255.32421875,1,
encoder,real,page:14.jpg,2,,0,0,70.407,0,,255.32421875,1,
decoder_init,real,page:14.jpg,2,,0,0,10.1267,0,,255.32421875,1,
encoder,real,"crop:14.jpg:795,1058,1005,1371",2,,0,0,73.8001,0,,255.32421875,1,
decoder_init,real,"crop:14.jpg:795,1058,1005,1371",2,,0,0,9.9672,0,,255.32421875,1,
encoder,real,page:18.jpg,2,,0,0,71.3516,0,,255.32421875,1,
decoder_init,real,page:18.jpg,2,,0,0,10.0125,0,,255.328125,1,
encoder,real,"crop:18.jpg:850,490,1024,767",2,,0,0,72.1056,0,,255.328125,1,
decoder_init,real,"crop:18.jpg:850,490,1024,767",2,,0,0,8.9725,0,,255.328125,1,
encoder,real,page:23.jpg,2,,0,0,75.6561,0,,255.328125,1,
decoder_init,real,page:23.jpg,2,,0,0,10.769,0,,255.328125,1,
encoder,real,"crop:23.jpg:664,132,841,413",2,,0,0,79.2702,0,,255.328125,1,
decoder_init,real,"crop:23.jpg:664,132,841,413",2,,0,0,10.3692,0,,255.328125,1,
encoder,real,page:27.jpg,2,,0,0,73.8651,0,,255.328125,1,
decoder_init,real,page:27.jpg,2,,0,0,10.4769,0,,255.328125,1,
encoder,real,"crop:27.jpg:394,1158,579,1465",2,,0,0,68.6311,0,,255.328125,1,
decoder_init,real,"crop:27.jpg:394,1158,579,1465",2,,0,0,9.8822,0,,255.33203125,1,
encoder,real,page:32.jpg,2,,0,0,96.4212,0,,255.33203125,1,
decoder_init,real,page:32.jpg,2,,0,0,21.9276,0,,255.33203125,1,
encoder,real,"crop:32.jpg:839,304,1069,748",2,,0,0,132.3895,0,,255.3359375,1,
decoder_init,real,"crop:32.jpg:839,304,1069,748",2,,0,0,14.8445,0,,255.3359375,1,
preprocess,real,page:01.jpg,2,5,0,0,0.002,0,,255.3359375,1,
encoder,real,page:01.jpg,2,5,0,0,110.5226,0,,255.3359375,1,
decoder_init,real,page:01.jpg,2,5,0,0,18.1269,0,,255.3359375,1,
decoder_step,real,page:01.jpg,2,5,0,0,41.051500000000004,5,121.79822905374955,255.3359375,1,
token_selection,real,page:01.jpg,2,5,0,0,0.18180000000000002,5,27502.750275027498,255.3359375,1,963 963 963 963 963
full_generation,real,page:01.jpg,2,5,0,0,170.7738,5,29.27849588168677,255.33984375,1,963 963 963 963 963
preprocess,real,page:01.jpg,2,10,0,0,0.0012,0,,255.33984375,1,
encoder,real,page:01.jpg,2,10,0,0,132.2167,0,,255.33984375,1,
decoder_init,real,page:01.jpg,2,10,0,0,19.9016,0,,255.33984375,1,
decoder_step,real,page:01.jpg,2,10,0,0,82.99239999999999,10,120.49296080123,255.33984375,1,
token_selection,real,page:01.jpg,2,10,0,0,0.4902,10,20399.83680130559,255.33984375,1,963 963 963 963 963 963 963 3 3 3
full_generation,real,page:01.jpg,2,10,0,0,237.0043,10,42.19332729406175,255.33984375,1,963 963 963 963 963 963 963 3 3 3
preprocess,real,page:01.jpg,2,20,0,0,0.0026,0,,255.33984375,1,
encoder,real,page:01.jpg,2,20,0,0,89.5493,0,,255.33984375,1,
decoder_init,real,page:01.jpg,2,20,0,0,15.2956,0,,255.33984375,1,
decoder_step,real,page:01.jpg,2,20,0,0,158.6148,20,126.09163835909385,255.34375,1,
token_selection,real,page:01.jpg,2,20,0,0,1.0194999999999999,20,19617.459538989704,255.34375,1,963 963 963 963 963 963 963 3 3 3 3 3 3 3 3 3 3 3 3 3
full_generation,real,page:01.jpg,2,20,0,0,266.2685,20,75.11215183170371,255.34375,1,963 963 963 963 963 963 963 3 3 3 3 3 3 3 3 3 3 3 3 3
preprocess,real,page:01.jpg,2,40,0,0,0.0019,0,,255.34375,1,
encoder,real,page:01.jpg,2,40,0,0,78.2933,0,,255.34375,1,
decoder_init,real,page:01.jpg,2,40,0,0,7.885,0,,255.34375,1,
decoder_step,real,page:01.jpg,2,40,0,0,282.15689999999995,40,141.76509594484492,255.34375,1,
token_selection,real,page:01.jpg,2,40,0,0,1.8516999999999997,40,21601.771345250312,255.34375,1,963 963 963 963 963 963 963 3 3 3 3 3 3 3 3 3 3 3 3 3 3 3 3 3 3 3 3 3 3 3 3 3 3 3 3 3 3 3 3 3
full_generation,real,page:01.jpg,2,40,0,0,372.7234,40,107.3181882328826,255.34375,1,963 963 963 963 963 963 963 3 3 3 3 3 3 3 3 3 3 3 3 3 3 3 3 3 3 3 3 3 3 3 3 3 3 3 3 3 3 3 3 3
preprocess,real,page:01.jpg,2,80,0,0,0.0011,0,,255.34375,1,
encoder,real,page:01.jpg,2,80,0,0,71.8393,0,,255.34765625,1,
decoder_init,real,page:01.jpg,2,80,0,0,14.0804,0,,255.34765625,1,
decoder_step,real,page:01.jpg,2,80,0,0,578.4487999999999,80,138.30091790319216,255.34765625,1,
token_selection,real,page:01.jpg,2,80,0,0,3.7182,80,21515.787208864505,255.34765625,1,963 963 963 963 963 963 963 3 3 3 3 3 3 3 3 3 3 3 3 3 3 3 3 3 3 3 3 3 3 3 3 3 3 3 3 3 3 3 3 3 3 3 28 28 3 28 3 3 3 3 3 3 3 3 28 3 3 28 3 3 28 3 3 28 3 3 3 28 3 3 3 28 28 3 28 3 3 28 3 28
full_generation,real,page:01.jpg,2,80,0,0,673.1039,80,118.85237925378237,255.34765625,1,963 963 963 963 963 963 963 3 3 3 3 3 3 3 3 3 3 3 3 3 3 3 3 3 3 3 3 3 3 3 3 3 3 3 3 3 3 3 3 3 3 3 28 28 3 28 3 3 3 3 3 3 3 3 28 3 3 28 3 3 28 3 3 28 3 3 3 28 3 3 3 28 28 3 28 3 3 28 3 28
preprocess,real,page:01.jpg,2,128,0,0,0.0014,0,,255.34765625,1,
encoder,real,page:01.jpg,2,128,0,0,55.9212,0,,255.34765625,1,
decoder_init,real,page:01.jpg,2,128,0,0,11.339,0,,255.34765625,1,
decoder_step,real,page:01.jpg,2,128,0,0,887.2296,128,144.26930751634077,255.34765625,1,
token_selection,real,page:01.jpg,2,128,0,0,5.872300000000002,128,21797.251502818308,255.34765625,1,963 963 963 963 963 963 963 3 3 3 3 3 3 3 3 3 3 3 3 3 3 3 3 3 3 3 3 3 3 3 3 3 3 3 3 3 3 3 3 3 3 3 28 28 3 28 3 3 3 3 3 3 3 3 28 3 3 28 3 3 28 3 3 28 3 3 3 28 3 3 3 28 28 3 28 3 3 28 3 28 28 28 3 28 3 28 3 28 28 3 28 28 3 28 3 28 3 28 3 28 3 3 3 3 3 28 3 28 3 28 28 3 3 28 3 28 28 28 3 3 28 3 28 3 28 3 3 28
full_generation,real,page:01.jpg,2,128,0,0,967.3358,128,132.32219876489634,255.3515625,1,963 963 963 963 963 963 963 3 3 3 3 3 3 3 3 3 3 3 3 3 3 3 3 3 3 3 3 3 3 3 3 3 3 3 3 3 3 3 3 3 3 3 28 28 3 28 3 3 3 3 3 3 3 3 28 3 3 28 3 3 28 3 3 28 3 3 3 28 3 3 3 28 28 3 28 3 3 28 3 28 28 28 3 28 3 28 3 28 28 3 28 28 3 28 3 28 3 28 3 28 3 3 3 3 3 28 3 28 3 28 28 3 3 28 3 28 28 28 3 3 28 3 28 3 28 3 3 28
encoder,synthetic,synthetic:0,2,,0,1,64.5144,0,,255.3515625,1,
decoder_init,synthetic,synthetic:0,2,,0,1,9.0425,0,,255.3515625,1,
encoder,synthetic,synthetic:1,2,,0,1,69.7526,0,,255.3515625,1,
decoder_init,synthetic,synthetic:1,2,,0,1,12.1519,0,,255.3515625,1,
encoder,synthetic,synthetic:2,2,,0,1,87.9694,0,,255.3515625,1,
decoder_init,synthetic,synthetic:2,2,,0,1,11.0588,0,,255.3515625,1,
encoder,synthetic,synthetic:3,2,,0,1,79.5428,0,,255.3515625,1,
decoder_init,synthetic,synthetic:3,2,,0,1,10.8996,0,,255.3515625,1,
encoder,synthetic,synthetic:4,2,,0,1,88.5102,0,,255.3515625,1,
decoder_init,synthetic,synthetic:4,2,,0,1,12.2685,0,,255.35546875,1,
encoder,synthetic,synthetic:5,2,,0,1,76.7314,0,,255.35546875,1,
decoder_init,synthetic,synthetic:5,2,,0,1,11.5347,0,,255.35546875,1,
preprocess,synthetic,synthetic:0,2,5,0,1,0.002,0,,255.35546875,1,
encoder,synthetic,synthetic:0,2,5,0,1,82.2457,0,,255.35546875,1,
decoder_init,synthetic,synthetic:0,2,5,0,1,21.2946,0,,255.35546875,1,
decoder_step,synthetic,synthetic:0,2,5,0,1,40.7773,5,122.61724047447969,255.359375,1,
token_selection,synthetic,synthetic:0,2,5,0,1,0.3485,5,14347.20229555237,255.359375,1,1066 1066 1122 1145 3
full_generation,synthetic,synthetic:0,2,5,0,1,146.3795,5,34.157788488142124,255.359375,1,1066 1066 1122 1145 3
preprocess,synthetic,synthetic:0,2,10,0,1,0.0025,0,,255.359375,1,
encoder,synthetic,synthetic:0,2,10,0,1,92.9579,0,,255.36328125,1,
decoder_init,synthetic,synthetic:0,2,10,0,1,9.3569,0,,255.36328125,1,
decoder_step,synthetic,synthetic:0,2,10,0,1,62.12559999999999,10,160.96424018440067,255.36328125,1,
token_selection,synthetic,synthetic:0,2,10,0,1,0.4152,10,24084.778420038536,255.36328125,1,1066 1066 1122 1145 3 3 28 28 28 28
full_generation,synthetic,synthetic:0,2,10,0,1,165.9924,10,60.2437220017302,255.36328125,1,1066 1066 1122 1145 3 3 28 28 28 28
preprocess,synthetic,synthetic:0,2,20,0,1,0.0017,0,,255.36328125,1,
encoder,synthetic,synthetic:0,2,20,0,1,78.6267,0,,255.36328125,1,
decoder_init,synthetic,synthetic:0,2,20,0,1,12.67,0,,255.36328125,1,
decoder_step,synthetic,synthetic:0,2,20,0,1,161.59830000000002,20,123.76367820701081,255.36328125,1,
token_selection,synthetic,synthetic:0,2,20,0,1,0.8122,20,24624.47672986949,255.36328125,1,1066 1066 1122 1145 3 3 28 28 28 28 3 3 3 3 3 3 3 3 28 28
full_generation,synthetic,synthetic:0,2,20,0,1,255.4396,20,78.29639570372018,255.3671875,1,1066 1066 1122 1145 3 3 28 28 28 28 3 3 3 3 3 3 3 3 28 28
preprocess,synthetic,synthetic:0,2,40,0,1,0.0015,0,,255.3671875,1,
encoder,synthetic,synthetic:0,2,40,0,1,81.2162,0,,255.3671875,1,
decoder_init,synthetic,synthetic:0,2,40,0,1,8.4521,0,,255.3671875,1,
decoder_step,synthetic,synthetic:0,2,40,0,1,300.4368,40,133.13948224718143,255.3671875,1,
token_selection,synthetic,synthetic:0,2,40,0,1,1.8733999999999997,40,21351.553325504436,255.3671875,1,1066 1066 1122 1145 3 3 28 28 28 28 3 3 3 3 3 3 3 3 28 28 3 3 28 28 3 3 3 28 28 3 3 3 28 28 3 3 28 28 28 3
full_generation,synthetic,synthetic:0,2,40,0,1,395.4251,40,101.15695741115069,255.3671875,1,1066 1066 1122 1145 3 3 28 28 28 28 3 3 3 3 3 3 3 3 28 28 3 3 28 28 3 3 3 28 28 3 3 3 28 28 3 3 28 28 28 3
preprocess,synthetic,synthetic:0,2,80,0,1,0.0025,0,,255.3671875,1,
encoder,synthetic,synthetic:0,2,80,0,1,123.0371,0,,255.3671875,1,
decoder_init,synthetic,synthetic:0,2,80,0,1,18.4028,0,,255.3671875,1,
decoder_step,synthetic,synthetic:0,2,80,0,1,621.8123999999998,80,128.65616703687482,255.37109375,1,
token_selection,synthetic,synthetic:0,2,80,0,1,3.9087000000000005,80,20467.162995369305,255.37109375,1,1066 1066 1122 1145 3 3 28 28 28 28 3 3 3 3 3 3 3 3 28 28 3 3 28 28 3 3 3 28 28 3 3 3 28 28 3 3 28 28 28 3 3 28 28 3 28 3 28 28 3 28 3 28 28 3 28 3 28 28 3 28 28 3 28 3 28 28 28 28 3 28 3 28 28 28 3 28 3 28 28 28
full_generation,synthetic,synthetic:0,2,80,0,1,771.9415,80,103.6347961600717,255.37109375,1,1066 1066 1122 1145 3 3 28 28 28 28 3 3 3 3 3 3 3 3 28 28 3 3 28 28 3 3 3 28 28 3 3 3 28 28 3 3 28 28 28 3 3 28 28 3 28 3 28 28 3 28 3 28 28 3 28 3 28 28 3 28 28 3 28 3 28 28 28 28 3 28 3 28 28 28 3 28 3 28 28 28
preprocess,synthetic,synthetic:0,2,128,0,1,0.0016,0,,255.37109375,1,
encoder,synthetic,synthetic:0,2,128,0,1,116.6594,0,,255.37109375,1,
decoder_init,synthetic,synthetic:0,2,128,0,1,15.6787,0,,255.37109375,1,
decoder_step,synthetic,synthetic:0,2,128,0,1,875.7305999999998,128,146.16367179586967,255.37109375,1,
token_selection,synthetic,synthetic:0,2,128,0,1,6.289599999999997,128,20351.055711015015,255.37109375,1,1066 1066 1122 1145 3 3 28 28 28 28 3 3 3 3 3 3 3 3 28 28 3 3 28 28 3 3 3 28 28 3 3 3 28 28 3 3 28 28 28 3 3 28 28 3 28 3 28 28 3 28 3 28 28 3 28 3 28 28 3 28 28 3 28 3 28 28 28 28 3 28 3 28 28 28 3 28 3 28 28 28 28 3 28 28 3 28 28 28 28 3 28 28 28 28 3 28 28 28 28 3 28 3 28 28 28 28 28 28 3 28 28 28 28 28 28 28 28 28 28 3 28 3 28 3 28 28 3 28
full_generation,synthetic,synthetic:0,2,128,0,1,1020.9385,128,125.37483893496034,255.37109375,1,1066 1066 1122 1145 3 3 28 28 28 28 3 3 3 3 3 3 3 3 28 28 3 3 28 28 3 3 3 28 28 3 3 3 28 28 3 3 28 28 28 3 3 28 28 3 28 3 28 28 3 28 3 28 28 3 28 3 28 28 3 28 28 3 28 3 28 28 28 28 3 28 3 28 28 28 3 28 3 28 28 28 28 3 28 28 3 28 28 28 28 3 28 28 28 28 3 28 28 28 28 3 28 3 28 28 28 28 28 28 3 28 28 28 28 28 28 28 28 28 28 3 28 3 28 3 28 28 3 28
encoder,real,page:01.jpg,2,,0,1,75.5658,0,,255.375,1,
decoder_init,real,page:01.jpg,2,,0,1,10.5968,0,,255.375,1,
encoder,real,"crop:01.jpg:725,774,920,1082",2,,0,1,80.3604,0,,255.375,1,
decoder_init,real,"crop:01.jpg:725,774,920,1082",2,,0,1,10.9082,0,,255.375,1,
encoder,real,page:05.jpg,2,,0,1,85.694,0,,255.375,1,
decoder_init,real,page:05.jpg,2,,0,1,13.2634,0,,255.375,1,
encoder,real,"crop:05.jpg:125,124,320,435",2,,0,1,88.4838,0,,255.375,1,
decoder_init,real,"crop:05.jpg:125,124,320,435",2,,0,1,11.7461,0,,255.375,1,
encoder,real,page:09.jpg,2,,0,1,82.7045,0,,255.375,1,
decoder_init,real,page:09.jpg,2,,0,1,14.174,0,,255.37890625,1,
encoder,real,"crop:09.jpg:840,960,992,1249",2,,0,1,87.0742,0,,255.37890625,1,
decoder_init,real,"crop:09.jpg:840,960,992,1249",2,,0,1,14.4312,0,,255.37890625,1,
encoder,real,page:14.jpg,2,,0,1,75.6805,0,,255.37890625,1,
decoder_init,real,page:14.jpg,2,,0,1,11.2547,0,,255.37890625,1,
encoder,real,"crop:14.jpg:795,1058,1005,1371",2,,0,1,166.9141,0,,255.37890625,1,
decoder_init,real,"crop:14.jpg:795,1058,1005,1371",2,,0,1,19.9651,0,,255.37890625,1,
encoder,real,page:18.jpg,2,,0,1,123.6252,0,,255.37890625,1,
decoder_init,real,page:18.jpg,2,,0,1,99.9616,0,,255.37890625,1,
encoder,real,"crop:18.jpg:850,490,1024,767",2,,0,1,1125.8597,0,,255.37890625,1,
decoder_init,real,"crop:18.jpg:850,490,1024,767",2,,0,1,113.99,0,,255.3828125,1,
encoder,real,page:23.jpg,2,,0,1,775.7809,0,,255.3828125,1,
decoder_init,real,page:23.jpg,2,,0,1,69.9417,0,,255.3828125,1,
encoder,real,"crop:23.jpg:664,132,841,413",2,,0,1,534.3173,0,,255.3828125,1,
decoder_init,real,"crop:23.jpg:664,132,841,413",2,,0,1,101.7375,0,,255.3828125,1,
encoder,real,page:27.jpg,2,,0,1,668.7738,0,,255.38671875,1,
decoder_init,real,page:27.jpg,2,,0,1,86.7518,0,,255.38671875,1,
encoder,real,"crop:27.jpg:394,1158,579,1465",2,,0,1,671.6131,0,,255.38671875,1,
decoder_init,real,"crop:27.jpg:394,1158,579,1465",2,,0,1,137.789,0,,255.38671875,1,
encoder,real,page:32.jpg,2,,0,1,861.1686,0,,255.38671875,1,
decoder_init,real,page:32.jpg,2,,0,1,113.3861,0,,255.390625,1,
encoder,real,"crop:32.jpg:839,304,1069,748",2,,0,1,881.524,0,,255.390625,1,
decoder_init,real,"crop:32.jpg:839,304,1069,748",2,,0,1,90.3061,0,,255.390625,1,
preprocess,real,page:01.jpg,2,5,0,1,0.002,0,,255.390625,1,
encoder,real,page:01.jpg,2,5,0,1,848.0056,0,,255.390625,1,
decoder_init,real,page:01.jpg,2,5,0,1,111.7772,0,,255.390625,1,
decoder_step,real,page:01.jpg,2,5,0,1,232.7074,5,21.486209720876946,255.390625,1,
token_selection,real,page:01.jpg,2,5,0,1,0.2648,5,18882.175226586103,255.390625,1,963 963 963 963 963
full_generation,real,page:01.jpg,2,5,0,1,1193.5753,5,4.18909473076395,255.390625,1,963 963 963 963 963
preprocess,real,page:01.jpg,2,10,0,1,0.0015,0,,255.39453125,1,
encoder,real,page:01.jpg,2,10,0,1,1013.1165,0,,255.3984375,1,
decoder_init,real,page:01.jpg,2,10,0,1,137.3292,0,,255.3984375,1,
decoder_step,real,page:01.jpg,2,10,0,1,394.8694,10,25.324828918118246,255.3984375,1,
token_selection,real,page:01.jpg,2,10,0,1,0.4333,10,23078.698361412415,255.3984375,1,963 963 963 963 963 963 963 3 3 3
full_generation,real,page:01.jpg,2,10,0,1,1563.8801,10,6.39435209898764,255.3984375,1,963 963 963 963 963 963 963 3 3 3
preprocess,real,page:01.jpg,2,20,0,1,0.0019,0,,255.3984375,1,
encoder,real,page:01.jpg,2,20,0,1,619.1981,0,,255.3984375,1,
decoder_init,real,page:01.jpg,2,20,0,1,59.2605,0,,255.3984375,1,
decoder_step,real,page:01.jpg,2,20,0,1,864.7426999999998,20,23.128266939981113,255.3984375,1,
token_selection,real,page:01.jpg,2,20,0,1,1.0801,20,18516.80399962966,255.3984375,1,963 963 963 963 963 963 963 3 3 3 3 3 3 3 3 3 3 3 3 3
full_generation,real,page:01.jpg,2,20,0,1,1560.8788,20,12.813294664518475,255.40234375,1,963 963 963 963 963 963 963 3 3 3 3 3 3 3 3 3 3 3 3 3
preprocess,real,page:01.jpg,2,40,0,1,0.0017,0,,255.40234375,1,
encoder,real,page:01.jpg,2,40,0,1,545.7612,0,,255.40234375,1,
decoder_init,real,page:01.jpg,2,40,0,1,76.3295,0,,255.40234375,1,
decoder_step,real,page:01.jpg,2,40,0,1,1268.3709000000001,40,31.536516645091744,255.40234375,1,
token_selection,real,page:01.jpg,2,40,0,1,1.7474999999999996,40,22889.842632331907,255.40234375,1,963 963 963 963 963 963 963 3 3 3 3 3 3 3 3 3 3 3 3 3 3 3 3 3 3 3 3 3 3 3 3 3 3 3 3 3 3 3 3 3
full_generation,real,page:01.jpg,2,40,0,1,1902.6182,40,21.023660974125026,255.40234375,1,963 963 963 963 963 963 963 3 3 3 3 3 3 3 3 3 3 3 3 3 3 3 3 3 3 3 3 3 3 3 3 3 3 3 3 3 3 3 3 3
preprocess,real,page:01.jpg,2,80,0,1,0.0017,0,,255.40234375,1,
encoder,real,page:01.jpg,2,80,0,1,533.408,0,,255.40234375,1,
decoder_init,real,page:01.jpg,2,80,0,1,80.5988,0,,255.40234375,1,
decoder_step,real,page:01.jpg,2,80,0,1,3120.1670999999997,80,25.639652440409364,255.40625,1,
token_selection,real,page:01.jpg,2,80,0,1,26.436700000000002,80,3026.0962979494416,255.40625,1,963 963 963 963 963 963 963 3 3 3 3 3 3 3 3 3 3 3 3 3 3 3 3 3 3 3 3 3 3 3 3 3 3 3 3 3 3 3 3 3 3 3 28 28 3 28 3 3 3 3 3 3 3 3 28 3 3 28 3 3 28 3 3 28 3 3 3 28 3 3 3 28 28 3 28 3 3 28 3 28
full_generation,real,page:01.jpg,2,80,0,1,3801.3266,80,21.045284559343045,255.40625,1,963 963 963 963 963 963 963 3 3 3 3 3 3 3 3 3 3 3 3 3 3 3 3 3 3 3 3 3 3 3 3 3 3 3 3 3 3 3 3 3 3 3 28 28 3 28 3 3 3 3 3 3 3 3 28 3 3 28 3 3 28 3 3 28 3 3 3 28 3 3 3 28 28 3 28 3 3 28 3 28
preprocess,real,page:01.jpg,2,128,0,1,0.0019,0,,255.40625,1,
encoder,real,page:01.jpg,2,128,0,1,332.6167,0,,255.40625,1,
decoder_init,real,page:01.jpg,2,128,0,1,49.5668,0,,255.40625,1,
decoder_step,real,page:01.jpg,2,128,0,1,5823.4645,128,21.98004297956998,255.40625,1,
token_selection,real,page:01.jpg,2,128,0,1,38.32960000000002,128,3339.455668725996,255.40625,1,963 963 963 963 963 963 963 3 3 3 3 3 3 3 3 3 3 3 3 3 3 3 3 3 3 3 3 3 3 3 3 3 3 3 3 3 3 3 3 3 3 3 28 28 3 28 3 3 3 3 3 3 3 3 28 3 3 28 3 3 28 3 3 28 3 3 3 28 3 3 3 28 28 3 28 3 3 28 3 28 28 28 3 28 3 28 3 28 28 3 28 28 3 28 3 28 3 28 3 28 3 3 3 3 3 28 3 28 3 28 28 3 3 28 3 28 28 28 3 3 28 3 28 3 28 3 3 28
full_generation,real,page:01.jpg,2,128,0,1,6283.7306,128,20.370064878338354,255.40625,1,963 963 963 963 963 963 963 3 3 3 3 3 3 3 3 3 3 3 3 3 3 3 3 3 3 3 3 3 3 3 3 3 3 3 3 3 3 3 3 3 3 3 28 28 3 28 3 3 3 3 3 3 3 3 28 3 3 28 3 3 28 3 3 28 3 3 3 28 3 3 3 28 28 3 28 3 3 28 3 28 28 28 3 28 3 28 3 28 28 3 28 28 3 28 3 28 3 28 3 28 3 3 3 3 3 28 3 28 3 28 28 3 3 28 3 28 28 28 3 3 28 3 28 3 28 3 3 28
session_create,all,-,4,,1,0,5236.9379,0,,249.36328125,1,
encoder,synthetic,synthetic:0,4,,1,0,904.5455,0,,244.12109375,1,
decoder_init,synthetic,synthetic:0,4,,1,0,138.1205,0,,239.1171875,1,
encoder,synthetic,synthetic:1,4,,1,0,613.7449,0,,244.48046875,1,
decoder_init,synthetic,synthetic:1,4,,1,0,123.0212,0,,247.84375,1,
encoder,synthetic,synthetic:2,4,,1,0,644.8464,0,,247.84375,1,
decoder_init,synthetic,synthetic:2,4,,1,0,87.1624,0,,249.59375,1,
encoder,synthetic,synthetic:3,4,,1,0,591.5279,0,,249.59375,1,
decoder_init,synthetic,synthetic:3,4,,1,0,91.2661,0,,249.59375,1,
encoder,synthetic,synthetic:4,4,,1,0,756.2568,0,,249.59765625,1,
decoder_init,synthetic,synthetic:4,4,,1,0,93.1113,0,,249.59765625,1,
encoder,synthetic,synthetic:5,4,,1,0,911.4437,0,,249.59765625,1,
decoder_init,synthetic,synthetic:5,4,,1,0,119.0716,0,,249.6015625,1,
preprocess,synthetic,synthetic:0,4,5,1,0,0.0024,0,,258.07421875,1,
encoder,synthetic,synthetic:0,4,5,1,0,614.4418,0,,258.07421875,1,
decoder_init,synthetic,synthetic:0,4,5,1,0,63.003,0,,258.07421875,1,
decoder_step,synthetic,synthetic:0,4,5,1,0,175.3432,5,28.515505591320334,258.07421875,1,
token_selection,synthetic,synthetic:0,4,5,1,0,0.18630000000000002,5,26838.43263553408,258.07421875,1,1066 1066 1122 1145 3
full_generation,synthetic,synthetic:0,4,5,1,0,853.7905,5,5.856237566475618,258.07421875,1,1066 1066 1122 1145 3
preprocess,synthetic,synthetic:0,4,10,1,0,0.0022,0,,258.1328125,1,
encoder,synthetic,synthetic:0,4,10,1,0,437.5972,0,,258.1328125,1,
decoder_init,synthetic,synthetic:0,4,10,1,0,47.5901,0,,258.13671875,1,
decoder_step,synthetic,synthetic:0,4,10,1,0,167.22050000000002,10,59.80128034541219,258.13671875,1,
token_selection,synthetic,synthetic:0,4,10,1,0,0.5474,10,18268.176835951774,258.13671875,1,1066 1066 1122 1145 3 3 28 28 28 28
full_generation,synthetic,synthetic:0,4,10,1,0,654.1876,10,15.286135047500137,258.13671875,1,1066 1066 1122 1145 3 3 28 28 28 28
preprocess,synthetic,synthetic:0,4,20,1,0,0.0019,0,,258.13671875,1,
encoder,synthetic,synthetic:0,4,20,1,0,201.4074,0,,258.13671875,1,
decoder_init,synthetic,synthetic:0,4,20,1,0,31.255,0,,258.13671875,1,
decoder_step,synthetic,synthetic:0,4,20,1,0,445.9779,20,44.8452714809411,258.13671875,1,
token_selection,synthetic,synthetic:0,4,20,1,0,1.0204,20,19600.156801254412,258.13671875,1,1066 1066 1122 1145 3 3 28 28 28 28 3 3 3 3 3 3 3 3 28 28
full_generation,synthetic,synthetic:0,4,20,1,0,683.7163,20,29.251898777314505,258.13671875,1,1066 1066 1122 1145 3 3 28 28 28 28 3 3 3 3 3 3 3 3 28 28
preprocess,synthetic,synthetic:0,4,40,1,0,0.0017,0,,258.140625,1,
encoder,synthetic,synthetic:0,4,40,1,0,311.3066,0,,258.140625,1,
decoder_init,synthetic,synthetic:0,4,40,1,0,40.3677,0,,258.140625,1,
decoder_step,synthetic,synthetic:0,4,40,1,0,1917.2765000000002,40,20.862927178213468,258.140625,1,
token_selection,synthetic,synthetic:0,4,40,1,0,2.2271,40,17960.576534506756,258.140625,1,1066 1066 1122 1145 3 3 28 28 28 28 3 3 3 3 3 3 3 3 28 28 3 3 28 28 3 3 3 28 28 3 3 3 28 28 3 3 28 28 28 3
full_generation,synthetic,synthetic:0,4,40,1,0,2274.4531,40,17.586645334652097,258.140625,1,1066 1066 1122 1145 3 3 28 28 28 28 3 3 3 3 3 3 3 3 28 28 3 3 28 28 3 3 3 28 28 3 3 3 28 28 3 3 28 28 28 3
preprocess,synthetic,synthetic:0,4,80,1,0,0.002,0,,258.140625,1,
encoder,synthetic,synthetic:0,4,80,1,0,575.8805,0,,258.140625,1,
decoder_init,synthetic,synthetic:0,4,80,1,0,86.2665,0,,258.140625,1,
decoder_step,synthetic,synthetic:0,4,80,1,0,3947.7590999999998,80,20.264661032634944,258.140625,1,
token_selection,synthetic,synthetic:0,4,80,1,0,13.280299999999999,80,6023.96030210161,258.14453125,1,1066 1066 1122 1145 3 3 28 28 28 28 3 3 3 3 3 3 3 3 28 28 3 3 28 28 3 3 3 28 28 3 3 3 28 28 3 3 28 28 28 3 3 28 28 3 28 3 28 28 3 28 3 28 28 3 28 3 28 28 3 28 28 3 28 3 28 28 28 28 3 28 3 28 28 28 3 28 3 28 28 28
full_generation,synthetic,synthetic:0,4,80,1,0,4628.7425,80,17.283311828212522,258.14453125,1,1066 1066 1122 1145 3 3 28 28 28 28 3 3 3 3 3 3 3 3 28 28 3 3 28 28 3 3 3 28 28 3 3 3 28 28 3 3 28 28 28 3 3 28 28 3 28 3 28 28 3 28 3 28 28 3 28 3 28 28 3 28 28 3 28 3 28 28 28 28 3 28 3 28 28 28 3 28 3 28 28 28
preprocess,synthetic,synthetic:0,4,128,1,0,0.0016,0,,258.14453125,1,
encoder,synthetic,synthetic:0,4,128,1,0,769.7303,0,,258.14453125,1,
decoder_init,synthetic,synthetic:0,4,128,1,0,109.7856,0,,258.14453125,1,
decoder_step,synthetic,synthetic:0,4,128,1,0,7325.875000000001,128,17.472315593700408,258.14453125,1,
token_selection,synthetic,synthetic:0,4,128,1,0,19.5156,128,6558.85547971879,258.14453125,1,1066 1066 1122 1145 3 3 28 28 28 28 3 3 3 3 3 3 3 3 28 28 3 3 28 28 3 3 3 28 28 3 3 3 28 28 3 3 28 28 28 3 3 28 28 3 28 3 28 28 3 28 3 28 28 3 28 3 28 28 3 28 28 3 28 3 28 28 28 28 3 28 3 28 28 28 3 28 3 28 28 28 28 3 28 28 3 28 28 28 28 3 28 28 28 28 3 28 28 28 28 3 28 3 28 28 28 28 28 28 3 28 28 28 28 28 28 28 28 28 28 3 28 3 28 3 28 28 3 28
full_generation,synthetic,synthetic:0,4,128,1,0,8241.9974,128,15.530216012929097,258.14453125,1,1066 1066 1122 1145 3 3 28 28 28 28 3 3 3 3 3 3 3 3 28 28 3 3 28 28 3 3 3 28 28 3 3 3 28 28 3 3 28 28 28 3 3 28 28 3 28 3 28 28 3 28 3 28 28 3 28 3 28 28 3 28 28 3 28 3 28 28 28 28 3 28 3 28 28 28 3 28 3 28 28 28 28 3 28 28 3 28 28 28 28 3 28 28 28 28 3 28 28 28 28 3 28 3 28 28 28 28 28 28 3 28 28 28 28 28 28 28 28 28 28 3 28 3 28 3 28 28 3 28
encoder,real,page:01.jpg,4,,1,0,702.2638,0,,258.1484375,1,
decoder_init,real,page:01.jpg,4,,1,0,144.5566,0,,258.1484375,1,
encoder,real,"crop:01.jpg:725,774,920,1082",4,,1,0,696.4118,0,,258.1484375,1,
decoder_init,real,"crop:01.jpg:725,774,920,1082",4,,1,0,62.9177,0,,258.1484375,1,
encoder,real,page:05.jpg,4,,1,0,261.531,0,,258.1484375,1,
decoder_init,real,page:05.jpg,4,,1,0,19.4614,0,,258.1484375,1,
encoder,real,"crop:05.jpg:125,124,320,435",4,,1,0,180.2409,0,,258.1484375,1,
decoder_init,real,"crop:05.jpg:125,124,320,435",4,,1,0,36.2734,0,,258.1484375,1,
encoder,real,page:09.jpg,4,,1,0,266.027,0,,258.1484375,1,
decoder_init,real,page:09.jpg,4,,1,0,26.6745,0,,258.1484375,1,
encoder,real,"crop:09.jpg:840,960,992,1249",4,,1,0,163.0436,0,,258.15234375,1,
decoder_init,real,"crop:09.jpg:840,960,992,1249",4,,1,0,26.5047,0,,258.15234375,1,
encoder,real,page:14.jpg,4,,1,0,174.4693,0,,258.15234375,1,
decoder_init,real,page:14.jpg,4,,1,0,15.1447,0,,258.15234375,1,
encoder,real,"crop:14.jpg:795,1058,1005,1371",4,,1,0,129.3605,0,,258.15234375,1,
decoder_init,real,"crop:14.jpg:795,1058,1005,1371",4,,1,0,15.1635,0,,258.15234375,1,
encoder,real,page:18.jpg,4,,1,0,198.3114,0,,258.15625,1,
decoder_init,real,page:18.jpg,4,,1,0,29.5823,0,,258.15625,1,
encoder,real,"crop:18.jpg:850,490,1024,767",4,,1,0,97.8725,0,,258.15625,1,
decoder_init,real,"crop:18.jpg:850,490,1024,767",4,,1,0,19.7351,0,,258.15625,1,
encoder,real,page:23.jpg,4,,1,0,121.7566,0,,258.16015625,1,
decoder_init,real,page:23.jpg,4,,1,0,15.8438,0,,258.16015625,1,
encoder,real,"crop:23.jpg:664,132,841,413",4,,1,0,98.9715,0,,258.16015625,1,
decoder_init,real,"crop:23.jpg:664,132,841,413",4,,1,0,17.8064,0,,258.16015625,1,
encoder,real,page:27.jpg,4,,1,0,112.6698,0,,258.16015625,1,
decoder_init,real,page:27.jpg,4,,1,0,15.1371,0,,258.16015625,1,
encoder,real,"crop:27.jpg:394,1158,579,1465",4,,1,0,88.4647,0,,258.16015625,1,
decoder_init,real,"crop:27.jpg:394,1158,579,1465",4,,1,0,29.4471,0,,258.16015625,1,
encoder,real,page:32.jpg,4,,1,0,152.1871,0,,258.16015625,1,
decoder_init,real,page:32.jpg,4,,1,0,24.8645,0,,258.16015625,1,
encoder,real,"crop:32.jpg:839,304,1069,748",4,,1,0,138.0835,0,,258.1640625,1,
decoder_init,real,"crop:32.jpg:839,304,1069,748",4,,1,0,19.2901,0,,258.1640625,1,
preprocess,real,page:01.jpg,4,5,1,0,0.0029,0,,258.1640625,1,
encoder,real,page:01.jpg,4,5,1,0,110.088,0,,258.1640625,1,
decoder_init,real,page:01.jpg,4,5,1,0,18.3636,0,,258.1640625,1,
decoder_step,real,page:01.jpg,4,5,1,0,85.5716,5,58.430600806809736,258.1640625,1,
token_selection,real,page:01.jpg,4,5,1,0,0.2864,5,17458.10055865922,258.1640625,1,963 963 963 963 963
full_generation,real,page:01.jpg,4,5,1,0,215.2289,5,23.23108095613554,258.1640625,1,963 963 963 963 963
preprocess,real,page:01.jpg,4,10,1,0,0.0022,0,,258.1640625,1,
encoder,real,page:01.jpg,4,10,1,0,166.9059,0,,258.1640625,1,
decoder_init,real,page:01.jpg,4,10,1,0,33.4292,0,,258.16796875,1,
decoder_step,real,page:01.jpg,4,10,1,0,158.81,10,62.96832693155343,258.16796875,1,
token_selection,real,page:01.jpg,4,10,1,0,2.3897,10,4184.625685232456,258.16796875,1,963 963 963 963 963 963 963 3 3 3
full_generation,real,page:01.jpg,4,10,1,0,365.4469,10,27.36375654027986,258.16796875,1,963 963 963 963 963 963 963 3 3 3
preprocess,real,page:01.jpg,4,20,1,0,0.0026,0,,258.16796875,1,
encoder,real,page:01.jpg,4,20,1,0,229.8937,0,,258.16796875,1,
decoder_init,real,page:01.jpg,4,20,1,0,36.7416,0,,258.16796875,1,
decoder_step,real,page:01.jpg,4,20,1,0,435.38560000000007,20,45.936291875523665,258.16796875,1,
token_selection,real,page:01.jpg,4,20,1,0,1.1319,20,17669.405424507466,258.16796875,1,963 963 963 963 963 963 963 3 3 3 3 3 3 3 3 3 3 3 3 3
full_generation,real,page:01.jpg,4,20,1,0,705.553,20,28.346559365490616,258.16796875,1,963 963 963 963 963 963 963 3 3 3 3 3 3 3 3 3 3 3 3 3
preprocess,real,page:01.jpg,4,40,1,0,0.003,0,,258.171875,1,
encoder,real,page:01.jpg,4,40,1,0,213.3938,0,,258.171875,1,
decoder_init,real,page:01.jpg,4,40,1,0,37.5185,0,,258.171875,1,
decoder_step,real,page:01.jpg,4,40,1,0,794.7761999999999,40,50.32863339390385,258.171875,1,
token_selection,real,page:01.jpg,4,40,1,0,2.3745,40,16845.65171615077,258.171875,1,963 963 963 963 963 963 963 3 3 3 3 3 3 3 3 3 3 3 3 3 3 3 3 3 3 3 3 3 3 3 3 3 3 3 3 3 3 3 3 3
full_generation,real,page:01.jpg,4,40,1,0,1053.5376,40,37.96732076766885,258.171875,1,963 963 963 963 963 963 963 3 3 3 3 3 3 3 3 3 3 3 3 3 3 3 3 3 3 3 3 3 3 3 3 3 3 3 3 3 3 3 3 3
preprocess,real,page:01.jpg,4,80,1,0,0.0014,0,,258.171875,1,
encoder,real,page:01.jpg,4,80,1,0,163.3411,0,,258.171875,1,
decoder_init,real,page:01.jpg,4,80,1,0,29.7757,0,,258.171875,1,
decoder_step,real,page:01.jpg,4,80,1,0,1372.8452000000002,80,58.27313960816557,258.171875,1,
token_selection,real,page:01.jpg,4,80,1,0,9.146400000000003,80,8746.610688358258,258.17578125,1,963 963 963 963 963 963 963 3 3 3 3 3 3 3 3 3 3 3 3 3 3 3 3 3 3 3 3 3 3 3 3 3 3 3 3 3 3 3 3 3 3 3 28 28 3 28 3 3 3 3 3 3 3 3 28 3 3 28 3 3 28 3 3 28 3 3 3 28 3 3 3 28 28 3 28 3 3 28 3 28
full_generation,real,page:01.jpg,4,80,1,0,1590.1659,80,50.309216164175076,258.17578125,1,963 963 963 963 963 963 963 3 3 3 3 3 3 3 3 3 3 3 3 3 3 3 3 3 3 3 3 3 3 3 3 3 3 3 3 3 3 3 3 3 3 3 28 28 3 28 3 3 3 3 3 3 3 3 28 3 3 28 3 3 28 3 3 28 3 3 3 28 3 3 3 28 28 3 28 3 3 28 3 28
preprocess,real,page:01.jpg,4,128,1,0,0.0017,0,,258.1484375,1,
encoder,real,page:01.jpg,4,128,1,0,158.8866,0,,258.1484375,1,
decoder_init,real,page:01.jpg,4,128,1,0,43.713,0,,258.1484375,1,
decoder_step,real,page:01.jpg,4,128,1,0,2413.088500000002,128,53.04405536721919,258.1484375,1,
token_selection,real,page:01.jpg,4,128,1,0,12.0522,128,10620.467632465443,258.1484375,1,963 963 963 963 963 963 963 3 3 3 3 3 3 3 3 3 3 3 3 3 3 3 3 3 3 3 3 3 3 3 3 3 3 3 3 3 3 3 3 3 3 3 28 28 3 28 3 3 3 3 3 3 3 3 28 3 3 28 3 3 28 3 3 28 3 3 3 28 3 3 3 28 28 3 28 3 3 28 3 28 28 28 3 28 3 28 3 28 28 3 28 28 3 28 3 28 3 28 3 28 3 3 3 3 3 28 3 28 3 28 28 3 3 28 3 28 28 28 3 3 28 3 28 3 28 3 3 28
full_generation,real,page:01.jpg,4,128,1,0,2650.2728,128,48.29691494400123,258.1484375,1,963 963 963 963 963 963 963 3 3 3 3 3 3 3 3 3 3 3 3 3 3 3 3 3 3 3 3 3 3 3 3 3 3 3 3 3 3 3 3 3 3 3 28 28 3 28 3 3 3 3 3 3 3 3 28 3 3 28 3 3 28 3 3 28 3 3 3 28 3 3 3 28 28 3 28 3 3 28 3 28 28 28 3 28 3 28 3 28 28 3 28 28 3 28 3 28 3 28 3 28 3 3 3 3 3 28 3 28 3 28 28 3 3 28 3 28 28 28 3 3 28 3 28 3 28 3 3 28
encoder,synthetic,synthetic:0,4,,0,0,389.0365,0,,244.0859375,1,
decoder_init,synthetic,synthetic:0,4,,0,0,81.3589,0,,239.25,1,
encoder,synthetic,synthetic:1,4,,0,0,529.0044,0,,244.6171875,1,
decoder_init,synthetic,synthetic:1,4,,0,0,83.4292,0,,247.9296875,1,
encoder,synthetic,synthetic:2,4,,0,0,448.2652,0,,247.9296875,1,
decoder_init,synthetic,synthetic:2,4,,0,0,44.2395,0,,249.6796875,1,
encoder,synthetic,synthetic:3,4,,0,0,353.2955,0,,249.6796875,1,
decoder_init,synthetic,synthetic:3,4,,0,0,39.82,0,,249.6796875,1,
encoder,synthetic,synthetic:4,4,,0,0,314.69,0,,249.6796875,1,
decoder_init,synthetic,synthetic:4,4,,0,0,57.2524,0,,249.6796875,1,
encoder,synthetic,synthetic:5,4,,0,0,352.4915,0,,249.6796875,1,
decoder_init,synthetic,synthetic:5,4,,0,0,57.1617,0,,249.6796875,1,
preprocess,synthetic,synthetic:0,4,5,0,0,0.0025,0,,258.09765625,1,
encoder,synthetic,synthetic:0,4,5,0,0,332.3582,0,,258.09765625,1,
decoder_init,synthetic,synthetic:0,4,5,0,0,76.238,0,,258.09765625,1,
decoder_step,synthetic,synthetic:0,4,5,0,0,197.87169999999998,5,25.26889898858705,258.09765625,1,
token_selection,synthetic,synthetic:0,4,5,0,0,0.28300000000000003,5,17667.844522968197,258.09765625,1,1066 1066 1122 1145 3
full_generation,synthetic,synthetic:0,4,5,0,0,613.3169,5,8.15239234399052,258.09765625,1,1066 1066 1122 1145 3
preprocess,synthetic,synthetic:0,4,10,0,0,0.0021,0,,258.15234375,1,
encoder,synthetic,synthetic:0,4,10,0,0,445.715,0,,258.15234375,1,
decoder_init,synthetic,synthetic:0,4,10,0,0,99.1044,0,,258.15234375,1,
decoder_step,synthetic,synthetic:0,4,10,0,0,404.39559999999994,10,24.728261138350668,258.15234375,1,
token_selection,synthetic,synthetic:0,4,10,0,0,0.6214,10,16092.693916961702,258.15625,1,1066 1066 1122 1145 3 3 28 28 28 28
full_generation,synthetic,synthetic:0,4,10,0,0,951.0341,10,10.514870076688101,258.15625,1,1066 1066 1122 1145 3 3 28 28 28 28
preprocess,synthetic,synthetic:0,4,20,0,0,0.0025,0,,258.15625,1,
encoder,synthetic,synthetic:0,4,20,0,0,568.4807,0,,258.15625,1,
decoder_init,synthetic,synthetic:0,4,20,0,0,69.7472,0,,258.15625,1,
decoder_step,synthetic,synthetic:0,4,20,0,0,738.7268999999999,20,27.073604602729375,258.15625,1,
token_selection,synthetic,synthetic:0,4,20,0,0,7.8588000000000005,20,2544.917799155087,258.15625,1,1066 1066 1122 1145 3 3 28 28 28 28 3 3 3 3 3 3 3 3 28 28
full_generation,synthetic,synthetic:0,4,20,0,0,1387.5482,20,14.413913693232423,258.15625,1,1066 1066 1122 1145 3 3 28 28 28 28 3 3 3 3 3 3 3 3 28 28
preprocess,synthetic,synthetic:0,4,40,0,0,0.0026,0,,258.15625,1,
encoder,synthetic,synthetic:0,4,40,0,0,489.7677,0,,258.15625,1,
decoder_init,synthetic,synthetic:0,4,40,0,0,35.2068,0,,258.16015625,1,
decoder_step,synthetic,synthetic:0,4,40,0,0,701.4254999999998,40,57.02672628810902,258.16015625,1,
token_selection,synthetic,synthetic:0,4,40,0,0,3.985499999999999,40,10036.3818843307,258.16015625,1,1066 1066 1122 1145 3 3 28 28 28 28 3 3 3 3 3 3 3 3 28 28 3 3 28 28 3 3 3 28 28 3 3 3 28 28 3 3 28 28 28 3
full_generation,synthetic,synthetic:0,4,40,0,0,1235.7161,40,32.36989467079048,258.16015625,1,1066 1066 1122 1145 3 3 28 28 28 28 3 3 3 3 3 3 3 3 28 28 3 3 28 28 3 3 3 28 28 3 3 3 28 28 3 3 28 28 28 3
preprocess,synthetic,synthetic:0,4,80,0,0,0.0013,0,,258.16015625,1,
encoder,synthetic,synthetic:0,4,80,0,0,151.644,0,,258.16015625,1,
decoder_init,synthetic,synthetic:0,4,80,0,0,27.3929,0,,258.16015625,1,
decoder_step,synthetic,synthetic:0,4,80,0,0,1216.1268999999995,80,65.78260870637763,258.16015625,1,
token_selection,synthetic,synthetic:0,4,80,0,0,6.681799999999998,80,11972.821694752914,258.16015625,1,1066 1066 1122 1145 3 3 28 28 28 28 3 3 3 3 3 3 3 3 28 28 3 3 28 28 3 3 3 28 28 3 3 3 28 28 3 3 28 28 28 3 3 28 28 3 28 3 28 28 3 28 3 28 28 3 28 3 28 28 3 28 28 3 28 3 28 28 28 28 3 28 3 28 28 28 3 28 3 28 28 28
full_generation,synthetic,synthetic:0,4,80,0,0,1408.9451,80,56.78006900339836,258.16015625,1,1066 1066 1122 1145 3 3 28 28 28 28 3 3 3 3 3 3 3 3 28 28 3 3 28 28 3 3 3 28 28 3 3 3 28 28 3 3 28 28 28 3 3 28 28 3 28 3 28 28 3 28 3 28 28 3 28 3 28 28 3 28 28 3 28 3 28 28 28 28 3 28 3 28 28 28 3 28 3 28 28 28
preprocess,synthetic,synthetic:0,4,128,0,0,0.0025,0,,258.16796875,1,
encoder,synthetic,synthetic:0,4,128,0,0,91.4939,0,,258.16796875,1,
decoder_init,synthetic,synthetic:0,4,128,0,0,28.1624,0,,258.16796875,1,
decoder_step,synthetic,synthetic:0,4,128,0,0,1871.0938000000006,128,68.40918397570445,258.16796875,1,
token_selection,synthetic,synthetic:0,4,128,0,0,9.323300000000001,128,13729.044437055547,258.16796875,1,1066 1066 1122 1145 3 3 28 28 28 28 3 3 3 3 3 3 3 3 28 28 3 3 28 28 3 3 3 28 28 3 3 3 28 28 3 3 28 28 28 3 3 28 28 3 28 3 28 28 3 28 3 28 28 3 28 3 28 28 3 28 28 3 28 3 28 28 28 28 3 28 3 28 28 28 3 28 3 28 28 28 28 3 28 28 3 28 28 28 28 3 28 28 28 28 3 28 28 28 28 3 28 3 28 28 28 28 28 28 3 28 28 28 28 28 28 28 28 28 28 3 28 3 28 3 28 28 3 28
full_generation,synthetic,synthetic:0,4,128,0,0,2009.6632,128,63.69226445505894,258.16796875,1,1066 1066 1122 1145 3 3 28 28 28 28 3 3 3 3 3 3 3 3 28 28 3 3 28 28 3 3 3 28 28 3 3 3 28 28 3 3 28 28 28 3 3 28 28 3 28 3 28 28 3 28 3 28 28 3 28 3 28 28 3 28 28 3 28 3 28 28 28 28 3 28 3 28 28 28 3 28 3 28 28 28 28 3 28 28 3 28 28 28 28 3 28 28 28 28 3 28 28 28 28 3 28 3 28 28 28 28 28 28 3 28 28 28 28 28 28 28 28 28 28 3 28 3 28 3 28 28 3 28
encoder,real,page:01.jpg,4,,0,0,76.4652,0,,258.16796875,1,
decoder_init,real,page:01.jpg,4,,0,0,21.9932,0,,258.16796875,1,
encoder,real,"crop:01.jpg:725,774,920,1082",4,,0,0,176.4955,0,,258.171875,1,
decoder_init,real,"crop:01.jpg:725,774,920,1082",4,,0,0,36.1575,0,,258.171875,1,
encoder,real,page:05.jpg,4,,0,0,255.2082,0,,258.171875,1,
decoder_init,real,page:05.jpg,4,,0,0,38.6129,0,,258.171875,1,
encoder,real,"crop:05.jpg:125,124,320,435",4,,0,0,211.7136,0,,258.171875,1,
decoder_init,real,"crop:05.jpg:125,124,320,435",4,,0,0,24.9412,0,,258.171875,1,
encoder,real,page:09.jpg,4,,0,0,222.8805,0,,258.171875,1,
decoder_init,real,page:09.jpg,4,,0,0,27.9284,0,,258.171875,1,
encoder,real,"crop:09.jpg:840,960,992,1249",4,,0,0,111.2867,0,,258.17578125,1,
decoder_init,real,"crop:09.jpg:840,960,992,1249",4,,0,0,16.1727,0,,258.17578125,1,
encoder,real,page:14.jpg,4,,0,0,137.2161,0,,258.1796875,1,
decoder_init,real,page:14.jpg,4,,0,0,24.8377,0,,258.1796875,1,
encoder,real,"crop:14.jpg:795,1058,1005,1371",4,,0,0,167.8346,0,,258.1796875,1,
decoder_init,real,"crop:14.jpg:795,1058,1005,1371",4,,0,0,24.5163,0,,258.1796875,1,
encoder,real,page:18.jpg,4,,0,0,157.5392,0,,258.1796875,1,
decoder_init,real,page:18.jpg,4,,0,0,26.8158,0,,258.1796875,1,
encoder,real,"crop:18.jpg:850,490,1024,767",4,,0,0,185.9329,0,,258.1796875,1,
decoder_init,real,"crop:18.jpg:850,490,1024,767",4,,0,0,32.7119,0,,258.1796875,1,
encoder,real,page:23.jpg,4,,0,0,131.4929,0,,258.1796875,1,
decoder_init,real,page:23.jpg,4,,0,0,17.4849,0,,258.1796875,1,
encoder,real,"crop:23.jpg:664,132,841,413",4,,0,0,132.7479,0,,258.18359375,1,
decoder_init,real,"crop:23.jpg:664,132,841,413",4,,0,0,21.5124,0,,258.18359375,1,
encoder,real,page:27.jpg,4,,0,0,178.2632,0,,258.18359375,1,
decoder_init,real,page:27.jpg,4,,0,0,24.0562,0,,258.18359375,1,
encoder,real,"crop:27.jpg:394,1158,579,1465",4,,0,0,115.8063,0,,258.18359375,1,
decoder_init,real,"crop:27.jpg:394,1158,579,1465",4,,0,0,16.7545,0,,258.18359375,1,
encoder,real,page:32.jpg,4,,0,0,103.4525,0,,258.18359375,1,
decoder_init,real,page:32.jpg,4,,0,0,17.2423,0,,258.18359375,1,
encoder,real,"crop:32.jpg:839,304,1069,748",4,,0,0,139.4204,0,,258.18359375,1,
decoder_init,real,"crop:32.jpg:839,304,1069,748",4,,0,0,20.175,0,,258.18359375,1,
preprocess,real,page:01.jpg,4,5,0,0,0.0022,0,,258.1875,1,
encoder,real,page:01.jpg,4,5,0,0,123.252,0,,258.1875,1,
decoder_init,real,page:01.jpg,4,5,0,0,24.3735,0,,258.1875,1,
decoder_step,real,page:01.jpg,4,5,0,0,72.3935,5,69.0669742449253,258.1875,1,
token_selection,real,page:01.jpg,4,5,0,0,0.2811,5,17787.264318747777,258.1875,1,963 963 963 963 963
full_generation,real,page:01.jpg,4,5,0,0,221.5357,5,22.56972578234569,258.1875,1,963 963 963 963 963
preprocess,real,page:01.jpg,4,10,0,0,0.0012,0,,258.1875,1,
encoder,real,page:01.jpg,4,10,0,0,246.3515,0,,258.1875,1,
decoder_init,real,page:01.jpg,4,10,0,0,35.5737,0,,258.1875,1,
decoder_step,real,page:01.jpg,4,10,0,0,301.43539999999996,10,33.1746039118166,258.1875,1,
token_selection,real,page:01.jpg,4,10,0,0,0.5812,10,17205.781142463868,258.19140625,1,963 963 963 963 963 963 963 3 3 3
full_generation,real,page:01.jpg,4,10,0,0,590.2701,10,16.941396828333335,258.19140625,1,963 963 963 963 963 963 963 3 3 3
preprocess,real,page:01.jpg,4,20,0,0,0.0042,0,,258.19140625,1,
encoder,real,page:01.jpg,4,20,0,0,268.8324,0,,258.19140625,1,
decoder_init,real,page:01.jpg,4,20,0,0,32.6341,0,,258.19140625,1,
decoder_step,real,page:01.jpg,4,20,0,0,428.88239999999996,20,46.632829885301895,258.19140625,1,
token_selection,real,page:01.jpg,4,20,0,0,1.0068,20,19864.91855383393,258.19140625,1,963 963 963 963 963 963 963 3 3 3 3 3 3 3 3 3 3 3 3 3
full_generation,real,page:01.jpg,4,20,0,0,733.0812,20,27.28210735727502,258.19140625,1,963 963 963 963 963 963 963 3 3 3 3 3 3 3 3 3 3 3 3 3
preprocess,real,page:01.jpg,4,40,0,0,0.0035,0,,258.19140625,1,
encoder,real,page:01.jpg,4,40,0,0,271.7809,0,,258.19140625,1,
decoder_init,real,page:01.jpg,4,40,0,0,38.3956,0,,258.1953125,1,
decoder_step,real,page:01.jpg,4,40,0,0,866.3263999999998,40,46.17197398116923,258.1953125,1,
token_selection,real,page:01.jpg,4,40,0,0,2.2495000000000007,40,17781.72927317181,258.1953125,1,963 963 963 963 963 963 963 3 3 3 3 3 3 3 3 3 3 3 3 3 3 3 3 3 3 3 3 3 3 3 3 3 3 3 3 3 3 3 3 3
full_generation,real,page:01.jpg,4,40,0,0,1185.7056,40,33.73518687944124,258.1953125,1,963 963 963 963 963 963 963 3 3 3 3 3 3 3 3 3 3 3 3 3 3 3 3 3 3 3 3 3 3 3 3 3 3 3 3 3 3 3 3 3
preprocess,real,page:01.jpg,4,80,0,0,0.0027,0,,258.1953125,1,
encoder,real,page:01.jpg,4,80,0,0,200.902,0,,258.1953125,1,
decoder_init,real,page:01.jpg,4,80,0,0,24.262,0,,258.1953125,1,
decoder_step,real,page:01.jpg,4,80,0,0,1337.107,80,59.83066426247114,258.1953125,1,
token_selection,real,page:01.jpg,4,80,0,0,6.356700000000001,80,12585.146380983842,258.1953125,1,963 963 963 963 963 963 963 3 3 3 3 3 3 3 3 3 3 3 3 3 3 3 3 3 3 3 3 3 3 3 3 3 3 3 3 3 3 3 3 3 3 3 28 28 3 28 3 3 3 3 3 3 3 3 28 3 3 28 3 3 28 3 3 28 3 3 3 28 3 3 3 28 28 3 28 3 3 28 3 28
full_generation,real,page:01.jpg,4,80,0,0,1574.2543,80,50.817710963216044,258.1953125,1,963 963 963 963 963 963 963 3 3 3 3 3 3 3 3 3 3 3 3 3 3 3 3 3 3 3 3 3 3 3 3 3 3 3 3 3 3 3 3 3 3 3 28 28 3 28 3 3 3 3 3 3 3 3 28 3 3 28 3 3 28 3 3 28 3 3 3 28 3 3 3 28 28 3 28 3 3 28 3 28
preprocess,real,page:01.jpg,4,128,0,0,0.0029,0,,258.203125,1,
encoder,real,page:01.jpg,4,128,0,0,341.1108,0,,258.203125,1,
decoder_init,real,page:01.jpg,4,128,0,0,74.9486,0,,258.203125,1,
decoder_step,real,page:01.jpg,4,128,0,0,2531.466,128,50.563586475188686,258.203125,1,
token_selection,real,page:01.jpg,4,128,0,0,11.2621,128,11365.553493575799,258.203125,1,963 963 963 963 963 963 963 3 3 3 3 3 3 3 3 3 3 3 3 3 3 3 3 3 3 3 3 3 3 3 3 3 3 3 3 3 3 3 3 3 3 3 28 28 3 28 3 3 3 3 3 3 3 3 28 3 3 28 3 3 28 3 3 28 3 3 3 28 3 3 3 28 28 3 28 3 3 28 3 28 28 28 3 28 3 28 3 28 28 3 28 28 3 28 3 28 3 28 3 28 3 3 3 3 3 28 3 28 3 28 28 3 3 28 3 28 28 28 3 3 28 3 28 3 28 3 3 28
full_generation,real,page:01.jpg,4,128,0,0,2978.3671,128,42.97656927515752,258.203125,1,963 963 963 963 963 963 963 3 3 3 3 3 3 3 3 3 3 3 3 3 3 3 3 3 3 3 3 3 3 3 3 3 3 3 3 3 3 3 3 3 3 3 28 28 3 28 3 3 3 3 3 3 3 3 28 3 3 28 3 3 28 3 3 28 3 3 3 28 3 3 3 28 28 3 28 3 3 28 3 28 28 28 3 28 3 28 3 28 28 3 28 28 3 28 3 28 3 28 3 28 3 3 3 3 3 28 3 28 3 28 28 3 3 28 3 28 28 28 3 3 28 3 28 3 28 3 3 28
encoder,synthetic,synthetic:0,4,,0,1,224.9334,0,,258.20703125,1,
decoder_init,synthetic,synthetic:0,4,,0,1,37.7857,0,,258.20703125,1,
encoder,synthetic,synthetic:1,4,,0,1,330.621,0,,258.20703125,1,
decoder_init,synthetic,synthetic:1,4,,0,1,37.0169,0,,258.20703125,1,
encoder,synthetic,synthetic:2,4,,0,1,305.1849,0,,258.2109375,1,
decoder_init,synthetic,synthetic:2,4,,0,1,47.0345,0,,258.2109375,1,
encoder,synthetic,synthetic:3,4,,0,1,258.4506,0,,258.2109375,1,
decoder_init,synthetic,synthetic:3,4,,0,1,32.8168,0,,258.2109375,1,
encoder,synthetic,synthetic:4,4,,0,1,265.7081,0,,258.2109375,1,
decoder_init,synthetic,synthetic:4,4,,0,1,29.6729,0,,258.2109375,1,
encoder,synthetic,synthetic:5,4,,0,1,187.2813,0,,258.2109375,1,
decoder_init,synthetic,synthetic:5,4,,0,1,24.0389,0,,258.2109375,1,
preprocess,synthetic,synthetic:0,4,5,0,1,0.0026,0,,258.2109375,1,
encoder,synthetic,synthetic:0,4,5,0,1,152.8974,0,,258.2109375,1,
decoder_init,synthetic,synthetic:0,4,5,0,1,22.0934,0,,258.21484375,1,
decoder_step,synthetic,synthetic:0,4,5,0,1,72.0796,5,69.36775453803851,258.21484375,1,
token_selection,synthetic,synthetic:0,4,5,0,1,4.3946,5,1137.7599781550086,258.21484375,1,1066 1066 1122 1145 3
full_generation,synthetic,synthetic:0,4,5,0,1,252.5519,5,19.797910845255966,258.21484375,1,1066 1066 1122 1145 3
preprocess,synthetic,synthetic:0,4,10,0,1,0.0016,0,,258.21484375,1,
encoder,synthetic,synthetic:0,4,10,0,1,241.084,0,,258.21484375,1,
decoder_init,synthetic,synthetic:0,4,10,0,1,63.913,0,,258.21484375,1,
decoder_step,synthetic,synthetic:0,4,10,0,1,285.772,10,34.99293142785158,258.21484375,1,
token_selection,synthetic,synthetic:0,4,10,0,1,0.5426,10,18429.782528566164,258.21484375,1,1066 1066 1122 1145 3 3 28 28 28 28
full_generation,synthetic,synthetic:0,4,10,0,1,596.8944,10,16.753382172793042,258.21484375,1,1066 1066 1122 1145 3 3 28 28 28 28
preprocess,synthetic,synthetic:0,4,20,0,1,0.0026,0,,258.21875,1,
encoder,synthetic,synthetic:0,4,20,0,1,270.6351,0,,258.21875,1,
decoder_init,synthetic,synthetic:0,4,20,0,1,39.5706,0,,258.21875,1,
decoder_step,synthetic,synthetic:0,4,20,0,1,497.31010000000003,20,40.216355951749215,258.21875,1,
token_selection,synthetic,synthetic:0,4,20,0,1,6.6663,20,3000.1650090754993,258.21875,1,1066 1066 1122 1145 3 3 28 28 28 28 3 3 3 3 3 3 3 3 28 28
full_generation,synthetic,synthetic:0,4,20,0,1,824.3031,20,24.262919792488955,258.21875,1,1066 1066 1122 1145 3 3 28 28 28 28 3 3 3 3 3 3 3 3 28 28
preprocess,synthetic,synthetic:0,4,40,0,1,0.0013,0,,258.21875,1,
encoder,synthetic,synthetic:0,4,40,0,1,323.9216,0,,258.21875,1,
decoder_init,synthetic,synthetic:0,4,40,0,1,75.7175,0,,258.21875,1,
decoder_step,synthetic,synthetic:0,4,40,0,1,1054.269,40,37.940980907149886,258.21875,1,
token_selection,synthetic,synthetic:0,4,40,0,1,10.594900000000003,40,3775.401372358398,258.22265625,1,1066 1066 1122 1145 3 3 28 28 28 28 3 3 3 3 3 3 3 3 28 28 3 3 28 28 3 3 3 28 28 3 3 3 28 28 3 3 28 28 28 3
full_generation,synthetic,synthetic:0,4,40,0,1,1475.8834,40,27.102412019811325,258.22265625,1,1066 1066 1122 1145 3 3 28 28 28 28 3 3 3 3 3 3 3 3 28 28 3 3 28 28 3 3 3 28 28 3 3 3 28 28 3 3 28 28 28 3
preprocess,synthetic,synthetic:0,4,80,0,1,0.0029,0,,258.22265625,1,
encoder,synthetic,synthetic:0,4,80,0,1,290.2473,0,,258.22265625,1,
decoder_init,synthetic,synthetic:0,4,80,0,1,55.6653,0,,258.22265625,1,
decoder_step,synthetic,synthetic:0,4,80,0,1,1480.1564,80,54.048342458945555,258.22265625,1,
token_selection,synthetic,synthetic:0,4,80,0,1,9.2836,80,8617.346718945237,258.22265625,1,1066 1066 1122 1145 3 3 28 28 28 28 3 3 3 3 3 3 3 3 28 28 3 3 28 28 3 3 3 28 28 3 3 3 28 28 3 3 28 28 28 3 3 28 28 3 28 3 28 28 3 28 3 28 28 3 28 3 28 28 3 28 28 3 28 3 28 28 28 28 3 28 3 28 28 28 3 28 3 28 28 28
full_generation,synthetic,synthetic:0,4,80,0,1,1845.8742,80,43.339898244419906,258.22265625,1,1066 1066 1122 1145 3 3 28 28 28 28 3 3 3 3 3 3 3 3 28 28 3 3 28 28 3 3 3 28 28 3 3 3 28 28 3 3 28 28 28 3 3 28 28 3 28 3 28 28 3 28 3 28 28 3 28 3 28 28 3 28 28 3 28 3 28 28 28 28 3 28 3 28 28 28 3 28 3 28 28 28
preprocess,synthetic,synthetic:0,4,128,0,1,0.0021,0,,258.22265625,1,
encoder,synthetic,synthetic:0,4,128,0,1,116.8368,0,,258.22265625,1,
decoder_init,synthetic,synthetic:0,4,128,0,1,24.3728,0,,258.2265625,1,
decoder_step,synthetic,synthetic:0,4,128,0,1,1377.2139000000004,128,92.9412635175988,258.2265625,1,
token_selection,synthetic,synthetic:0,4,128,0,1,8.246699999999997,128,15521.36005917519,258.2265625,1,1066 1066 1122 1145 3 3 28 28 28 28 3 3 3 3 3 3 3 3 28 28 3 3 28 28 3 3 3 28 28 3 3 3 28 28 3 3 28 28 28 3 3 28 28 3 28 3 28 28 3 28 3 28 28 3 28 3 28 28 3 28 28 3 28 3 28 28 28 28 3 28 3 28 28 28 3 28 3 28 28 28 28 3 28 28 3 28 28 28 28 3 28 28 28 28 3 28 28 28 28 3 28 3 28 28 28 28 28 28 3 28 28 28 28 28 28 28 28 28 28 3 28 3 28 3 28 28 3 28
full_generation,synthetic,synthetic:0,4,128,0,1,1535.0381,128,83.38555244980564,258.2265625,1,1066 1066 1122 1145 3 3 28 28 28 28 3 3 3 3 3 3 3 3 28 28 3 3 28 28 3 3 3 28 28 3 3 3 28 28 3 3 28 28 28 3 3 28 28 3 28 3 28 28 3 28 3 28 28 3 28 3 28 28 3 28 28 3 28 3 28 28 28 28 3 28 3 28 28 28 3 28 3 28 28 28 28 3 28 28 3 28 28 28 28 3 28 28 28 28 3 28 28 28 28 3 28 3 28 28 28 28 28 28 3 28 28 28 28 28 28 28 28 28 28 3 28 3 28 3 28 28 3 28
encoder,real,page:01.jpg,4,,0,1,74.6789,0,,258.2265625,1,
decoder_init,real,page:01.jpg,4,,0,1,24.4776,0,,258.2265625,1,
encoder,real,"crop:01.jpg:725,774,920,1082",4,,0,1,174.2717,0,,258.2265625,1,
decoder_init,real,"crop:01.jpg:725,774,920,1082",4,,0,1,29.621,0,,258.23046875,1,
encoder,real,page:05.jpg,4,,0,1,242.3596,0,,258.234375,1,
decoder_init,real,page:05.jpg,4,,0,1,25.352,0,,258.234375,1,
encoder,real,"crop:05.jpg:125,124,320,435",4,,0,1,296.3521,0,,258.234375,1,
decoder_init,real,"crop:05.jpg:125,124,320,435",4,,0,1,32.7159,0,,258.234375,1,
encoder,real,page:09.jpg,4,,0,1,221.5272,0,,258.234375,1,
decoder_init,real,page:09.jpg,4,,0,1,25.6804,0,,258.234375,1,
encoder,real,"crop:09.jpg:840,960,992,1249",4,,0,1,110.7576,0,,258.234375,1,
decoder_init,real,"crop:09.jpg:840,960,992,1249",4,,0,1,10.9707,0,,258.234375,1,
encoder,real,page:14.jpg,4,,0,1,119.624,0,,258.234375,1,
decoder_init,real,page:14.jpg,4,,0,1,15.5203,0,,258.234375,1,
encoder,real,"crop:14.jpg:795,1058,1005,1371",4,,0,1,113.564,0,,258.23828125,1,
decoder_init,real,"crop:14.jpg:795,1058,1005,1371",4,,0,1,19.2567,0,,258.23828125,1,
encoder,real,page:18.jpg,4,,0,1,109.9875,0,,258.23828125,1,
decoder_init,real,page:18.jpg,4,,0,1,13.2887,0,,258.23828125,1,
encoder,real,"crop:18.jpg:850,490,1024,767",4,,0,1,95.8658,0,,258.23828125,1,
decoder_init,real,"crop:18.jpg:850,490,1024,767",4,,0,1,15.1514,0,,258.23828125,1,
encoder,real,page:23.jpg,4,,0,1,114.2292,0,,258.23828125,1,
decoder_init,real,page:23.jpg,4,,0,1,15.0767,0,,258.23828125,1,
encoder,real,"crop:23.jpg:664,132,841,413",4,,0,1,109.4008,0,,258.23828125,1,
decoder_init,real,"crop:23.jpg:664,132,841,413",4,,0,1,17.3847,0,,258.23828125,1,
encoder,real,page:27.jpg,4,,0,1,57.3305,0,,258.2421875,1,
decoder_init,real,page:27.jpg,4,,0,1,8.5925,0,,258.2421875,1,
encoder,real,"crop:27.jpg:394,1158,579,1465",4,,0,1,62.862,0,,258.2421875,1,
decoder_init,real,"crop:27.jpg:394,1158,579,1465",4,,0,1,13.9116,0,,258.2421875,1,
encoder,real,page:32.jpg,4,,0,1,52.6042,0,,258.2421875,1,
decoder_init,real,page:32.jpg,4,,0,1,7.7792,0,,258.2421875,1,
encoder,real,"crop:32.jpg:839,304,1069,748",4,,0,1,48.3168,0,,258.2421875,1,
decoder_init,real,"crop:32.jpg:839,304,1069,748",4,,0,1,8.7902,0,,258.2421875,1,
preprocess,real,page:01.jpg,4,5,0,1,0.0017,0,,258.2421875,1,
encoder,real,page:01.jpg,4,5,0,1,46.0634,0,,258.2421875,1,
decoder_init,real,page:01.jpg,4,5,0,1,7.8404,0,,258.24609375,1,
decoder_step,real,page:01.jpg,4,5,0,1,44.124500000000005,5,113.31573162302121,258.24609375,1,
token_selection,real,page:01.jpg,4,5,0,1,0.2555,5,19569.47162426614,258.24609375,1,963 963 963 963 963
full_generation,real,page:01.jpg,4,5,0,1,100.7564,5,49.62463922887281,258.24609375,1,963 963 963 963 963
preprocess,real,page:01.jpg,4,10,0,1,0.0017,0,,258.24609375,1,
encoder,real,page:01.jpg,4,10,0,1,107.3029,0,,258.24609375,1,
decoder_init,real,page:01.jpg,4,10,0,1,13.9754,0,,258.24609375,1,
decoder_step,real,page:01.jpg,4,10,0,1,97.30149999999999,10,102.77333854051584,258.24609375,1,
token_selection,real,page:01.jpg,4,10,0,1,0.45510000000000006,10,21973.19270490002,258.24609375,1,963 963 963 963 963 963 963 3 3 3
full_generation,real,page:01.jpg,4,10,0,1,220.1531,10,45.422935220989395,258.24609375,1,963 963 963 963 963 963 963 3 3 3
preprocess,real,page:01.jpg,4,20,0,1,0.0015,0,,258.25,1,
encoder,real,page:01.jpg,4,20,0,1,118.5704,0,,258.25,1,
decoder_init,real,page:01.jpg,4,20,0,1,25.4382,0,,258.25,1,
decoder_step,real,page:01.jpg,4,20,0,1,341.86160000000007,20,58.50320714581573,258.25,1,
token_selection,real,page:01.jpg,4,20,0,1,1.1347,20,17625.80417731559,258.25,1,963 963 963 963 963 963 963 3 3 3 3 3 3 3 3 3 3 3 3 3
full_generation,real,page:01.jpg,4,20,0,1,488.9174,20,40.906705304413386,258.25,1,963 963 963 963 963 963 963 3 3 3 3 3 3 3 3 3 3 3 3 3
preprocess,real,page:01.jpg,4,40,0,1,0.0015,0,,258.25,1,
encoder,real,page:01.jpg,4,40,0,1,236.2813,0,,258.25,1,
decoder_init,real,page:01.jpg,4,40,0,1,19.1981,0,,258.25,1,
decoder_step,real,page:01.jpg,4,40,0,1,641.8103,40,62.32371153906381,258.25,1,
token_selection,real,page:01.jpg,4,40,0,1,3.9951000000000003,40,10012.265024655202,258.25390625,1,963 963 963 963 963 963 963 3 3 3 3 3 3 3 3 3 3 3 3 3 3 3 3 3 3 3 3 3 3 3 3 3 3 3 3 3 3 3 3 3
full_generation,real,page:01.jpg,4,40,0,1,904.5691,40,44.21994958704647,258.25390625,1,963 963 963 963 963 963 963 3 3 3 3 3 3 3 3 3 3 3 3 3 3 3 3 3 3 3 3 3 3 3 3 3 3 3 3 3 3 3 3 3
preprocess,real,page:01.jpg,4,80,0,1,0.0018,0,,258.2578125,1,
encoder,real,page:01.jpg,4,80,0,1,223.8942,0,,258.2578125,1,
decoder_init,real,page:01.jpg,4,80,0,1,34.114,0,,258.2578125,1,
decoder_step,real,page:01.jpg,4,80,0,1,1190.8563000000001,80,67.17855042627728,258.2578125,1,
token_selection,real,page:01.jpg,4,80,0,1,5.712999999999999,80,14003.150708909507,258.2578125,1,963 963 963 963 963 963 963 3 3 3 3 3 3 3 3 3 3 3 3 3 3 3 3 3 3 3 3 3 3 3 3 3 3 3 3 3 3 3 3 3 3 3 28 28 3 28 3 3 3 3 3 3 3 3 28 3 3 28 3 3 28 3 3 28 3 3 3 28 3 3 3 28 28 3 28 3 3 28 3 28
full_generation,real,page:01.jpg,4,80,0,1,1463.3661,80,54.668479746797466,258.2578125,1,963 963 963 963 963 963 963 3 3 3 3 3 3 3 3 3 3 3 3 3 3 3 3 3 3 3 3 3 3 3 3 3 3 3 3 3 3 3 3 3 3 3 28 28 3 28 3 3 3 3 3 3 3 3 28 3 3 28 3 3 28 3 3 28 3 3 3 28 3 3 3 28 28 3 28 3 3 28 3 28
preprocess,real,page:01.jpg,4,128,0,1,0.0043,0,,258.2578125,1,
encoder,real,page:01.jpg,4,128,0,1,86.4929,0,,258.2578125,1,
decoder_init,real,page:01.jpg,4,128,0,1,20.2099,0,,258.26171875,1,
decoder_step,real,page:01.jpg,4,128,0,1,1687.0955,128,75.87003818100399,258.26171875,1,
token_selection,real,page:01.jpg,4,128,0,1,7.226200000000003,128,17713.320970911398,258.26171875,1,963 963 963 963 963 963 963 3 3 3 3 3 3 3 3 3 3 3 3 3 3 3 3 3 3 3 3 3 3 3 3 3 3 3 3 3 3 3 3 3 3 3 28 28 3 28 3 3 3 3 3 3 3 3 28 3 3 28 3 3 28 3 3 28 3 3 3 28 3 3 3 28 28 3 28 3 3 28 3 28 28 28 3 28 3 28 3 28 28 3 28 28 3 28 3 28 3 28 3 28 3 3 3 3 3 28 3 28 3 28 28 3 3 28 3 28 28 28 3 3 28 3 28 3 28 3 3 28
full_generation,real,page:01.jpg,4,128,0,1,1809.8213,128,70.7252146938485,258.26171875,1,963 963 963 963 963 963 963 3 3 3 3 3 3 3 3 3 3 3 3 3 3 3 3 3 3 3 3 3 3 3 3 3 3 3 3 3 3 3 3 3 3 3 28 28 3 28 3 3 3 3 3 3 3 3 28 3 3 28 3 3 28 3 3 28 3 3 3 28 3 3 3 28 28 3 28 3 3 28 3 28 28 28 3 28 3 28 3 28 28 3 28 28 3 28 3 28 3 28 3 28 3 3 3 3 3 28 3 28 3 28 28 3 3 28 3 28 28 28 3 3 28 3 28 3 28 3 3 28
preprocess,synthetic,synthetic:0,0,,1,0,1.0917,0,,159.2578125,1,
preprocess,synthetic,synthetic:0,0,,0,0,0.7485,0,,159.2578125,1,
preprocess,synthetic,synthetic:0,0,,0,1,0.8978,0,,159.2578125,1,
preprocess,synthetic,synthetic:1,0,,1,0,1.0537,0,,159.2578125,1,
preprocess,synthetic,synthetic:1,0,,0,0,1.0248,0,,159.2578125,1,
preprocess,synthetic,synthetic:1,0,,0,1,1.539,0,,159.2578125,1,
preprocess,synthetic,synthetic:2,0,,1,0,1.3003,0,,159.26171875,1,
preprocess,synthetic,synthetic:2,0,,0,0,1.2415,0,,159.26171875,1,
preprocess,synthetic,synthetic:2,0,,0,1,1.5267,0,,159.26171875,1,
preprocess,synthetic,synthetic:3,0,,1,0,0.983,0,,159.26171875,1,
preprocess,synthetic,synthetic:3,0,,0,0,0.8807,0,,159.26171875,1,
preprocess,synthetic,synthetic:3,0,,0,1,1.06,0,,159.26171875,1,
preprocess,synthetic,synthetic:4,0,,1,0,0.9569,0,,159.26171875,1,
preprocess,synthetic,synthetic:4,0,,0,0,0.7704,0,,159.26171875,1,
preprocess,synthetic,synthetic:4,0,,0,1,0.8936,0,,159.26171875,1,
preprocess,synthetic,synthetic:5,0,,1,0,2.1723,0,,159.26171875,1,
preprocess,synthetic,synthetic:5,0,,0,0,1.8607,0,,159.265625,1,
preprocess,synthetic,synthetic:5,0,,0,1,2.8163,0,,159.265625,1,
preprocess,real,page:01.jpg,0,,1,0,12.2774,0,,159.265625,1,
preprocess,real,page:01.jpg,0,,0,0,12.8528,0,,159.265625,1,
preprocess,real,page:01.jpg,0,,0,1,12.944,0,,159.265625,1,
preprocess,real,"crop:01.jpg:725,774,920,1082",0,,1,0,1.9655,0,,159.265625,1,
preprocess,real,"crop:01.jpg:725,774,920,1082",0,,0,0,1.7728,0,,159.265625,1,
preprocess,real,"crop:01.jpg:725,774,920,1082",0,,0,1,1.9723,0,,159.265625,1,
preprocess,real,page:05.jpg,0,,1,0,13.1389,0,,159.265625,1,
preprocess,real,page:05.jpg,0,,0,0,12.2884,0,,159.265625,1,
preprocess,real,page:05.jpg,0,,0,1,15.0781,0,,159.26953125,1,
preprocess,real,"crop:05.jpg:125,124,320,435",0,,1,0,1.8885,0,,159.26953125,1,
preprocess,real,"crop:05.jpg:125,124,320,435",0,,0,0,1.7746,0,,159.26953125,1,
preprocess,real,"crop:05.jpg:125,124,320,435",0,,0,1,1.7895,0,,159.26953125,1,
preprocess,real,page:09.jpg,0,,1,0,12.7883,0,,159.26953125,1,
preprocess,real,page:09.jpg,0,,0,0,15.3136,0,,159.26953125,1,
preprocess,real,page:09.jpg,0,,0,1,14.9948,0,,159.26953125,1,
preprocess,real,"crop:09.jpg:840,960,992,1249",0,,1,0,1.5861,0,,159.26953125,1,
preprocess,real,"crop:09.jpg:840,960,992,1249",0,,0,0,1.6266,0,,159.26953125,1,
preprocess,real,"crop:09.jpg:840,960,992,1249",0,,0,1,1.8308,0,,159.26953125,1,
preprocess,real,page:14.jpg,0,,1,0,15.159,0,,159.2734375,1,
preprocess,real,page:14.jpg,0,,0,0,12.0918,0,,159.2734375,1,
preprocess,real,page:14.jpg,0,,0,1,13.4031,0,,159.2734375,1,
preprocess,real,"crop:14.jpg:795,1058,1005,1371",0,,1,0,0.9925,0,,159.2734375,1,
preprocess,real,"crop:14.jpg:795,1058,1005,1371",0,,0,0,1.1309,0,,159.2734375,1,
preprocess,real,"crop:14.jpg:795,1058,1005,1371",0,,0,1,0.9409,0,,159.2734375,1,
preprocess,real,page:18.jpg,0,,1,0,15.0489,0,,159.2734375,1,
preprocess,real,page:18.jpg,0,,0,0,13.0938,0,,159.2734375,1,
preprocess,real,page:18.jpg,0,,0,1,12.4787,0,,159.2734375,1,
preprocess,real,"crop:18.jpg:850,490,1024,767",0,,1,0,1.4317,0,,159.2734375,1,
preprocess,real,"crop:18.jpg:850,490,1024,767",0,,0,0,1.6217,0,,159.27734375,1,
preprocess,real,"crop:18.jpg:850,490,1024,767",0,,0,1,2.3003,0,,159.27734375,1,
preprocess,real,page:23.jpg,0,,1,0,13.9253,0,,159.27734375,1,
preprocess,real,page:23.jpg,0,,0,0,14.5788,0,,159.27734375,1,
preprocess,real,page:23.jpg,0,,0,1,12.4206,0,,159.27734375,1,
preprocess,real,"crop:23.jpg:664,132,841,413",0,,1,0,0.8662,0,,159.27734375,1,
preprocess,real,"crop:23.jpg:664,132,841,413",0,,0,0,1.1076,0,,159.27734375,1,
preprocess,real,"crop:23.jpg:664,132,841,413",0,,0,1,0.8472,0,,159.27734375,1,
preprocess,real,page:27.jpg,0,,1,0,10.9218,0,,159.27734375,1,
preprocess,real,page:27.jpg,0,,0,0,10.7836,0,,159.27734375,1,
preprocess,real,page:27.jpg,0,,0,1,11.2042,0,,159.28125,1,
preprocess,real,"crop:27.jpg:394,1158,579,1465",0,,1,0,1.1327,0,,159.28125,1,
preprocess,real,"crop:27.jpg:394,1158,579,1465",0,,0,0,1.0929,0,,159.28125,1,
preprocess,real,"crop:27.jpg:394,1158,579,1465",0,,0,1,0.8897,0,,159.28125,1,
preprocess,real,page:32.jpg,0,,1,0,11.8884,0,,159.28125,1,
preprocess,real,page:32.jpg,0,,0,0,12.7133,0,,159.28125,1,
preprocess,real,page:32.jpg,0,,0,1,10.8749,0,,159.28125,1,
preprocess,real,"crop:32.jpg:839,304,1069,748",0,,1,0,1.1858,0,,159.28125,1,
preprocess,real,"crop:32.jpg:839,304,1069,748",0,,0,0,1.3076,0,,159.28125,1,
preprocess,real,"crop:32.jpg:839,304,1069,748",0,,0,1,1.1319,0,,159.28125,1,
